time,open,high,low,close,volume
1621828800,193.86666870117188,204.82666015625,191.21665954589844,202.14666748046875,103674300
1621915200,202.43666076660156,204.663330078125,198.57000732421875,201.56333923339844,84017700
1622001600,202.52000427246094,208.72332763671875,200.5,206.3766632080078,85917900
1622088000,206.74667358398438,210.3766632080078,205.40333557128906,210.28334045410156,79111800
1622174400,209.5,211.8633270263672,207.4600067138672,208.4066619873047,68211000
1622520000,209.26666259765625,211.26666259765625,206.85000610351562,207.96665954589844,54254700
1622606400,206.7100067138672,207.7866668701172,199.7133331298828,201.7066650390625,69908400
1622692800,200.60000610351562,201.51666259765625,190.4066619873047,190.94667053222656,90335700
1622779200,193.23666381835938,200.20333862304688,192.39999389648438,199.68333435058594,72110700
1623038400,197.27667236328125,203.3333282470703,194.2933349609375,201.7100067138672,67631100
1623124800,207.6699981689453,207.69667053222656,198.5,201.19667053222656,78160200
1623211200,200.72332763671875,203.92999267578125,199.2100067138672,199.5933380126953,49753800
1623297600,201.2933349609375,205.52999877929688,200.1666717529297,203.3733367919922,71758800
1623384000,203.41000366210938,204.18666076660156,200.5066680908203,203.29666137695312,48615900
1623643200,204.07666015625,208.49667358398438,203.05999755859375,205.89666748046875,61272000
1623729600,205.56333923339844,205.59666442871094,199.41000366210938,199.7866668701172,53292300
1623816000,199.17999267578125,202.8333282470703,197.8333282470703,201.6233367919922,66432300
1623902400,200.6300048828125,207.1566619873047,200.44667053222656,205.53334045410156,68104200
1623988800,204.4566650390625,209.4499969482422,203.93333435058594,207.77000427246094,73682700
1624248000,208.16000366210938,210.4633331298828,202.9600067138672,206.94332885742188,74438100
1624334400,206.0833282470703,209.52333068847656,205.1666717529297,207.90333557128906,57476700
1624420800,210.6666717529297,219.06666564941406,210.01333618164062,218.85667419433594,93297600
1624507200,224.99667358398438,232.5399932861328,222.5366668701172,226.60667419433594,137947200
1624593600,229.86000061035156,231.27000427246094,222.89999389648438,223.9566650390625,97490100
1624852800,223.8800048828125,231.56666564941406,223.44000244140625,229.57333374023438,64884600
1624939200,228.21665954589844,229.1699981689453,225.29666137695312,226.9199981689453,52143900
1625025600,226.58999633789062,230.93666076660156,226.04666137695312,226.56666564941406,56774700
1625112000,227.97332763671875,229.3300018310547,224.26666259765625,225.97332763671875,55903500
1625198400,226.32666015625,233.3333282470703,224.4199981689453,226.3000030517578,81163500
1625544000,227.23666381835938,228.0,217.13333129882812,219.86000061035156,69853500
1625630400,221.42333984375,221.89999389648438,212.77333068847656,214.88333129882812,56376000
1625716800,209.4566650390625,218.14332580566406,206.82000732421875,217.60333251953125,68319900
1625803200,217.72666931152344,219.6366729736328,214.89666748046875,218.98333740234375,54421500
1626062400,220.73333740234375,229.0800018310547,220.72000122070312,228.56666564941406,77781000
1626148800,228.77333068847656,231.0933380126953,222.10000610351562,222.84666442871094,62898300
1626235200,223.5833282470703,226.20333862304688,217.6133270263672,217.7933349609375,64923600
1626321600,219.4633331298828,222.04666137695312,212.6266632080078,216.86666870117188,60628800
1626408000,218.22666931152344,218.89999389648438,214.06666564941406,214.74000549316406,49113000
1626667200,209.9633331298828,215.73333740234375,207.09666442871094,215.4066619873047,63891300
1626753600,217.3300018310547,220.79666137695312,213.5,220.1666717529297,46461300
1626840000,219.8699951171875,221.6199951171875,216.76333618164062,218.42999267578125,41859900
1626926400,218.81333923339844,220.72332763671875,214.86666870117188,216.4199981689453,45317100
1627012800,215.45333862304688,216.26666259765625,212.43333435058594,214.4600067138672,43814700
1627272000,216.99000549316406,222.73333740234375,215.70333862304688,219.2066650390625,76009800
1627358400,221.13333129882812,222.1666717529297,209.0800018310547,214.92666625976562,98439900
1627444800,215.6666717529297,218.32333374023438,213.13333129882812,215.66000366210938,48019800
1627531200,216.59666442871094,227.89666748046875,216.26666259765625,225.78334045410156,91183800
1627617600,223.9199981689453,232.50999450683594,223.0,229.06666564941406,88969200
1627876800,233.3333282470703,242.31333923339844,232.8000030517578,236.55667114257812,100847400
1627963200,239.6666717529297,240.88333129882812,233.6699981689453,236.5800018310547,64860900
1628049600,237.0,241.63333129882812,236.30999755859375,236.97332763671875,51007800
1628136000,238.6666717529297,240.31666564941406,237.1366729736328,238.2100067138672,38758800
1628222400,237.3000030517578,238.77667236328125,232.5433349609375,233.03334045410156,46869000
1628481600,236.72332763671875,239.67666625976562,235.0433349609375,237.9199981689453,44145900
1628568000,237.99667358398438,238.8633270263672,233.9600067138672,236.663330078125,40296900
1628654400,237.57000732421875,238.39332580566406,234.73666381835938,235.94000244140625,29401800
1628740800,235.44667053222656,240.93333435058594,233.13333129882812,240.75,52377300
1628827200,241.23666381835938,243.3000030517578,238.1133270263672,239.05667114257812,50194500
1629086400,235.02333068847656,236.5,225.46665954589844,228.72332763671875,68032200
1629172800,224.22000122070312,224.86000061035156,216.27999877929688,221.90333557128906,71163900
1629259200,223.25,231.92333984375,223.11666870117188,229.663330078125,61048200
1629345600,226.07000732421875,228.85000610351562,222.52999877929688,224.49000549316406,42940500
1629432000,227.61666870117188,230.7100067138672,224.56666564941406,226.75332641601562,44525700
1629691200,228.47999572753906,237.3766632080078,226.9166717529297,235.43333435058594,60794700
1629777600,236.89332580566406,238.4066619873047,234.2133331298828,236.163330078125,39249300
1629864000,235.67666625976562,238.99000549316406,234.6666717529297,237.06666564941406,37936800
1629950400,236.10333251953125,238.46665954589844,232.5399932861328,233.72000122070312,39642900
1630036800,235.0,238.3333282470703,234.03334045410156,237.30667114257812,41501400
1630296000,238.24000549316406,243.6666717529297,237.57666015625,243.6366729736328,55812600
1630382400,244.3333282470703,246.79666137695312,242.14666748046875,245.24000549316406,62566200
1630468800,244.69332885742188,247.3300018310547,243.7566680908203,244.69667053222656,39612900
1630555200,244.8333282470703,246.99000549316406,243.51333618164062,244.1300048828125,38331900
1630641600,244.0833282470703,244.6666717529297,241.39999389648438,244.52333068847656,45738300
1630987200,246.6666717529297,253.39999389648438,246.4199981689453,250.97332763671875,60119400
1631073600,253.86000061035156,254.81666564941406,246.92333984375,251.2899932861328,56379000
1631160000,251.1366729736328,254.03334045410156,250.5433349609375,251.6199951171875,42233100
1631246400,253.1999969482422,254.20333862304688,244.83999633789062,245.42333984375,45552600
1631505600,246.73666381835938,248.25999450683594,236.28334045410156,247.6666717529297,68857500
1631592000,247.52333068847656,251.49000549316406,245.46665954589844,248.163330078125,55574700
1631678400,248.3333282470703,252.2866668701172,246.1199951171875,251.94332885742188,46073100
1631764800,250.94332885742188,252.97000122070312,249.20333862304688,252.3300018310547,41770200
1631851200,252.38333129882812,253.67999267578125,250.0,253.163330078125,84612600
1632110400,244.85333251953125,247.3333282470703,239.5399932861328,243.38999938964844,74273100
1632196800,244.92999267578125,248.24667358398438,243.47999572753906,246.4600067138672,48992100
1632283200,247.8433380126953,251.22332763671875,246.3733367919922,250.64666748046875,45378900
1632369600,251.6666717529297,252.73333740234375,249.30667114257812,251.2133331298828,35842500
1632456000,248.6300048828125,258.26666259765625,248.18666076660156,258.1300048828125,64119000
1632715200,257.7066650390625,266.3333435058594,256.4366760253906,263.78668212890625,84212100
1632801600,262.3999938964844,265.21331787109375,255.39332580566406,259.1866760253906,76144200
1632888000,259.9333190917969,264.5,256.8933410644531,260.4366760253906,62828700
1632974400,260.3333435058594,263.0433349609375,258.3333435058594,258.49334716796875,53868000
1633060800,259.4666748046875,260.260009765625,254.52999877929688,258.40667724609375,51094200
1633320000,265.5,268.989990234375,258.7066650390625,260.510009765625,91449900
1633406400,261.6000061035156,265.7699890136719,258.0666809082031,260.1966552734375,55297800
1633492800,258.73333740234375,262.2200012207031,257.739990234375,260.9166564941406,43898400
1633579200,261.82000732421875,268.3333435058594,261.1266784667969,264.53668212890625,57587400
1633665600,265.4033203125,265.4599914550781,260.3033447265625,261.8299865722656,50215800
1633924800,262.54998779296875,267.0799865722656,261.8333435058594,263.9800109863281,42600900
1634011200,266.9766540527344,270.7733459472656,265.5233459472656,268.5733337402344,66060000
1634097600,270.15667724609375,271.8033447265625,268.59332275390625,270.3599853515625,42360300
1634184000,271.8299865722656,273.4166564941406,271.1166687011719,272.7733459472656,36741600
1634270400,274.5799865722656,281.07000732421875,274.1166687011719,281.010009765625,56773800
1634529600,283.92999267578125,291.7533264160156,283.8233337402344,290.03668212890625,72621600
1634616000,292.510009765625,292.6499938964844,287.5033264160156,288.0899963378906,52143300
1634702400,288.45001220703125,289.8299865722656,285.7933349609375,288.6000061035156,42096300
1634788800,285.3333435058594,300.0,285.1666564941406,298.0,94444500
1634875200,298.5,303.3333435058594,296.9866638183594,303.2266540527344,68642400
1635134400,316.84332275390625,348.3399963378906,314.73333740234375,341.6199951171875,188556300
1635220800,341.5633239746094,364.9800109863281,333.8133239746094,339.4766540527344,187245000
1635307200,346.5533447265625,356.9599914550781,343.59332275390625,345.9533386230469,115579500
1635393600,356.10333251953125,360.3333435058594,351.3999938964844,359.0133361816406,81639600
1635480000,360.6199951171875,371.7366638183594,357.7366638183594,371.3333435058594,89755200
1635739200,381.6666564941406,403.25,372.88665771484375,402.86334228515625,168146100
1635825600,386.4533386230469,402.86334228515625,382.0,390.6666564941406,128213400
1635912000,392.4433288574219,405.1300048828125,384.2066650390625,404.6199951171875,103885500
1635998400,411.4700012207031,414.4966735839844,405.6666564941406,409.9700012207031,76192200
1636084800,409.3333435058594,413.2900085449219,402.6666564941406,407.36334228515625,64886400
1636347600,383.2633361816406,399.0,377.6666564941406,387.64666748046875,100337100
1636434000,391.20001220703125,391.5,337.17333984375,341.1666564941406,177317400
1636520400,336.8033447265625,359.3666687011719,329.10333251953125,355.98333740234375,128408100
1636606800,367.5899963378906,368.3233337402344,351.55999755859375,354.5033264160156,67189800
1636693200,349.1666564941406,351.5,339.73333740234375,344.47332763671875,76719300
1636952400,339.2099914550781,343.99334716796875,326.20001220703125,337.7966613769531,104326800
1637038800,334.4366760253906,352.3999938964844,334.05999755859375,351.57666015625,79627200
1637125200,354.5033264160156,373.21331787109375,351.8333435058594,363.0033264160156,94336200
1637211600,368.8500061035156,370.6666564941406,358.3399963378906,365.4599914550781,62696700
1637298000,366.2900085449219,379.5733337402344,364.23333740234375,379.0199890136719,64926900
1637557200,387.4433288574219,400.6499938964844,377.4766540527344,385.6233215332031,99217500
1637643600,389.1700134277344,393.5,354.23333740234375,369.6766662597656,108515100
1637730000,360.1300048828125,377.5899963378906,354.0,372.0,67680600
1637902800,366.489990234375,369.59332275390625,360.3333435058594,360.6400146484375,35042700
1638162000,366.9966735839844,380.8900146484375,366.7300109863281,378.9966735839844,58393500
1638248400,381.4566650390625,389.3333435058594,372.6666564941406,381.586669921875,81276000
1638334800,386.8999938964844,390.9466552734375,363.586669921875,365.0,68450400
1638421200,366.35333251953125,371.0,352.2166748046875,361.5333251953125,73114800
1638507600,361.5966796875,363.52667236328125,333.4033203125,338.3233337402344,92322000
1638766800,333.836669921875,340.5466613769531,316.8333435058594,336.336669921875,81663000
1638853200,348.0666809082031,352.5566711425781,342.2699890136719,350.5833435058594,56084700
1638939600,350.9033203125,357.4599914550781,344.3333435058594,356.32000732421875,41906400
1639026000,353.5466613769531,354.163330078125,334.1199951171875,334.6000061035156,59438400
1639112400,336.25,340.32666015625,327.510009765625,339.010009765625,59664300
1639371600,333.6966552734375,335.0,317.1400146484375,322.13665771484375,78595500
1639458000,315.0,322.13665771484375,310.0,319.5033264160156,70806300
1639544400,317.7366638183594,326.25,309.4166564941406,325.3299865722656,75169200
1639630800,331.5,331.6600036621094,307.2833251953125,308.97332763671875,82771500
1639717200,304.92333984375,320.2200012207031,303.0133361816406,310.8566589355469,100437300
1639976400,303.5666809082031,307.2300109863281,297.7966613769531,299.9800109863281,56480100
1640062800,305.6233215332031,313.1666564941406,295.3733215332031,312.84332275390625,71517900
1640149200,321.88665771484375,338.5533447265625,319.01666259765625,336.2900085449219,93634200
1640235600,335.6000061035156,357.6600036621094,332.5199890136719,355.6666564941406,92713200
1640581200,357.8900146484375,372.3333435058594,356.90667724609375,364.64666748046875,71145900
1640667600,369.8299865722656,373.0,359.47332763671875,362.8233337402344,60324000
1640754000,366.21331787109375,368.0,354.71331787109375,362.0633239746094,56154000
1640840400,353.77667236328125,365.1833190917969,351.04998779296875,356.7799987792969,47040900
1640926800,357.8133239746094,360.6666564941406,351.5299987792969,352.260009765625,40733700
1641186000,382.5833435058594,400.3566589355469,378.67999267578125,399.9266662597656,103931400
1641272400,396.51666259765625,402.6666564941406,374.3500061035156,383.1966552734375,100248300
1641358800,382.2166748046875,390.11334228515625,360.336669921875,362.7066650390625,80119800
1641445200,359.0,362.6666564941406,340.1666564941406,354.8999938964844,90336600
1641531600,360.1233215332031,360.30999755859375,336.6666564941406,342.32000732421875,84164700
1641790800,333.3333435058594,353.0333251953125,326.6666564941406,352.7066650390625,91815000
1641877200,351.22332763671875,358.6166687011719,346.2733459472656,354.79998779296875,66063300
1641963600,359.6166687011719,371.61334228515625,357.5299987792969,368.739990234375,83739000
1642050000,369.69000244140625,371.8666687011719,342.17999267578125,343.85333251953125,97209900
1642136400,339.9599914550781,350.6666564941406,337.7933349609375,349.8699951171875,72924300
1642482000,342.2033386230469,356.92999267578125,338.6866760253906,343.5033264160156,66743400
1642568400,347.2366638183594,351.5566711425781,331.6666564941406,331.8833312988281,75442500
1642654800,336.57666015625,347.2200012207031,331.3333435058594,332.0899963378906,70488600
1642741200,332.11334228515625,334.8500061035156,313.5,314.6333312988281,103416000
1643000400,301.586669921875,311.1700134277344,283.8233337402344,310.0,151565700
1643086800,304.73333740234375,317.086669921875,301.07000732421875,306.1333312988281,86595900
1643173200,317.4766540527344,329.2300109863281,302.0,312.4700012207031,104867400
1643259600,311.1199951171875,311.7966613769531,276.3333435058594,276.3666687011719,147109500
1643346000,277.1866760253906,285.8333435058594,264.0033264160156,282.1166687011719,134789100
1643605200,290.9033203125,312.663330078125,287.3500061035156,312.239990234375,104436000
1643691600,311.7366638183594,314.5666809082031,301.6666564941406,310.4166564941406,73138200
1643778000,309.3933410644531,310.5,296.4700012207031,301.88665771484375,66792900
1643864400,294.0,312.3333435058594,293.50665283203125,297.0466613769531,78855600
1643950800,299.0733337402344,312.1666564941406,293.72332763671875,307.7733459472656,73625400
1644210000,307.92999267578125,315.92333984375,300.9033203125,302.4466552734375,60994500
1644296400,301.84332275390625,308.7633361816406,298.26666259765625,307.3333435058594,50729100
1644382800,311.6666564941406,315.42333984375,306.6666564941406,310.6666564941406,52259400
1644469200,302.7900085449219,314.60333251953125,298.8999938964844,301.51666259765625,66126900
1644555600,303.2099914550781,305.32000732421875,283.5666809082031,286.6666564941406,79645800
1644814800,287.19000244140625,299.6266784667969,284.3833312988281,291.9200134277344,67756500
1644901200,300.0,307.6666564941406,297.7933349609375,307.4766540527344,57286200
1644987600,304.6833190917969,308.80999755859375,300.4033203125,307.7966613769531,51294300
1645074000,304.4200134277344,306.1666564941406,291.3666687011719,292.1166687011719,55178400
1645160400,295.3333435058594,295.6233215332031,279.2033386230469,285.6600036621094,68501700
1645506000,278.0433349609375,285.57666015625,267.0333251953125,273.84332275390625,83288100
1645592400,276.80999755859375,278.4333190917969,253.52000427246094,254.67999267578125,95256900
1645678800,233.4633331298828,267.49334716796875,233.3333282470703,266.92333984375,135322200
1645765200,269.74334716796875,273.1666564941406,260.79998779296875,269.9566650390625,76067700
1646024400,271.6700134277344,292.28668212890625,271.57000732421875,290.1433410644531,99006900
1646110800,289.8933410644531,296.6266784667969,284.59332275390625,288.1233215332031,74766900
1646197200,290.7099914550781,295.49334716796875,281.42333984375,293.2966613769531,74643300
1646283600,292.92333984375,295.4800109863281,277.5333251953125,279.7633361816406,61623600
1646370000,283.0333251953125,285.2166748046875,275.0533447265625,279.42999267578125,66999600
1646629200,285.4333190917969,288.71331787109375,268.19000244140625,268.1933288574219,72494100
1646715600,265.1766662597656,283.3299865722656,260.72332763671875,274.79998779296875,80399100
1646802000,279.82666015625,286.85333251953125,277.336669921875,286.3233337402344,59184000
1646888400,283.8166809082031,284.8166809082031,270.1199951171875,279.4333190917969,58648500
1646974800,280.0666809082031,281.26666259765625,264.5899963378906,265.1166687011719,67037100
1647230400,260.2033386230469,266.8999938964844,252.01333618164062,255.4566650390625,71152200
1647316800,258.42333984375,268.5233459472656,252.19000244140625,267.2966613769531,66841200
1647403200,269.6666564941406,280.6666564941406,267.4200134277344,280.07666015625,84028800
1647489600,276.9966735839844,291.6666564941406,275.239990234375,290.5333251953125,66582900
1647576000,291.4966735839844,302.6166687011719,289.1300048828125,301.7966613769531,100414200
1647835200,304.99334716796875,314.2833251953125,302.36334228515625,307.0533447265625,81981600
1647921600,310.0,332.6199951171875,307.25,331.32666015625,105868500
1648008000,326.64666748046875,346.8999938964844,325.4666748046875,333.03668212890625,120676200
1648094400,336.57666015625,341.4966735839844,329.6000061035156,337.97332763671875,68920800
1648180800,336.0,340.6000061035156,332.44000244140625,336.8800048828125,62031600
1648440000,355.0333251953125,365.9599914550781,351.20001220703125,363.9466552734375,102506100
1648526400,369.3299865722656,371.5899963378906,357.7033386230469,366.5233459472656,73614900
1648612800,363.72332763671875,371.3166809082031,361.3333435058594,364.663330078125,59865000
1648699200,364.8566589355469,367.71331787109375,358.8800048828125,359.20001220703125,48992700
1648785600,360.3833312988281,364.9166564941406,355.5466613769531,361.5299987792969,54263100
1649044800,363.1266784667969,383.3033447265625,357.510009765625,381.8166809082031,82035900
1649131200,378.76666259765625,384.2900085449219,362.4333190917969,363.7533264160156,80075100
1649217600,357.8233337402344,359.6666564941406,342.5666809082031,348.586669921875,89348400
1649304000,350.7966613769531,358.86334228515625,340.5133361816406,352.4200134277344,79447200
1649390400,347.7366638183594,349.4800109863281,340.8133239746094,341.8299865722656,55013700
1649649600,326.79998779296875,336.15667724609375,324.8800048828125,325.30999755859375,59357100
1649736000,332.5466613769531,340.39666748046875,325.5333251953125,328.98333740234375,65976000
1649822400,327.02667236328125,342.0799865722656,324.3666687011719,340.7900085449219,55121100
1649908800,333.0966796875,337.57000732421875,327.39666748046875,328.3333435058594,58422300
1650254400,329.6766662597656,338.3066711425781,324.4700012207031,334.7633361816406,51715200
1650340800,335.0199890136719,344.9800109863281,331.77667236328125,342.7166748046875,49847700
1650427200,343.3333435058594,344.6666564941406,325.0833435058594,325.73333740234375,70711200
1650513600,358.24334716796875,364.0733337402344,332.1400146484375,336.260009765625,105416400
1650600000,338.3033447265625,344.95001220703125,331.3333435058594,335.01666259765625,69696600
1650859200,326.3233337402344,336.2066650390625,325.1000061035156,332.67333984375,68341200
1650945600,331.80999755859375,333.3333435058594,291.6666564941406,292.1400146484375,136133700
1651032000,299.52667236328125,306.0,292.4533386230469,293.836669921875,76956300
1651118400,299.99334716796875,300.0,273.8999938964844,292.5033264160156,124948500
1651204800,300.75,311.4666748046875,290.0,290.2533264160156,88133100
1651464000,286.92333984375,302.1199951171875,282.6766662597656,300.9800109863281,75781500
1651550400,301.05999755859375,308.02667236328125,296.1966552734375,303.0833435058594,63709500
1651636800,301.3133239746094,318.5,295.09332275390625,317.5400085449219,81643800
1651723200,313.00665283203125,315.20001220703125,285.8999938964844,291.09332275390625,92519100
1651809600,295.6666564941406,296.0,281.03668212890625,288.54998779296875,72903000
1652068800,278.8166809082031,281.8766784667969,260.3833312988281,262.3699951171875,90810300
1652155200,273.10333251953125,275.1199951171875,258.0833435058594,266.67999267578125,84401700
1652241600,265.0,269.92333984375,242.39999389648438,244.6666717529297,97224600
1652328000,233.6666717529297,253.22000122070312,226.6666717529297,242.6666717529297,140313000
1652414400,257.82666015625,262.45001220703125,250.52333068847656,256.5299987792969,92150700
1652673600,255.72000122070312,256.586669921875,239.69667053222656,241.4566650390625,86098500
1652760000,249.1199951171875,254.82666015625,242.9499969482422,253.8699951171875,80236200
1652846400,248.17333984375,253.5,233.60333251953125,236.60333251953125,87811800
1652932800,235.6666717529297,244.6666717529297,231.3699951171875,236.47332763671875,90296700
1653019200,237.99667358398438,240.52667236328125,211.0,221.3000030517578,144973200
1653278400,218.33999633789062,226.65333557128906,212.68666076660156,224.96665954589844,88903500
1653364800,217.8433380126953,217.97332763671875,206.85667419433594,209.3866729736328,89092500
1653451200,207.9499969482422,223.10667419433594,207.6699981689453,219.60000610351562,92139300
1653537600,220.47332763671875,239.55667114257812,217.8866729736328,235.91000366210938,106003200
1653624000,241.0833282470703,253.26666259765625,240.17666625976562,253.2100067138672,89295000
1653969600,257.9466552734375,259.6000061035156,244.7433319091797,252.75332641601562,101914500
1654056000,251.72000122070312,257.32666015625,243.63999938964844,246.7899932861328,77247900
1654142400,244.1566619873047,264.2099914550781,242.06666564941406,258.3333435058594,93473100
1654228800,243.22666931152344,247.79666137695312,233.4166717529297,234.51666259765625,112393800
1654488000,244.35333251953125,244.86666870117188,234.35000610351562,238.27999877929688,84204600
1654574400,234.0,239.99667358398438,230.0933380126953,238.8866729736328,72808500
1654660800,240.086669921875,249.9633331298828,239.17666625976562,241.86666870117188,76210500
1654747200,249.33999633789062,255.54666137695312,239.32666015625,239.7066650390625,96491400
1654833600,235.1566619873047,239.5,227.913330078125,232.22999572753906,97536600
1655092800,223.1666717529297,226.63333129882812,214.68333435058594,215.73666381835938,102767400
1655179200,218.2866668701172,226.3300018310547,211.73666381835938,220.88999938964844,97988700
1655265600,220.9166717529297,235.663330078125,218.14999389648438,233.0,119131800
1655352000,222.73666381835938,225.1666717529297,208.69332885742188,213.10000610351562,107390700
1655438400,213.43333435058594,220.97000122070312,213.19667053222656,216.75999450683594,92641800
1655784000,224.60333251953125,243.57666015625,224.3333282470703,237.0366668701172,122793000
1655870400,234.50332641601562,246.8333282470703,233.82666015625,236.086669921875,101107500
1655956800,237.9066619873047,239.31666564941406,228.6366729736328,235.07000732421875,104202600
1656043200,237.47000122070312,246.06666564941406,236.086669921875,245.7066650390625,95770800
1656302400,249.36666870117188,252.07000732421875,242.56666564941406,244.9199981689453,89178300
1656388800,244.48333740234375,249.97000122070312,232.3433380126953,232.663330078125,90391200
1656475200,230.5,231.17333984375,222.27333068847656,228.49000549316406,82897200
1656561600,224.50999450683594,229.4566650390625,218.8633270263672,224.47332763671875,94600500
1656648000,227.0,230.22999572753906,222.1199951171875,227.26333618164062,74460300
1656993600,223.0,233.14666748046875,216.1666717529297,233.06666564941406,84581100
1657080000,230.77999877929688,234.56333923339844,227.18666076660156,231.73333740234375,71853600
1657166400,233.9199981689453,245.3633270263672,232.2100067138672,244.5433349609375,81930600
1657252800,242.3333282470703,254.97999572753906,241.16000366210938,250.76333618164062,101854200
1657512000,252.10333251953125,253.06333923339844,233.6266632080078,234.3433380126953,99241200
1657598400,236.84666442871094,239.77333068847656,228.3699951171875,233.07000732421875,87930900
1657684800,225.5,242.05999755859375,225.03334045410156,237.0399932861328,97954500
1657771200,234.89666748046875,238.65333557128906,229.3333282470703,238.31333923339844,78557400
1657857600,240.0,243.6233367919922,236.88999938964844,240.06666564941406,69683100
1658116800,244.93666076660156,250.51666259765625,239.60333251953125,240.54666137695312,82537500
1658203200,245.0,247.13999938964844,236.97666931152344,245.52999877929688,80890200
1658289600,246.78334045410156,250.663330078125,243.48333740234375,247.5,88864200
1658376000,255.10667419433594,273.26666259765625,254.86666870117188,271.7066650390625,142032300
1658462400,276.2200012207031,280.78668212890625,270.71331787109375,272.24334716796875,103472700
1658721600,272.2166748046875,274.14666748046875,267.3999938964844,268.4333190917969,64073400
1658808000,266.5133361816406,267.30999755859375,256.2633361816406,258.8599853515625,66820800
1658894400,263.80999755859375,275.9266662597656,261.7900085449219,274.82000732421875,88110000
1658980800,280.0666809082031,283.29998779296875,272.79998779296875,280.8999938964844,84723000
1659067200,280.70001220703125,298.32000732421875,279.1000061035156,297.1499938964844,95313000
1659326400,301.27667236328125,311.8766784667969,295.0,297.27667236328125,117042900
1659412800,294.0033264160156,307.8333435058594,292.6666564941406,300.586669921875,95577600
1659499200,305.0,309.54998779296875,301.1499938964844,307.39666748046875,80091000
1659585600,311.0,313.6066589355469,305.0,308.6333312988281,72256200
1659672000,302.6700134277344,304.6066589355469,285.5433349609375,288.1700134277344,113172900
1659931200,295.0,305.20001220703125,289.086669921875,290.42333984375,98994000
1660017600,290.2933349609375,292.39666748046875,279.35333251953125,283.3333435058594,86244600
1660104000,297.0666809082031,297.510009765625,283.3699951171875,294.3566589355469,94918800
1660190400,296.5133361816406,298.2366638183594,285.8333435058594,286.6300048828125,70155000
1660276800,289.4166564941406,300.1600036621094,285.0333251953125,300.0299987792969,79657200
1660536000,301.78668212890625,313.1333312988281,301.2300109863281,309.32000732421875,89359200
1660622400,311.6666564941406,314.6666564941406,302.8833312988281,306.5633239746094,88136400
1660708800,303.39666748046875,309.65667724609375,300.0333251953125,303.9966735839844,68766000
1660795200,306.0,306.5,301.85333251953125,302.8699951171875,47500500
1660881600,299.0,300.3599853515625,292.5,296.6666564941406,61395300
1661140800,291.913330078125,292.3999938964844,286.2966613769531,289.913330078125,55843200
1661227200,291.4533386230469,298.82666015625,287.92333984375,296.4533386230469,63984900
1661313600,297.5633239746094,303.64666748046875,296.5,297.0966796875,57259800
1661400000,302.3599853515625,302.9599914550781,291.6000061035156,296.07000732421875,53230000
1661486400,297.42999267578125,302.0,287.4700012207031,288.0899963378906,57163900
1661745600,282.8299865722656,287.739990234375,280.70001220703125,284.82000732421875,41864700
1661832000,287.8699951171875,288.4800109863281,272.6499938964844,277.70001220703125,50541800
1661918400,280.6199951171875,281.25,271.80999755859375,275.6099853515625,52107300
1662004800,272.5799865722656,277.5799865722656,266.1499938964844,277.1600036621094,54287000
1662091200,281.07000732421875,282.3500061035156,269.0799865722656,270.2099914550781,50890100
1662436800,272.67999267578125,275.989990234375,265.739990234375,274.4200134277344,55860000
1662523200,273.1000061035156,283.8399963378906,272.2699890136719,283.70001220703125,50028900
1662609600,281.29998779296875,289.5,279.760009765625,289.260009765625,53713100
1662696000,291.6700134277344,299.8500061035156,291.25,299.67999267578125,54338100
1662955200,300.7200012207031,305.489990234375,300.3999938964844,304.4200134277344,48674600
1663041600,292.8999938964844,297.3999938964844,290.3999938964844,292.1300048828125,68229600
1663128000,292.239990234375,306.0,291.6400146484375,302.6099853515625,72628700
1663214400,301.8299865722656,309.1199951171875,300.7200012207031,303.75,64795500
1663300800,299.6099853515625,303.7099914550781,295.6000061035156,303.3500061035156,87087800
1663560000,300.0899963378906,309.8399963378906,297.79998779296875,309.07000732421875,60231200
1663646400,306.9100036621094,313.3299865722656,305.5799865722656,308.7300109863281,61642800
1663732800,308.2900085449219,313.79998779296875,300.6300048828125,300.79998779296875,62555700
1663819200,299.8599853515625,301.2900085449219,285.82000732421875,288.5899963378906,70545400
1663905600,283.0899963378906,284.5,272.82000732421875,275.3299865722656,63748400
1664164800,271.8299865722656,284.0899963378906,270.30999755859375,276.010009765625,58076900
1664251200,283.8399963378906,288.6700134277344,277.510009765625,282.94000244140625,61925200
1664337600,283.0799865722656,289.0,277.57000732421875,287.80999755859375,54664800
1664424000,282.760009765625,283.6499938964844,265.7799987792969,268.2099914550781,77620600
1664510400,266.1499938964844,275.57000732421875,262.4700012207031,265.25,67726600
1664769600,254.5,255.16000366210938,241.00999450683594,242.39999389648438,98363500
1664856000,250.52000427246094,257.5,242.00999450683594,249.44000244140625,109578500
1664942400,245.00999450683594,246.6699981689453,233.27000427246094,240.80999755859375,86982700
1665028800,239.44000244140625,244.5800018310547,235.35000610351562,238.1300048828125,69298400
1665115200,233.94000244140625,234.57000732421875,222.02000427246094,223.07000732421875,83916800
1665374400,223.92999267578125,226.99000549316406,218.36000061035156,222.9600067138672,67925000
1665460800,220.9499969482422,225.75,215.0,216.5,77013200
1665547200,215.3300018310547,219.3000030517578,211.50999450683594,217.24000549316406,66860700
1665633600,208.3000030517578,222.99000549316406,206.22000122070312,221.72000122070312,91483000
1665720000,224.00999450683594,226.25999450683594,204.16000366210938,204.99000549316406,94124500
1665979200,210.0399932861328,221.86000061035156,209.4499969482422,219.35000610351562,79428800
1666065600,229.5,229.82000732421875,217.25,220.19000244140625,75891900
1666152000,219.8000030517578,222.92999267578125,217.77999877929688,222.0399932861328,66571500
1666238400,208.27999877929688,215.5500030517578,202.0,207.27999877929688,117798100
1666324800,206.4199981689453,214.66000366210938,203.8000030517578,214.44000244140625,75713800
1666584000,205.82000732421875,213.5,198.58999633789062,211.25,100446800
1666670400,210.10000610351562,224.35000610351562,210.0,222.4199981689453,96507900
1666756800,219.39999389648438,230.60000610351562,218.1999969482422,224.63999938964844,85012500
1666843200,229.77000427246094,233.80999755859375,222.85000610351562,225.08999633789062,61638800
1666929600,225.39999389648438,228.86000061035156,216.35000610351562,228.52000427246094,69152400
1667188800,226.19000244140625,229.85000610351562,221.94000244140625,227.5399932861328,61554300
1667275200,234.0500030517578,237.39999389648438,227.27999877929688,227.82000732421875,62688800
1667361600,226.0399932861328,227.8699951171875,214.82000732421875,214.97999572753906,63070300
1667448000,211.36000061035156,221.1999969482422,210.13999938964844,215.30999755859375,56538800
1667534400,222.60000610351562,223.8000030517578,203.0800018310547,207.47000122070312,98622200
1667797200,208.64999389648438,208.89999389648438,196.66000366210938,197.0800018310547,93916500
1667883600,194.02000427246094,195.1999969482422,186.75,191.3000030517578,128803400
1667970000,190.77999877929688,195.88999938964844,177.1199951171875,177.58999633789062,127062700
1668056400,189.89999389648438,191.0,180.02999877929688,190.72000122070312,132703000
1668142800,186.0,196.52000427246094,182.58999633789062,195.97000122070312,114403600
1668402000,192.77000427246094,195.72999572753906,186.33999633789062,190.9499969482422,92226600
1668488400,195.8800048828125,200.82000732421875,192.05999755859375,194.4199981689453,91293800
1668574800,191.50999450683594,192.57000732421875,185.66000366210938,186.9199981689453,66567600
1668661200,183.9600067138672,186.16000366210938,180.89999389648438,183.1699981689453,64336000
1668747600,185.0500030517578,185.19000244140625,176.5500030517578,180.19000244140625,76048900
1669006800,175.85000610351562,176.77000427246094,167.5399932861328,167.8699951171875,92882700
1669093200,168.6300048828125,170.9199981689453,166.19000244140625,169.91000366210938,78452300
1669179600,173.57000732421875,183.6199951171875,172.5,183.1999969482422,109536700
1669352400,185.05999755859375,185.1999969482422,180.6300048828125,182.86000061035156,50672700
1669611600,179.9600067138672,188.5,179.0,182.9199981689453,92905200
1669698000,184.99000549316406,186.3800048828125,178.75,180.8300018310547,83357100
1669784400,182.42999267578125,194.75999450683594,180.6300048828125,194.6999969482422,109186400
1669870800,197.0800018310547,198.9199981689453,191.8000030517578,194.6999969482422,80046200
1669957200,191.77999877929688,196.25,191.11000061035156,194.86000061035156,73645900
1670216400,189.44000244140625,191.27000427246094,180.5500030517578,182.4499969482422,93122700
1670302800,181.22000122070312,183.64999389648438,175.3300018310547,179.82000732421875,92150800
1670389200,175.02999877929688,179.3800048828125,172.22000122070312,174.0399932861328,84213300
1670475600,172.1999969482422,175.1999969482422,169.05999755859375,173.44000244140625,97624500
1670562000,173.83999633789062,182.5,173.36000061035156,179.0500030517578,104872300
1670821200,176.10000610351562,177.3699951171875,167.52000427246094,167.82000732421875,109794500
1670907600,174.8699951171875,175.0500030517578,156.91000366210938,160.9499969482422,175862700
1670994000,159.25,161.6199951171875,155.30999755859375,156.8000030517578,140682300
1671080400,153.44000244140625,160.92999267578125,153.27999877929688,157.6699981689453,122334500
1671166800,159.63999938964844,160.99000549316406,150.0399932861328,150.22999572753906,139032200
1671426000,154.0,155.25,145.82000732421875,149.8699951171875,139390600
1671512400,146.0500030517578,148.47000122070312,137.66000366210938,137.8000030517578,159563300
1671598800,139.33999633789062,141.25999450683594,135.88999938964844,137.57000732421875,145417400
1671685200,136.0,136.6300048828125,122.26000213623047,125.3499984741211,210090300
1671771600,126.37000274658203,128.6199951171875,121.0199966430664,123.1500015258789,166989700
1672117200,117.5,119.66999816894531,108.76000213623047,109.0999984741211,208643400
1672203600,110.3499984741211,116.2699966430664,108.23999786376953,112.70999908447266,221070500
1672290000,120.38999938964844,123.56999969482422,117.5,121.81999969482422,221923300
1672376400,119.94999694824219,124.4800033569336,119.75,123.18000030517578,157777300
1672722000,118.47000122070312,118.80000305175781,104.63999938964844,108.0999984741211,231402800
1672808400,109.11000061035156,114.58999633789062,107.5199966430664,113.63999938964844,180389000
1672894800,110.51000213623047,111.75,107.16000366210938,110.33999633789062,157986300
1672981200,103.0,114.38999938964844,101.80999755859375,113.05999755859375,220911100
1673240400,118.95999908447266,123.5199966430664,117.11000061035156,119.7699966430664,190284000
1673326800,121.06999969482422,122.76000213623047,114.91999816894531,118.8499984741211,167642500
1673413200,122.08999633789062,125.94999694824219,120.51000213623047,123.22000122070312,183810800
1673499600,122.55999755859375,124.12999725341797,117.0,123.55999755859375,169400900
1673586000,116.55000305175781,122.62999725341797,115.5999984741211,122.4000015258789,180714100
1673931600,125.69999694824219,131.6999969482422,125.0199966430664,131.49000549316406,186477000
1674018000,136.55999755859375,136.67999267578125,127.01000213623047,128.77999877929688,195680300
1674104400,127.26000213623047,129.99000549316406,124.30999755859375,127.16999816894531,170291900
1674190800,128.67999267578125,133.50999450683594,127.3499984741211,133.4199981689453,138858100
1674450000,135.8699951171875,145.3800048828125,134.27000427246094,143.75,203119200
1674536400,143.0,146.5,141.10000610351562,143.88999938964844,158699100
1674622800,141.91000366210938,146.41000366210938,138.07000732421875,144.42999267578125,192734300
1674709200,159.97000122070312,161.4199981689453,154.75999450683594,160.27000427246094,234815100
1674795600,162.42999267578125,180.67999267578125,161.1699981689453,177.89999389648438,306590600
1675054800,178.0500030517578,179.77000427246094,166.5,166.66000366210938,230878800
1675141200,164.57000732421875,174.3000030517578,162.77999877929688,173.22000122070312,196813500
1675227600,173.88999938964844,183.80999755859375,169.92999267578125,181.41000366210938,213806300
1675314000,187.3300018310547,196.75,182.61000061035156,188.27000427246094,217448300
1675400400,183.9499969482422,199.0,183.69000244140625,189.97999572753906,232662000
1675659600,193.00999450683594,198.1699981689453,189.9199981689453,194.75999450683594,186188100
1675746000,196.42999267578125,197.5,189.5500030517578,196.80999755859375,186010300
1675832400,196.10000610351562,203.0,194.30999755859375,201.2899932861328,180673600
1675918800,207.77999877929688,214.0,204.77000427246094,207.32000732421875,215431400
1676005200,202.22999572753906,206.1999969482422,192.88999938964844,196.88999938964844,204754100
1676264400,194.4199981689453,196.3000030517578,187.61000061035156,194.63999938964844,172475500
1676350800,191.94000244140625,209.82000732421875,189.44000244140625,209.25,216455700
1676437200,211.75999450683594,214.66000366210938,206.11000061035156,214.24000549316406,181006400
1676523600,210.77999877929688,217.64999389648438,201.83999633789062,202.0399932861328,229586500
1676610000,199.99000549316406,208.44000244140625,197.5,208.30999755859375,213738500
1676955600,204.99000549316406,209.7100067138672,197.22000122070312,197.3699951171875,180018600
1677042000,197.92999267578125,201.99000549316406,191.77999877929688,200.86000061035156,191828500
1677128400,203.91000366210938,205.13999938964844,196.3300018310547,202.07000732421875,146360000
1677214800,196.3300018310547,197.6699981689453,192.8000030517578,196.8800048828125,142228100
1677474000,202.02999877929688,209.4199981689453,201.25999450683594,207.6300048828125,161028300
1677560400,210.58999633789062,211.22999572753906,203.75,205.7100067138672,153144900
1677646800,206.2100067138672,207.1999969482422,198.52000427246094,202.77000427246094,156852800
1677733200,186.74000549316406,193.75,186.00999450683594,190.89999389648438,181500700
1677819600,194.8000030517578,200.47999572753906,192.8800048828125,197.7899932861328,154193300
1678078800,198.5399932861328,198.60000610351562,192.3000030517578,193.80999755859375,128100100
1678165200,191.3800048828125,194.1999969482422,186.10000610351562,187.7100067138672,148125800
1678251600,185.0399932861328,186.5,180.0,182.0,151897800
1678338000,180.25,185.17999267578125,172.50999450683594,172.9199981689453,170023800
1678424400,175.1300048828125,178.2899932861328,168.44000244140625,173.44000244140625,191488900
1678680000,167.4600067138672,177.35000610351562,163.91000366210938,174.47999572753906,167790300
1678766400,177.30999755859375,183.8000030517578,177.13999938964844,183.25999450683594,143717900
1678852800,180.8000030517578,182.33999633789062,176.02999877929688,180.4499969482422,145995600
1678939200,180.3699951171875,185.80999755859375,178.83999633789062,184.1300048828125,121136800
1679025600,184.52000427246094,186.22000122070312,177.3300018310547,180.1300048828125,133197100
1679284800,178.0800018310547,186.44000244140625,176.35000610351562,183.25,129684400
1679371200,188.27999877929688,198.0,188.0399932861328,197.5800018310547,153391400
1679457600,199.3000030517578,200.66000366210938,190.9499969482422,191.14999389648438,150376400
1679544000,195.25999450683594,199.30999755859375,188.64999389648438,192.22000122070312,144193900
1679630400,191.64999389648438,192.36000061035156,187.14999389648438,190.41000366210938,116312400
1679889600,194.4199981689453,197.38999938964844,189.94000244140625,191.80999755859375,120851600
1679976000,192.0,192.35000610351562,185.42999267578125,189.19000244140625,98654600
1680062400,193.1300048828125,195.2899932861328,189.44000244140625,193.8800048828125,123660000
1680148800,195.5800018310547,197.3300018310547,194.4199981689453,195.27999877929688,110252200
1680235200,197.52999877929688,207.7899932861328,197.1999969482422,207.4600067138672,170222100
1680494400,199.91000366210938,202.69000244140625,192.1999969482422,194.77000427246094,169545900
1680580800,197.32000732421875,198.74000549316406,190.32000732421875,192.5800018310547,126463800
1680667200,190.52000427246094,190.67999267578125,183.75999450683594,185.52000427246094,133882500
1680753600,183.0800018310547,186.38999938964844,179.74000549316406,185.05999755859375,123857900
1681099200,179.94000244140625,185.10000610351562,176.11000061035156,184.50999450683594,142154600
1681185600,186.69000244140625,189.19000244140625,185.64999389648438,186.7899932861328,115770900
1681272000,190.74000549316406,191.5800018310547,180.30999755859375,180.5399932861328,150256300
1681358400,182.9600067138672,186.5,180.94000244140625,185.89999389648438,112933000
1681444800,183.9499969482422,186.27999877929688,182.00999450683594,185.0,96438700
1681704000,186.32000732421875,189.69000244140625,182.69000244140625,187.0399932861328,116662200
1681790400,187.14999389648438,187.69000244140625,183.5800018310547,184.30999755859375,92067000
1681876800,179.10000610351562,183.5,177.64999389648438,180.58999633789062,125732700
1681963200,166.1699981689453,169.6999969482422,160.55999755859375,162.99000549316406,210970800
1682049600,164.8000030517578,166.0,161.32000732421875,165.0800018310547,123539000
1682308800,164.64999389648438,165.64999389648438,158.61000061035156,162.5500030517578,140006600
1682395200,159.82000732421875,163.47000122070312,158.75,160.6699981689453,121999300
1682481600,160.2899932861328,160.6699981689453,153.13999938964844,153.75,153364100
1682568000,152.63999938964844,160.47999572753906,152.3699951171875,160.19000244140625,127015200
1682654400,160.89999389648438,165.0,157.32000732421875,164.30999755859375,122515800
1682913600,163.1699981689453,163.27999877929688,158.8300018310547,161.8300018310547,109015000
1683000000,161.8800048828125,165.49000549316406,158.92999267578125,160.30999755859375,128259700
1683086400,160.00999450683594,165.0,159.91000366210938,160.61000061035156,119728000
1683172800,162.7100067138672,162.9499969482422,159.64999389648438,161.1999969482422,95108500
1683259200,163.97000122070312,170.7899932861328,163.50999450683594,170.05999755859375,107607300
1683518400,173.72000122070312,173.8000030517578,169.19000244140625,171.7899932861328,112249400
1683604800,168.9499969482422,169.82000732421875,166.55999755859375,169.14999389648438,88965000
1683691200,172.5500030517578,174.42999267578125,166.67999267578125,168.5399932861328,119840700
1683777600,168.6999969482422,173.57000732421875,166.7899932861328,172.0800018310547,103889900
1683864000,176.07000732421875,177.3800048828125,167.22999572753906,167.97999572753906,157849600
1684123200,167.66000366210938,169.75999450683594,164.5500030517578,166.35000610351562,105592500
1684209600,165.64999389648438,169.52000427246094,164.35000610351562,166.52000427246094,98288800
1684296000,168.41000366210938,174.5,167.19000244140625,173.86000061035156,125473600
1684382400,174.22000122070312,177.05999755859375,172.4499969482422,176.88999938964844,109520300
1684468800,177.1699981689453,181.9499969482422,176.30999755859375,180.13999938964844,136196700
1684728000,180.6999969482422,189.32000732421875,180.11000061035156,188.8699951171875,132001400
1684814400,186.1999969482422,192.9600067138672,185.25999450683594,185.77000427246094,156952100
1684900800,182.22999572753906,184.22000122070312,178.22000122070312,182.89999389648438,137605100
1684987200,186.5399932861328,186.77999877929688,180.5800018310547,184.47000122070312,96870700
1685073600,184.6199951171875,198.60000610351562,184.52999877929688,193.1699981689453,162061500
1685419200,200.10000610351562,204.47999572753906,197.52999877929688,201.16000366210938,128818700
1685505600,199.77999877929688,203.9499969482422,195.1199951171875,203.92999267578125,150711700
1685592000,202.58999633789062,209.8000030517578,199.3699951171875,207.52000427246094,148029900
1685678400,210.14999389648438,217.25,209.75,213.97000122070312,164398400
1685937600,217.8000030517578,221.2899932861328,214.52000427246094,217.61000061035156,151143100
1686024000,216.13999938964844,221.91000366210938,212.52999877929688,221.30999755859375,146911600
1686110400,228.0,230.8300018310547,223.1999969482422,224.57000732421875,185710800
1686196800,224.22000122070312,235.22999572753906,223.00999450683594,234.86000061035156,164489700
1686283200,249.07000732421875,252.4199981689453,242.02000427246094,244.39999389648438,200242400
1686542400,247.94000244140625,250.97000122070312,244.58999633789062,249.8300018310547,150337900
1686628800,253.50999450683594,259.67999267578125,251.33999633789062,258.7099914550781,162384300
1686715200,260.1700134277344,261.57000732421875,250.5,256.7900085449219,170575500
1686801600,248.39999389648438,258.95001220703125,247.2899932861328,255.89999389648438,160171200
1686888000,258.9200134277344,263.6000061035156,257.2099914550781,260.5400085449219,167915600
1687233600,261.5,274.75,261.1199951171875,274.45001220703125,165611200
1687320000,275.1300048828125,276.989990234375,257.7799987792969,259.4599914550781,211797100
1687406400,250.77000427246094,265.0,248.25,264.6099853515625,166875900
1687492800,259.2900085449219,262.45001220703125,252.8000030517578,256.6000061035156,177460800
1687752000,250.07000732421875,258.3699951171875,240.6999969482422,241.0500030517578,179990600
1687838400,243.24000549316406,250.38999938964844,240.85000610351562,250.2100067138672,164968200
1687924800,249.6999969482422,259.8800048828125,248.88999938964844,256.239990234375,159770800
1688011200,258.0299987792969,260.739990234375,253.61000061035156,257.5,131283400
1688097600,260.6000061035156,264.45001220703125,259.8900146484375,261.7699890136719,112620800
1688356800,276.489990234375,284.25,275.1099853515625,279.82000732421875,119685900
1688529600,278.82000732421875,283.8500061035156,277.6000061035156,282.4800109863281,131530900
1688616000,278.0899963378906,279.9700012207031,272.8800048828125,276.5400085449219,120332100
1688702400,278.42999267578125,280.7799987792969,273.7699890136719,274.42999267578125,113879200
1688961600,276.4700012207031,277.5199890136719,265.1000061035156,269.6099853515625,119425400
1689048000,268.6499938964844,270.8999938964844,266.3699951171875,269.7900085449219,91972400
1689134400,276.3299865722656,276.5199890136719,271.4599914550781,271.989990234375,95672100
1689220800,274.5899963378906,279.45001220703125,270.6000061035156,277.8999938964844,112681500
1689307200,277.010009765625,285.29998779296875,276.30999755859375,281.3800048828125,120062400
1689566400,286.6300048828125,292.2300109863281,283.57000732421875,290.3800048828125,131569600
1689652800,290.1499938964844,295.260009765625,286.010009765625,293.3399963378906,112120300
1689739200,296.0400085449219,299.2900085449219,289.5199890136719,291.260009765625,142355400
1689825600,279.55999755859375,280.92999267578125,261.20001220703125,262.8999938964844,175158300
1689912000,268.0,268.0,255.8000030517578,260.0199890136719,161796100
1690171200,255.85000610351562,269.8500061035156,254.1199951171875,269.05999755859375,136508500
1690257600,272.3800048828125,272.8999938964844,265.0,265.2799987792969,112757300
1690344000,263.25,268.0400085449219,261.75,264.3500061035156,95856200
1690430400,268.30999755859375,269.1300048828125,255.3000030517578,255.7100067138672,103697300
1690516800,259.8599853515625,267.25,258.2300109863281,266.44000244140625,111446000
1690776000,267.4800109863281,269.0799865722656,263.7799987792969,267.42999267578125,84582200
1690862400,266.260009765625,266.4700012207031,260.25,261.07000732421875,83166000
1690948800,255.57000732421875,259.5199890136719,250.49000549316406,254.11000061035156,101752900
1691035200,252.0399932861328,260.489990234375,252.0,259.32000732421875,97569100
1691121600,260.9700012207031,264.7699890136719,253.11000061035156,253.86000061035156,99539900
1691380800,251.4499969482422,253.64999389648438,242.75999450683594,251.4499969482422,111097900
1691467200,247.4499969482422,250.9199981689453,245.00999450683594,249.6999969482422,96642200
1691553600,250.8699951171875,251.10000610351562,241.89999389648438,242.19000244140625,101596300
1691640000,245.39999389648438,251.8000030517578,243.0,245.33999633789062,109498600
1691726400,241.77000427246094,243.7899932861328,238.02000427246094,242.64999389648438,99038600
1691985600,235.6999969482422,240.66000366210938,233.75,239.75999450683594,98595300
1692072000,238.72999572753906,240.5,232.61000061035156,232.9600067138672,88197600
1692158400,228.02000427246094,233.97000122070312,225.3800048828125,225.60000610351562,112484500
1692244800,226.05999755859375,226.74000549316406,218.8300018310547,219.22000122070312,120718400
1692331200,214.1199951171875,217.5800018310547,212.36000061035156,215.49000549316406,136276600
1692590400,221.5500030517578,232.1300048828125,220.5800018310547,231.27999877929688,135702700
1692676800,240.25,240.82000732421875,229.5500030517578,233.19000244140625,130442800
1692763200,229.33999633789062,238.97999572753906,229.2899932861328,236.86000061035156,101077600
1692849600,238.66000366210938,238.9199981689453,228.17999267578125,230.0399932861328,99777400
1692936000,231.30999755859375,239.0,230.35000610351562,238.58999633789062,106612200
1693195200,242.5800018310547,244.3800048828125,235.35000610351562,238.82000732421875,107673700
1693281600,238.5800018310547,257.4800109863281,237.77000427246094,257.17999267578125,134047600
1693368000,254.1999969482422,260.510009765625,250.58999633789062,256.8999938964844,121988400
1693454400,255.97999572753906,261.17999267578125,255.0500030517578,258.0799865722656,108861700
1693540800,257.260009765625,259.0799865722656,242.00999450683594,245.00999450683594,132541600
1693886400,245.0,258.0,244.86000061035156,256.489990234375,129469600
1693972800,255.13999938964844,255.38999938964844,245.05999755859375,251.9199981689453,116959800
1694059200,245.07000732421875,252.80999755859375,243.27000427246094,251.49000549316406,115312900
1694145600,251.22000122070312,256.5199890136719,246.6699981689453,248.5,118367700
1694404800,264.2699890136719,274.8500061035156,260.6099853515625,273.5799865722656,174667900
1694491200,270.760009765625,278.3900146484375,266.6000061035156,267.4800109863281,135999900
1694577600,270.07000732421875,274.9800109863281,268.1000061035156,271.29998779296875,111673700
1694664000,271.32000732421875,276.7099914550781,270.4200134277344,276.0400085449219,107709800
1694750400,277.54998779296875,278.9800109863281,271.0,274.3900146484375,133692300
1695009600,271.1600036621094,271.44000244140625,263.760009765625,265.2799987792969,101543300
1695096000,264.3500061035156,267.8500061035156,261.20001220703125,266.5,103704000
1695182400,267.0400085449219,273.92999267578125,262.4599914550781,262.5899963378906,122514600
1695268800,257.8500061035156,260.8599853515625,254.2100067138672,255.6999969482422,119951500
1695355200,257.3999938964844,257.7900085449219,244.47999572753906,244.8800048828125,127524100
1695614400,243.3800048828125,247.10000610351562,238.30999755859375,246.99000549316406,104636600
1695700800,242.97999572753906,249.5500030517578,241.66000366210938,244.1199951171875,101993600
1695787200,244.25999450683594,245.3300018310547,234.5800018310547,240.5,136597200
1695873600,240.02000427246094,247.5500030517578,238.64999389648438,246.3800048828125,117058900
1695960000,250.0,254.77000427246094,246.35000610351562,250.22000122070312,128522700
1696219200,244.80999755859375,254.27999877929688,242.6199951171875,251.60000610351562,123810400
1696305600,248.61000061035156,250.02000427246094,244.4499969482422,246.52999877929688,101985300
1696392000,248.13999938964844,261.8599853515625,247.60000610351562,261.1600036621094,129721600
1696478400,260.0,263.6000061035156,256.25,260.04998779296875,119159200
1696564800,253.97999572753906,261.6499938964844,250.64999389648438,260.5299987792969,118121800
1696824000,255.30999755859375,261.3599853515625,252.0500030517578,259.6700134277344,101377900
1696910400,257.75,268.94000244140625,257.6499938964844,263.6199951171875,122656000
1696996800,266.20001220703125,268.6000061035156,260.8999938964844,262.989990234375,103706300
1697083200,262.9200134277344,265.4100036621094,256.6300048828125,258.8699951171875,111508100
1697169600,258.8999938964844,259.6000061035156,250.22000122070312,251.1199951171875,102073800
1697428800,250.0500030517578,255.39999389648438,248.47999572753906,253.9199981689453,88917200
1697515200,250.10000610351562,257.17999267578125,247.0800018310547,254.85000610351562,93562900
1697601600,252.6999969482422,254.6300048828125,242.0800018310547,242.67999267578125,125147800
1697688000,225.9499969482422,230.61000061035156,216.77999877929688,220.11000061035156,170772700
1697774400,217.00999450683594,218.86000061035156,210.4199981689453,211.99000549316406,138010100
1698033600,210.0,216.97999572753906,202.50999450683594,212.0800018310547,150683400
1698120000,216.5,222.0500030517578,214.11000061035156,216.52000427246094,118231100
1698206400,215.8800048828125,220.10000610351562,212.1999969482422,212.4199981689453,107065100
1698292800,211.32000732421875,214.8000030517578,204.8800048828125,205.75999450683594,115112600
1698379200,210.60000610351562,212.41000366210938,205.77000427246094,207.3000030517578,94881200
1698638400,209.27999877929688,210.8800048828125,194.6699981689453,197.36000061035156,136448200
1698724800,196.1199951171875,202.8000030517578,194.07000732421875,200.83999633789062,118068300
1698811200,204.0399932861328,205.99000549316406,197.85000610351562,205.66000366210938,121661700
1698897600,212.97000122070312,219.1999969482422,211.4499969482422,218.50999450683594,125987600
1698984000,221.14999389648438,226.3699951171875,218.39999389648438,219.9600067138672,119534800
1699246800,223.97999572753906,226.32000732421875,215.0,219.27000427246094,117335800
1699333200,219.97999572753906,223.1199951171875,215.72000122070312,222.17999267578125,116900100
1699419600,223.14999389648438,224.14999389648438,217.63999938964844,222.11000061035156,106584800
1699506000,219.75,220.8000030517578,206.67999267578125,209.97999572753906,142110500
1699592400,210.02999877929688,215.3800048828125,205.69000244140625,214.64999389648438,130994000
1699851600,215.60000610351562,225.39999389648438,211.61000061035156,223.7100067138672,140447600
1699938000,235.02999877929688,238.13999938964844,230.72000122070312,237.41000366210938,149771600
1700024400,239.2899932861328,246.6999969482422,236.4499969482422,242.83999633789062,150354000
1700110800,239.49000549316406,240.8800048828125,230.9600067138672,233.58999633789062,136816800
1700197200,232.0,237.38999938964844,226.5399932861328,234.3000030517578,142532800
1700456400,234.0399932861328,237.10000610351562,231.02000427246094,235.60000610351562,116320100
1700542800,235.0399932861328,243.6199951171875,233.33999633789062,241.1999969482422,122288000
1700629200,242.0399932861328,244.00999450683594,231.39999389648438,234.2100067138672,117950600
1700802000,233.75,238.75,232.3300018310547,235.4499969482422,65125200
1701061200,236.88999938964844,238.3300018310547,232.10000610351562,236.0800018310547,112031800
1701147600,236.67999267578125,247.0,234.00999450683594,246.72000122070312,148549900
1701234000,249.2100067138672,252.75,242.75999450683594,244.13999938964844,135401300
1701320400,245.13999938964844,245.22000122070312,236.91000366210938,240.0800018310547,132353200
1701406800,233.13999938964844,240.19000244140625,231.89999389648438,238.8300018310547,121331700
1701666000,235.75,239.3699951171875,233.2899932861328,235.5800018310547,104099800
1701752400,233.8699951171875,246.66000366210938,233.6999969482422,238.72000122070312,137971100
1701838800,242.9199981689453,246.57000732421875,239.1699981689453,239.3699951171875,126436200
1701925200,241.5500030517578,244.0800018310547,236.97999572753906,242.63999938964844,107142300
1702011600,240.27000427246094,245.27000427246094,239.27000427246094,243.83999633789062,103126800
1702270800,242.74000549316406,243.44000244140625,237.4499969482422,239.74000549316406,97913900
1702357200,238.5500030517578,238.99000549316406,233.8699951171875,237.00999450683594,95328300
1702443600,234.19000244140625,240.3000030517578,228.1999969482422,239.2899932861328,146286300
1702530000,241.22000122070312,253.8800048828125,240.7899932861328,251.0500030517578,160829200
1702616400,251.2100067138672,254.1300048828125,248.3000030517578,253.5,135932800
1702875600,253.77999877929688,258.739990234375,251.36000061035156,252.0800018310547,116416500
1702962000,253.47999572753906,258.3399963378906,253.00999450683594,257.2200012207031,106737400
1703048400,256.4100036621094,259.8399963378906,247.0,247.13999938964844,125097000
1703134800,251.89999389648438,254.8000030517578,248.5500030517578,254.5,109594200
1703221200,256.760009765625,258.2200012207031,251.3699951171875,252.5399932861328,93370100
1703566800,254.49000549316406,257.9700012207031,252.91000366210938,256.6099853515625,86892400
1703653200,258.3500061035156,263.3399963378906,257.5199890136719,261.44000244140625,106494400
1703739600,263.6600036621094,265.1300048828125,252.7100067138672,253.17999267578125,113619900
1703826000,255.10000610351562,255.19000244140625,247.42999267578125,248.47999572753906,100891600
1704171600,250.0800018310547,251.25,244.41000366210938,248.4199981689453,104654200
1704258000,244.97999572753906,245.67999267578125,236.32000732421875,238.4499969482422,121082600
1704344400,239.25,242.6999969482422,237.72999572753906,237.92999267578125,102629300
1704430800,236.86000061035156,240.1199951171875,234.89999389648438,237.49000549316406,92488900
1704690000,236.13999938964844,241.25,235.3000030517578,240.4499969482422,85166600
1704776400,238.11000061035156,238.9600067138672,232.0399932861328,234.9600067138672,96705700
1704862800,235.10000610351562,235.5,231.2899932861328,233.94000244140625,91628500
1704949200,230.57000732421875,230.92999267578125,225.3699951171875,227.22000122070312,105873600
1705035600,220.0800018310547,225.33999633789062,217.14999389648438,218.88999938964844,123043800
1705381200,215.10000610351562,223.49000549316406,212.17999267578125,219.91000366210938,115355000
1705467600,214.86000061035156,215.6699981689453,212.00999450683594,215.5500030517578,103164400
1705554000,216.8800048828125,217.4499969482422,208.74000549316406,211.8800048828125,108595400
1705640400,209.99000549316406,213.19000244140625,207.55999755859375,212.19000244140625,102260300
1705899600,212.25999450683594,217.8000030517578,206.27000427246094,208.8000030517578,117952500
1705986000,211.3000030517578,215.64999389648438,207.75,209.13999938964844,106605900
1706072400,211.8800048828125,212.72999572753906,206.77000427246094,207.8300018310547,123369900
1706158800,189.6999969482422,193.0,180.05999755859375,182.6300048828125,198076800
1706245200,185.5,186.77999877929688,182.10000610351562,183.25,107343200
1706504400,185.6300048828125,191.47999572753906,183.6699981689453,190.92999267578125,125013100
1706590800,195.3300018310547,196.36000061035156,190.61000061035156,191.58999633789062,109982300
1706677200,187.0,193.97000122070312,185.85000610351562,187.2899932861328,103221400
1706763600,188.5,189.8800048828125,184.27999877929688,188.86000061035156,91843300
1706850000,185.0399932861328,188.69000244140625,182.0,187.91000366210938,110612700
1707109200,184.25999450683594,184.67999267578125,175.00999450683594,181.05999755859375,134294400
1707195600,177.2100067138672,186.49000549316406,177.11000061035156,185.10000610351562,122676000
1707282000,188.17999267578125,189.7899932861328,182.67999267578125,187.5800018310547,111535200
1707368400,189.0,191.6199951171875,185.5800018310547,189.55999755859375,83034000
1707454800,190.17999267578125,194.1199951171875,189.47999572753906,193.57000732421875,84476300
1707714000,192.11000061035156,194.72999572753906,187.27999877929688,188.1300048828125,95498600
1707800400,183.99000549316406,187.25999450683594,182.11000061035156,184.02000427246094,86759500
1707886800,185.3000030517578,188.88999938964844,183.35000610351562,188.7100067138672,81203000
1707973200,189.16000366210938,200.8800048828125,188.86000061035156,200.4499969482422,120831800
1708059600,202.05999755859375,203.1699981689453,197.39999389648438,199.9499969482422,111346700
1708405200,196.1300048828125,198.60000610351562,189.1300048828125,193.75999450683594,104545800
1708491600,193.36000061035156,199.44000244140625,191.9499969482422,194.77000427246094,103500300
1708578000,194.0,198.32000732421875,191.36000061035156,197.41000366210938,92739500
1708664400,195.30999755859375,197.57000732421875,191.5,191.97000122070312,78841900
1708923600,192.2899932861328,201.77999877929688,192.0,199.39999389648438,111747100
1709010000,204.0399932861328,205.60000610351562,198.25999450683594,199.72999572753906,108645400
1709096400,200.4199981689453,205.3000030517578,198.44000244140625,202.0399932861328,99806200
1709182800,204.17999267578125,205.27999877929688,198.4499969482422,201.8800048828125,85907000
1709269200,200.52000427246094,204.52000427246094,198.5,202.63999938964844,82243100
1709528400,198.72999572753906,199.75,186.72000122070312,188.13999938964844,134334900
1709614800,183.0500030517578,184.58999633789062,177.57000732421875,180.74000549316406,119660800
1709701200,179.99000549316406,181.5800018310547,173.6999969482422,176.5399932861328,107920900
1709787600,174.35000610351562,180.0399932861328,173.6999969482422,178.64999389648438,102129000
1709874000,181.5,182.72999572753906,174.6999969482422,175.33999633789062,85544600
1710129600,175.4499969482422,182.8699951171875,174.8000030517578,177.77000427246094,85391500
1710216000,177.77000427246094,179.42999267578125,172.41000366210938,177.5399932861328,87391700
1710302400,173.0500030517578,176.0500030517578,169.14999389648438,169.47999572753906,106524500
1710388800,167.77000427246094,171.1699981689453,160.50999450683594,162.5,126325700
1710475200,163.16000366210938,165.17999267578125,160.75999450683594,163.57000732421875,97146800
1710734400,170.02000427246094,174.72000122070312,165.89999389648438,173.8000030517578,108214400
1710820800,172.36000061035156,172.82000732421875,167.4199981689453,171.32000732421875,77271400
1710907200,173.0,176.25,170.82000732421875,175.66000366210938,83846700
1710993600,176.38999938964844,178.17999267578125,171.8000030517578,172.82000732421875,73178000
1711080000,166.69000244140625,171.1999969482422,166.3000030517578,170.8300018310547,75580600
1711339200,168.75999450683594,175.24000549316406,168.72999572753906,172.6300048828125,74228600
1711425600,178.5800018310547,184.25,177.3800048828125,177.6699981689453,113186200
1711512000,181.41000366210938,181.91000366210938,176.0,179.8300018310547,81804000
1711598400,177.4499969482422,179.57000732421875,175.3000030517578,175.7899932861328,77654800
1711944000,176.1699981689453,176.75,170.2100067138672,175.22000122070312,81562100
1712030400,164.75,167.69000244140625,163.42999267578125,166.6300048828125,116650600
1712116800,164.02000427246094,168.82000732421875,163.27999877929688,168.3800048828125,82950100
1712203200,170.07000732421875,177.19000244140625,168.00999450683594,171.11000061035156,123162000
1712289600,169.0800018310547,170.86000061035156,160.50999450683594,164.89999389648438,143157600
1712548800,169.33999633789062,174.5,167.7899932861328,172.97999572753906,104423300
1712635200,172.91000366210938,179.22000122070312,171.9199981689453,176.8800048828125,102951700
1712721600,173.0399932861328,174.92999267578125,170.00999450683594,171.75999450683594,84532400
1712808000,172.5500030517578,175.8800048828125,168.50999450683594,174.60000610351562,94516000
1712894400,172.33999633789062,173.80999755859375,170.36000061035156,171.0500030517578,64722700
1713153600,170.24000549316406,170.69000244140625,161.3800048828125,161.47999572753906,100245300
1713240000,156.74000549316406,158.19000244140625,153.75,157.11000061035156,97000000
1713326400,157.63999938964844,158.3300018310547,153.77999877929688,155.4499969482422,82439700
1713412800,151.25,152.1999969482422,148.6999969482422,149.92999267578125,96098800
1713499200,148.97000122070312,150.94000244140625,146.22000122070312,147.0500030517578,87074500
1713758400,140.55999755859375,144.44000244140625,138.8000030517578,142.0500030517578,107097600
1713844800,143.3300018310547,147.25999450683594,141.11000061035156,144.67999267578125,124545100
1713931200,162.83999633789062,167.97000122070312,157.50999450683594,162.1300048828125,181178000
1714017600,158.9600067138672,170.8800048828125,158.36000061035156,170.17999267578125,126427500
1714104000,168.85000610351562,172.1199951171875,166.3699951171875,168.2899932861328,109815700
1714363200,188.4199981689453,198.8699951171875,184.5399932861328,194.0500030517578,243869700
1714449600,186.97999572753906,190.9499969482422,182.83999633789062,183.27999877929688,127031800
1714536000,182.0,185.86000061035156,179.00999450683594,179.99000549316406,92829700
1714622400,182.86000061035156,184.60000610351562,176.02000427246094,180.00999450683594,89148000
1714708800,182.10000610351562,184.77999877929688,178.4199981689453,181.19000244140625,75491500
1714968000,183.8000030517578,187.55999755859375,182.1999969482422,184.75999450683594,84390300
1715054400,182.39999389648438,183.25999450683594,177.39999389648438,177.80999755859375,75045900
1715140800,171.58999633789062,176.05999755859375,170.14999389648438,174.72000122070312,79969500
1715227200,175.00999450683594,175.6199951171875,171.3699951171875,171.97000122070312,65950300
1715313600,173.0500030517578,173.05999755859375,167.75,168.47000122070312,72627200
1715572800,170.0,175.39999389648438,169.0,171.88999938964844,67018900
1715659200,174.5,179.49000549316406,174.07000732421875,177.5500030517578,86407400
1715745600,179.89999389648438,180.0,173.11000061035156,173.99000549316406,79663000
1715832000,174.10000610351562,175.7899932861328,171.42999267578125,174.83999633789062,59812200
1715918400,173.5500030517578,179.6300048828125,172.75,177.4600067138672,77445800
1716177600,177.55999755859375,177.75,173.52000427246094,174.9499969482422,61727400
1716264000,175.50999450683594,186.8800048828125,174.7100067138672,186.60000610351562,115266500
1716350400,182.85000610351562,183.8000030517578,178.1199951171875,180.11000061035156,88313500
1716436800,181.8000030517578,181.89999389648438,173.25999450683594,173.74000549316406,71975500
1716523200,174.83999633789062,180.0800018310547,173.72999572753906,179.24000549316406,65584500
1716868800,176.39999389648438,178.25,173.16000366210938,176.75,59736600
1716955200,174.19000244140625,178.14999389648438,173.92999267578125,176.19000244140625,54782600
1717041600,178.5800018310547,182.6699981689453,175.3800048828125,178.7899932861328,77618400
1717128000,178.5,180.32000732421875,173.82000732421875,178.0800018310547,67314600
1717387200,178.1300048828125,182.63999938964844,174.49000549316406,176.2899932861328,68568900
1717473600,174.77999877929688,177.75999450683594,174.0,174.77000427246094,60056300
1717560000,175.35000610351562,176.14999389648438,172.1300048828125,175.0,57953800
1717646400,174.60000610351562,179.72999572753906,172.72999572753906,177.94000244140625,69887000
1717732800,176.1300048828125,179.35000610351562,175.5800018310547,177.47999572753906,56244900
1717992000,176.05999755859375,178.57000732421875,173.1699981689453,173.7899932861328,50774600
1718078400,173.9199981689453,174.75,167.41000366210938,170.66000366210938,64761900
1718164800,171.1199951171875,180.5500030517578,169.8000030517578,177.2899932861328,90389400
1718251200,188.38999938964844,191.0800018310547,181.22999572753906,182.47000122070312,118984100
1718337600,185.8000030517578,186.0,176.9199981689453,178.00999450683594,82038200
1718596800,177.9199981689453,188.80999755859375,177.0,187.44000244140625,109786100
1718683200,186.55999755859375,187.1999969482422,182.3699951171875,184.86000061035156,68982300
1718856000,184.67999267578125,185.2100067138672,179.66000366210938,181.57000732421875,55893100
1718942400,182.3000030517578,183.9499969482422,180.69000244140625,183.00999450683594,61937300
1719201600,184.97000122070312,188.8000030517578,182.5500030517578,182.5800018310547,61992100
1719288000,184.39999389648438,187.97000122070312,182.00999450683594,187.35000610351562,62905700
1719374400,186.5399932861328,197.75999450683594,186.36000061035156,196.3699951171875,95737100
1719460800,195.1699981689453,198.72000122070312,194.0500030517578,197.4199981689453,72746500
1719547200,199.5500030517578,203.1999969482422,195.25999450683594,197.8800048828125,95438100
1719806400,201.02000427246094,213.22999572753906,200.85000610351562,209.86000061035156,135691400
1719892800,218.88999938964844,231.3000030517578,218.05999755859375,231.25999450683594,205047900
1719979200,234.55999755859375,248.35000610351562,234.25,246.38999938964844,166561500
1720152000,249.80999755859375,252.3699951171875,242.4600067138672,251.52000427246094,154501200
1720411200,247.7100067138672,259.44000244140625,244.57000732421875,252.94000244140625,157219600
1720497600,251.0,265.6099853515625,250.3000030517578,262.3299865722656,160210900
1720584000,262.79998779296875,267.5899963378906,257.8599853515625,263.260009765625,128519400
1720670400,263.29998779296875,271.0,239.64999389648438,241.02999877929688,221707300
1720756800,235.8000030517578,251.83999633789062,233.08999633789062,248.22999572753906,155955800
1721016000,255.97000122070312,265.6000061035156,251.72999572753906,252.63999938964844,146912900
1721102400,255.30999755859375,258.6199951171875,245.8000030517578,256.55999755859375,126332500
1721188800,252.72999572753906,258.4700012207031,246.17999267578125,248.5,115584800
1721275200,251.08999633789062,257.1400146484375,247.1999969482422,249.22999572753906,110869000
1721361600,247.7899932861328,249.44000244140625,236.8300018310547,239.1999969482422,87403900
1721620800,244.2100067138672,253.2100067138672,243.75,251.50999450683594,101225400
1721707200,253.60000610351562,255.75999450683594,245.6300048828125,246.3800048828125,111928200
1721793600,225.4199981689453,225.99000549316406,214.7100067138672,215.99000549316406,167942900
1721880000,216.8000030517578,226.0,216.22999572753906,220.25,100636500
1721966400,221.19000244140625,222.27999877929688,215.3300018310547,219.8000030517578,94604100
1722225600,224.89999389648438,234.27000427246094,224.6999969482422,232.10000610351562,129201800
1722312000,232.25,232.41000366210938,220.0,222.6199951171875,100560300
1722398400,227.89999389648438,234.67999267578125,226.7899932861328,232.07000732421875,67497000
1722484800,227.69000244140625,231.8699951171875,214.3300018310547,216.86000061035156,83861900
1722571200,214.8800048828125,216.1300048828125,205.77999877929688,207.6699981689453,82880100
1722830400,185.22000122070312,203.8800048828125,182.0,198.8800048828125,100308800
1722916800,200.75,202.89999389648438,192.6699981689453,200.63999938964844,73783900
1723003200,200.77000427246094,203.49000549316406,191.47999572753906,191.75999450683594,71159800
1723089600,195.6999969482422,200.6999969482422,192.0399932861328,198.83999633789062,65033900
1723176000,197.0500030517578,200.8800048828125,195.11000061035156,200.0,58648300
1723435200,199.02000427246094,199.25999450683594,194.6699981689453,197.49000549316406,64044900
1723521600,198.47000122070312,208.49000549316406,197.05999755859375,207.8300018310547,76247400
1723608000,207.38999938964844,208.44000244140625,198.75,201.3800048828125,70250000
1723694400,205.02000427246094,215.8800048828125,204.82000732421875,214.13999938964844,89848500
1723780800,211.14999389648438,219.8000030517578,210.8000030517578,216.1199951171875,88765100
1724040000,217.07000732421875,222.97999572753906,214.08999633789062,222.72000122070312,76435200
1724126400,224.8800048828125,228.22000122070312,219.55999755859375,221.10000610351562,74001200
1724212800,222.6699981689453,224.66000366210938,218.86000061035156,223.27000427246094,70146000
1724299200,223.82000732421875,224.8000030517578,210.32000732421875,210.66000366210938,79514500
1724385600,214.4600067138672,221.47999572753906,214.2100067138672,220.32000732421875,81525200
1724644800,218.75,219.08999633789062,211.00999450683594,213.2100067138672,59301200
1724731200,213.25,215.66000366210938,206.94000244140625,209.2100067138672,62821400
1724817600,209.72000122070312,211.83999633789062,202.58999633789062,205.75,64116400
1724904000,209.8000030517578,214.88999938964844,205.97000122070312,206.27999877929688,62308800
1724990400,208.6300048828125,214.57000732421875,207.02999877929688,214.11000061035156,63370600
1725336000,215.25999450683594,219.89999389648438,209.63999938964844,210.60000610351562,76714200
1725422400,210.58999633789062,222.22000122070312,210.57000732421875,219.41000366210938,80651800
1725508800,223.49000549316406,235.0,222.25,230.1699981689453,119355000
1725595200,232.60000610351562,233.60000610351562,210.50999450683594,210.72999572753906,112177000
1725854400,216.1999969482422,219.8699951171875,213.6699981689453,216.27000427246094,67443500
1725940800,220.07000732421875,226.39999389648438,218.63999938964844,226.1699981689453,78891100
1726027200,224.5500030517578,228.47000122070312,216.8000030517578,228.1300048828125,83548600
1726113600,224.66000366210938,231.4499969482422,223.8300018310547,229.80999755859375,71894900
1726200000,228.0,232.6699981689453,226.32000732421875,230.2899932861328,59515100
1726459200,229.3000030517578,229.9600067138672,223.52999877929688,226.77999877929688,54323000
1726545600,229.4499969482422,234.57000732421875,226.5500030517578,227.8699951171875,66761600
1726632000,230.08999633789062,235.67999267578125,226.8800048828125,227.1999969482422,78010200
1726718400,234.0,244.24000549316406,232.1300048828125,243.9199981689453,102694600
1726804800,241.52000427246094,243.99000549316406,235.9199981689453,238.25,99879100
1727064000,242.61000061035156,250.0,241.9199981689453,250.0,86927200
1727150400,254.0800018310547,257.19000244140625,249.0500030517578,254.27000427246094,88491000
1727236800,252.5399932861328,257.04998779296875,252.27999877929688,257.0199890136719,65034300
1727323200,260.6000061035156,261.75,251.52999877929688,254.22000122070312,67142200
1727409600,257.3800048828125,260.70001220703125,254.1199951171875,260.4599914550781,70988100
1727668800,259.0400085449219,264.8599853515625,255.77000427246094,261.6300048828125,80705700
1727755200,262.6700134277344,263.9800109863281,248.52999877929688,258.0199890136719,87397600
1727841600,247.5500030517578,251.16000366210938,241.5,249.02000427246094,93983900
1727928000,244.47999572753906,249.7899932861328,237.80999755859375,240.66000366210938,80729200
1728014400,246.69000244140625,250.9600067138672,244.5800018310547,250.0800018310547,86573200
1728273600,249.0,249.8300018310547,240.6999969482422,240.8300018310547,68113300
1728360000,243.55999755859375,246.2100067138672,240.55999755859375,244.5,56303200
1728446400,243.82000732421875,247.42999267578125,239.50999450683594,241.0500030517578,66289500
1728532800,241.80999755859375,242.7899932861328,232.33999633789062,238.77000427246094,83087100
1728619200,220.1300048828125,223.33999633789062,214.3800048828125,217.8000030517578,142628900
1728878400,220.1300048828125,221.91000366210938,213.74000549316406,219.16000366210938,86291900
1728964800,220.00999450683594,224.25999450683594,217.1199951171875,219.57000732421875,62988800
1729051200,221.39999389648438,222.82000732421875,218.92999267578125,221.3300018310547,49632800
1729137600,221.58999633789062,222.0800018310547,217.89999389648438,220.88999938964844,50791800
1729224000,220.7100067138672,222.27999877929688,219.22999572753906,220.6999969482422,49611900
1729483200,218.89999389648438,220.47999572753906,215.72999572753906,218.85000610351562,47329000
1729569600,217.30999755859375,218.22000122070312,215.25999450683594,217.97000122070312,43268700
1729656000,217.1300048828125,218.72000122070312,212.11000061035156,213.64999389648438,80938900
1729742400,244.67999267578125,262.1199951171875,242.64999389648438,260.4800109863281,204491900
1729828800,256.010009765625,269.489990234375,255.32000732421875,269.19000244140625,161611900
1730088000,270.0,273.5400085449219,262.239990234375,262.510009765625,107653600
1730174400,264.510009765625,264.9800109863281,255.50999450683594,259.5199890136719,80521800
1730260800,258.0400085449219,263.3500061035156,255.82000732421875,257.54998779296875,53993600
1730347200,257.989990234375,259.75,249.25,249.85000610351562,66575300
1730433600,252.0399932861328,254.0,246.6300048828125,248.97999572753906,57544800
1730696400,244.55999755859375,248.89999389648438,238.8800048828125,242.83999633789062,68802400
1730782800,247.33999633789062,255.27999877929688,246.2100067138672,251.44000244140625,69282500
1730869200,284.6700134277344,289.5899963378906,275.6199951171875,288.5299987792969,165228700
1730955600,288.8900146484375,299.75,285.5199890136719,296.9100036621094,117309200
1731042000,299.1400146484375,328.7099914550781,297.6600036621094,321.2200012207031,204782800
1731301200,346.29998779296875,358.6400146484375,336.0,350.0,210521600
1731387600,342.739990234375,345.8399963378906,323.30999755859375,328.489990234375,155726000
1731474000,335.8500061035156,344.6000061035156,322.5,330.239990234375,125405600
1731560400,327.69000244140625,329.9800109863281,310.3699951171875,311.17999267578125,120726100
1731646800,310.57000732421875,324.67999267578125,309.2200012207031,320.7200012207031,114440300
1731906000,340.7300109863281,348.54998779296875,330.010009765625,338.739990234375,126085600
1731992400,335.760009765625,347.3800048828125,332.75,346.0,88852500
1732078800,345.0,346.6000061035156,334.29998779296875,342.0299987792969,66340700
1732165200,343.80999755859375,347.989990234375,335.2799987792969,339.6400146484375,58011700
1732251600,341.0899963378906,361.5299987792969,337.70001220703125,352.55999755859375,89140700
1732510800,360.1400146484375,361.92999267578125,338.20001220703125,338.5899963378906,95890900
1732597200,341.0,346.9599914550781,335.6600036621094,338.2300109863281,62295900
1732683600,341.79998779296875,342.54998779296875,326.5899963378906,332.8900146484375,57896400
1732856400,336.0799865722656,345.45001220703125,334.6499938964844,345.1600036621094,37167600
1733115600,352.3800048828125,360.0,351.1499938964844,357.0899963378906,77986500
1733202000,351.79998779296875,355.69000244140625,348.20001220703125,351.4200134277344,58267200
1733288400,353.0,358.1000061035156,348.6000061035156,357.92999267578125,50810900
1733374800,359.8699951171875,375.42999267578125,359.5,369.489990234375,81403600
1733461200,377.4200134277344,389.489990234375,370.79998779296875,389.2200012207031,81455800
1733720400,397.6099853515625,404.79998779296875,378.010009765625,389.7900085449219,96359200
1733806800,392.67999267578125,409.7300109863281,390.8500061035156,400.989990234375,97563600
1733893200,409.70001220703125,424.8800048828125,402.3800048828125,424.7699890136719,104287600
1733979600,424.8399963378906,429.29998779296875,415.0,418.1000061035156,87752200
1734066000,420.0,436.29998779296875,415.7099914550781,436.2300109863281,89000200
1734325200,441.0899963378906,463.19000244140625,436.1499938964844,463.0199890136719,114083800
1734411600,475.8999938964844,483.989990234375,457.510009765625,479.8599853515625,131223000
1734498000,466.5,488.5400085449219,427.010009765625,440.1300048828125,149340800
1734584400,451.8800048828125,456.3599853515625,420.0199890136719,436.1700134277344,118566100
1734670800,425.510009765625,447.0799865722656,417.6400146484375,421.05999755859375,132216200
1734930000,431.0,434.510009765625,415.4100036621094,430.6000061035156,72698100
1735016400,435.8999938964844,462.7799987792969,435.1400146484375,462.2799987792969,59551800
1735189200,465.1600036621094,465.3299865722656,451.0199890136719,454.1300048828125,76366400
1735275600,449.5199890136719,450.0,426.5,431.6600036621094,82666800
1735534800,419.3999938964844,427.0,415.75,417.4100036621094,64941000
1735621200,423.7900085449219,427.92999267578125,402.5400085449219,403.8399963378906,76825100
1735794000,390.1000061035156,392.7300109863281,373.0400085449219,379.2799987792969,109710700
1735880400,381.4800109863281,411.8800048828125,379.45001220703125,410.44000244140625,95423300
1736139600,423.20001220703125,426.42999267578125,401.70001220703125,411.04998779296875,85516500
1736226000,405.8299865722656,414.3299865722656,390.0,394.3599853515625,75699500
1736312400,392.95001220703125,402.5,387.3999938964844,394.94000244140625,73038800
1736485200,391.3999938964844,399.2799987792969,377.2900085449219,394.739990234375,62287300
1736744400,383.2099914550781,403.7900085449219,380.07000732421875,403.30999755859375,67580500
1736830800,414.3399963378906,422.6400146484375,394.5400085449219,396.3599853515625,84565000
1736917200,409.8999938964844,429.79998779296875,405.6600036621094,428.2200012207031,81375500
1737003600,423.489990234375,424.0,409.1300048828125,413.82000732421875,68335200
1737090000,421.5,439.739990234375,419.75,426.5,94991400
1737435600,432.6400146484375,433.20001220703125,406.30999755859375,424.07000732421875,87320900
1737522000,416.80999755859375,428.0,414.5899963378906,415.1099853515625,60963300
1737608400,416.05999755859375,420.7300109863281,408.95001220703125,412.3800048828125,50690600
1737694800,414.45001220703125,418.8800048828125,405.7799987792969,406.5799865722656,56427100
1737954000,394.79998779296875,406.69000244140625,389.0,397.1499938964844,58125500
1738040400,396.9100036621094,400.5899963378906,386.5,398.0899963378906,48910700
1738126800,395.2099914550781,398.5899963378906,384.4800109863281,389.1000061035156,68033600
1738213200,410.7799987792969,412.5,384.4100036621094,400.2799987792969,98092900
1738299600,401.5299987792969,419.989990234375,401.3399963378906,404.6000061035156,83283600
1738558800,386.67999267578125,389.1700134277344,374.3599853515625,383.67999267578125,93732100
1738645200,382.6300048828125,394.0,381.3999938964844,392.2099914550781,57072200
1738731600,387.510009765625,388.3900146484375,375.5299987792969,378.1700134277344,57223300
1738818000,373.0299987792969,375.3999938964844,363.17999267578125,374.32000732421875,77918200
1738904400,370.19000244140625,380.54998779296875,360.3399963378906,361.6199951171875,70298300
1739163600,356.2099914550781,362.70001220703125,350.510009765625,350.7300109863281,77514900
1739250000,345.79998779296875,349.3699951171875,325.1000061035156,328.5,118543400
1739336400,329.94000244140625,346.3999938964844,329.1199951171875,336.510009765625,105382700
1739422800,345.0,358.69000244140625,342.8500061035156,355.94000244140625,89441500
1739509200,360.6199951171875,362.0,347.5,355.8399963378906,68277300
1739854800,355.010009765625,359.1000061035156,350.0199890136719,354.1099853515625,51631700
1739941200,354.0,367.3399963378906,353.6700134277344,360.55999755859375,67094400
1740027600,361.510009765625,362.29998779296875,348.0,354.3999938964844,45965400
1740114000,353.44000244140625,354.9800109863281,334.4200134277344,337.79998779296875,74058600
1740373200,338.1400146484375,342.3999938964844,324.70001220703125,330.5299987792969,76052300
1740459600,327.0199890136719,328.8900146484375,297.25,302.79998779296875,134228800
1740546000,303.7099914550781,309.0,288.0400085449219,290.79998779296875,100118300
1740632400,291.1600036621094,297.2300109863281,280.8800048828125,281.95001220703125,101748200
1740718800,279.5,293.8800048828125,273.6000061035156,292.9800109863281,115697000
1740978000,300.3399963378906,303.94000244140625,277.29998779296875,284.6499938964844,115551400
1741064400,270.92999267578125,284.3500061035156,261.8399963378906,272.0400085449219,126706600
1741150800,272.9200134277344,279.54998779296875,267.7099914550781,279.1000061035156,94042900
1741237200,272.05999755859375,272.6499938964844,260.0199890136719,263.45001220703125,98451600
1741323600,259.32000732421875,266.25,250.72999572753906,262.6700134277344,102369600
1741579200,252.5399932861328,253.3699951171875,220.0,222.14999389648438,189076900
1741665600,225.30999755859375,237.05999755859375,217.02000427246094,230.5800018310547,174896400
1741752000,247.22000122070312,251.83999633789062,241.10000610351562,248.08999633789062,142215700
1741838400,248.1300048828125,248.2899932861328,232.60000610351562,240.67999267578125,114813500
1741924800,247.30999755859375,251.5800018310547,240.72999572753906,249.97999572753906,100242300
1742184000,245.05999755859375,245.39999389648438,232.8000030517578,238.00999450683594,111900600
1742270400,228.16000366210938,230.10000610351562,222.27999877929688,225.30999755859375,111477600
1742356800,231.61000061035156,241.41000366210938,229.1999969482422,235.86000061035156,111993800
1742443200,233.35000610351562,238.0,230.0500030517578,236.25999450683594,99028300
1742529600,234.99000549316406,249.52000427246094,234.5500030517578,248.7100067138672,132728700
1742788800,258.0799865722656,278.6400146484375,256.3299865722656,278.3900146484375,169079900
1742875200,283.6000061035156,288.20001220703125,271.2799987792969,288.1400146484375,150361500
1742961600,282.6600036621094,284.8999938964844,266.510009765625,272.05999755859375,153629800
1743048000,272.4800109863281,291.8500061035156,271.82000732421875,273.1300048828125,162572100
1743134400,275.5799865722656,276.1000061035156,260.57000732421875,263.54998779296875,123809400
1743393600,249.30999755859375,260.55999755859375,243.36000061035156,259.1600036621094,134008900
1743480000,263.79998779296875,277.45001220703125,259.25,268.4599914550781,146486900
1743566400,254.60000610351562,284.989990234375,251.27000427246094,282.760009765625,212787800
1743652800,265.2900085449219,276.29998779296875,261.510009765625,267.2799987792969,136174300
1743739200,255.3800048828125,261.0,236.0,239.42999267578125,181229400
1743998400,223.77999877929688,252.0,214.25,233.2899932861328,183453800
1744084800,245.0,250.44000244140625,217.8000030517578,221.86000061035156,171603500
1744171200,224.69000244140625,274.69000244140625,223.8800048828125,272.20001220703125,219433400
1744257600,260.0,262.489990234375,239.3300018310547,252.39999389648438,181722600
1744344000,251.83999633789062,257.739990234375,241.36000061035156,252.30999755859375,128948100
1744603200,258.3599853515625,261.79998779296875,245.92999267578125,252.35000610351562,100135200
1744689600,249.91000366210938,258.75,247.5399932861328,254.11000061035156,79594300
1744776000,247.61000061035156,251.97000122070312,233.88999938964844,241.5500030517578,112378700
1744862400,243.47000122070312,244.33999633789062,237.67999267578125,241.3699951171875,83404800
1745208000,230.25999450683594,232.2100067138672,222.7899932861328,227.5,97768000
1745294400,230.9600067138672,242.7899932861328,229.85000610351562,237.97000122070312,120858500
1745380800,254.86000061035156,259.45001220703125,244.42999267578125,250.74000549316406,150381900
1745467200,250.5,259.5400085449219,249.1999969482422,259.510009765625,94464200
1745553600,261.69000244140625,286.8500061035156,259.6300048828125,284.95001220703125,167560700
1745812800,288.9800109863281,294.8599853515625,272.4200134277344,285.8800048828125,151731800
1745899200,285.5,293.32000732421875,279.4700012207031,292.0299987792969,108906600
1745985600,279.8999938964844,284.45001220703125,270.7799987792969,282.1600036621094,128961100
1746072000,280.010009765625,290.8699951171875,279.80999755859375,280.5199890136719,99659000
1746158400,284.8999938964844,294.7799987792969,279.80999755859375,287.2099914550781,114454700
1746417600,284.57000732421875,284.8500061035156,274.3999938964844,280.260009765625,94618900
1746504000,273.1099853515625,277.7300109863281,271.3500061035156,275.3500061035156,76715800
1746590400,276.8800048828125,277.9200134277344,271.0,276.2200012207031,71592600
1746676800,279.6300048828125,289.79998779296875,279.4100036621094,284.82000732421875,97539400
1746763200,290.2099914550781,307.0400085449219,290.0,298.260009765625,132387800
1747022400,321.989990234375,322.2099914550781,311.5,318.3800048828125,112826700
1747108800,320.0,337.5899963378906,316.79998779296875,334.07000732421875,136992600
1747195200,342.5,350.0,337.0,347.67999267578125,136997300
1747281600,340.3399963378906,346.1400146484375,334.7200012207031,342.82000732421875,97882600
1747368000,346.239990234375,351.6199951171875,342.3299865722656,349.9800109863281,95895700
1747627200,336.29998779296875,343.0,333.3699951171875,342.0899963378906,88869900
1747713600,347.8699951171875,354.989990234375,341.6300048828125,343.82000732421875,131715500
1747800000,344.42999267578125,347.3500061035156,332.20001220703125,334.6199951171875,102354800
1747886400,331.8999938964844,347.2699890136719,331.3900146484375,341.0400085449219,97113400
1747972800,337.9200134277344,343.17999267578125,333.2099914550781,339.3399963378906,84654800
1748318400,347.3500061035156,363.7900085449219,347.32000732421875,362.8900146484375,120146400
1748404800,364.8399963378906,365.0,355.9100036621094,356.8999938964844,91404300
1748491200,365.2900085449219,367.7099914550781,356.0,358.42999267578125,88087800
1748577600,355.5199890136719,363.67999267578125,345.2900085449219,346.4599914550781,123474900
1748836800,343.5,348.0199890136719,333.3299865722656,342.69000244140625,81873800
1748923200,346.6000061035156,355.3999938964844,343.0400085449219,344.2699890136719,99324500
1749009600,345.1000061035156,345.6000061035156,327.3299865722656,332.04998779296875,98912100
1749096000,322.489990234375,324.54998779296875,273.2099914550781,284.70001220703125,287499800
1749182400,298.8299865722656,305.5,291.1400146484375,295.1400146484375,164747700
1749441600,285.9599914550781,309.8299865722656,281.8500061035156,308.5799865722656,140908900
1749528000,314.94000244140625,327.8299865722656,310.6700134277344,326.0899963378906,151256500
1749614400,334.3999938964844,335.5,322.5,326.42999267578125,122611400
1749700800,323.0799865722656,332.55999755859375,316.8599853515625,319.1099853515625,105127500
1749787200,313.9700012207031,332.989990234375,313.29998779296875,325.30999755859375,128964300
1750046400,331.2900085449219,332.04998779296875,326.4100036621094,329.1300048828125,83925900
1750132800,326.0899963378906,327.260009765625,314.739990234375,316.3500061035156,88282700
1750219200,317.30999755859375,329.32000732421875,315.45001220703125,322.04998779296875,95137700
1750392000,327.95001220703125,332.3599853515625,317.7799987792969,322.1600036621094,108688000
1750651200,327.5400085449219,357.5400085449219,327.4800109863281,348.67999267578125,190716800
1750737600,356.1700134277344,356.260009765625,340.44000244140625,340.4700012207031,114736200
1750824000,342.70001220703125,343.0,320.3999938964844,327.54998779296875,119845100
1750910400,324.6099853515625,331.04998779296875,323.6099853515625,325.7799987792969,80440900
1750996800,324.510009765625,329.3399963378906,317.5,323.6300048828125,89067000
1751256000,319.8999938964844,325.5799865722656,316.6000061035156,317.6600036621094,76695100
1751342400,298.4599914550781,305.8900146484375,293.2099914550781,300.7099914550781,145085700
1751428800,312.6300048828125,316.8299865722656,303.82000732421875,315.6499938964844,119483700
1751515200,317.989990234375,318.45001220703125,312.760009765625,315.3500061035156,58042300
1751860800,291.3699951171875,296.1499938964844,288.7699890136719,293.94000244140625,131177900
1751947200,297.0,304.04998779296875,294.3500061035156,297.80999755859375,103246700
1752033600,297.54998779296875,300.1499938964844,293.54998779296875,295.8800048828125,75586800
1752120000,300.04998779296875,310.4800109863281,300.0,309.8699951171875,104365300
1752206400,307.8900146484375,314.0899963378906,305.6499938964844,313.510009765625,79236400
1752465600,317.7300109863281,322.6000061035156,312.6700134277344,316.8999938964844,78043400
1752552000,319.67999267578125,321.20001220703125,310.5,310.7799987792969,77556300
1752638400,312.79998779296875,323.5,312.6199951171875,321.6700134277344,97284800
1752724800,323.1499938964844,324.3399963378906,317.05999755859375,319.4100036621094,73922900
1752811200,321.6600036621094,330.8999938964844,321.4200134277344,329.6499938964844,94255000
1753070400,334.3999938964844,338.0,326.8800048828125,328.489990234375,75768800
1753156800,329.739990234375,335.4100036621094,321.54998779296875,332.1099853515625,77370400
1753243200,330.8999938964844,336.20001220703125,328.6700134277344,332.55999755859375,92553800
1753329600,310.0,310.1499938964844,300.4100036621094,305.29998779296875,156966000
1753416000,308.739990234375,323.6300048828125,308.010009765625,316.05999755859375,148227000
1753675200,318.45001220703125,330.489990234375,315.69000244140625,325.5899963378906,112673800
1753761600,325.54998779296875,326.25,318.25,321.20001220703125,87358900
1753848000,322.17999267578125,324.45001220703125,311.6199951171875,319.0400085449219,83931900
1753934400,319.6099853515625,321.3699951171875,306.1000061035156,308.2699890136719,85270900
1754020800,306.2099914550781,309.30999755859375,297.82000732421875,302.6300048828125,89121400
1754280000,309.0799865722656,312.1199951171875,303.0,309.260009765625,78683900
1754366400,308.95001220703125,312.45001220703125,305.5,308.7200012207031,57961300
1754452800,307.8900146484375,320.4700012207031,306.92999267578125,319.9100036621094,78523600
1754539200,319.7900085449219,322.3999938964844,316.1600036621094,322.2699890136719,66658700
1754625600,321.42999267578125,335.1499938964844,320.9800109863281,329.6499938964844,91200300
1754884800,335.0,346.6400146484375,334.1499938964844,339.0299987792969,105320200
1754971200,345.0,345.260009765625,332.94000244140625,340.8399963378906,80522100
1755057600,341.5,348.9800109863281,338.20001220703125,339.3800048828125,67838900
1755144000,335.760009765625,340.4700012207031,330.3999938964844,335.5799865722656,75000700
1755230400,337.6600036621094,339.29998779296875,327.0199890136719,330.55999755859375,74319800
1755489600,329.6199951171875,336.2699890136719,329.5899963378906,335.1600036621094,56956600
1755576000,335.7900085449219,340.54998779296875,327.8500061035156,329.30999755859375,75956000
1755662400,329.2200012207031,331.3699951171875,314.6000061035156,323.8999938964844,77481800
1755748800,322.0799865722656,324.8999938964844,318.67999267578125,320.1099853515625,55744400
1755835200,321.6600036621094,340.25,319.69000244140625,340.010009765625,94016300
1756094400,338.8999938964844,349.5299987792969,335.0299987792969,346.6000061035156,86670000
1756180800,344.92999267578125,351.8999938964844,343.7200012207031,351.6700134277344,76651600
1756267200,351.94000244140625,355.3900146484375,349.1600036621094,349.6000061035156,65519000
1756353600,350.9100036621094,353.54998779296875,340.260009765625,345.9800109863281,67903200
1756440000,347.2300109863281,348.75,331.70001220703125,333.8699951171875,81145700
1756785600,328.2300109863281,333.3299865722656,325.6000061035156,329.3599853515625,58392000
1756872000,335.20001220703125,343.3299865722656,328.510009765625,334.0899963378906,88733300
1756958400,336.1499938964844,338.8900146484375,331.4800109863281,338.5299987792969,60711000
1757044800,348.0,355.8699951171875,344.67999267578125,350.8399963378906,108989800
1757304000,354.6400146484375,358.44000244140625,344.8399963378906,346.3999938964844,75208300
1757390400,348.44000244140625,350.7699890136719,343.82000732421875,346.9700012207031,53816000
1757476800,350.54998779296875,356.3299865722656,346.07000732421875,347.7900085449219,72121700
1757563200,350.1700134277344,368.989990234375,347.6000061035156,368.80999755859375,103756000
1757649600,370.94000244140625,396.69000244140625,370.239990234375,395.94000244140625,168156400
1757908800,423.1300048828125,425.70001220703125,402.42999267578125,410.0400085449219,163823700
1757995200,414.5,423.25,411.42999267578125,421.6199951171875,104285700
1758081600,415.75,428.30999755859375,409.6700134277344,425.8599853515625,106133500
1758168000,428.8699951171875,432.2200012207031,416.55999755859375,416.8500061035156,90454500
1758254400,421.82000732421875,429.4700012207031,421.7200012207031,426.07000732421875,93131000
1758513600,431.1099853515625,444.9800109863281,429.1300048828125,434.2099914550781,97108800
1758600000,439.8800048828125,440.9700012207031,423.7200012207031,425.8500061035156,83422700
1758686400,429.8299865722656,444.2099914550781,429.0299987792969,442.7900085449219,93133600
1758772800,435.239990234375,435.3500061035156,419.0799865722656,423.3900146484375,96746400
1758859200,428.29998779296875,440.4700012207031,421.0199890136719,440.3999938964844,101628200
1759118400,444.3500061035156,450.9800109863281,439.5,443.2099914550781,79491500
1759204800,441.5199890136719,445.0,433.1199951171875,444.7200012207031,74358000
1759291200,443.79998779296875,462.2900085449219,440.75,459.4599914550781,98122300
1759377600,470.5400085449219,470.75,435.57000732421875,436.0,137009000
1759464000,443.2900085449219,446.7699890136719,416.5799865722656,429.8299865722656,133188200
1759723200,440.75,453.54998779296875,436.69000244140625,453.25,85324900
1759809600,447.82000732421875,452.67999267578125,432.45001220703125,433.0899963378906,102296100
1759896000,437.57000732421875,441.3299865722656,425.2300109863281,438.69000244140625,71192100
1759982400,431.80999755859375,436.3500061035156,426.17999267578125,435.5400085449219,69339900
1760068800,436.5400085449219,443.1300048828125,411.45001220703125,413.489990234375,112107900
1760328000,423.5299987792969,436.8900146484375,419.70001220703125,435.8999938964844,79552800
1760414400,426.7900085449219,434.20001220703125,417.8599853515625,429.239990234375,72669400
1760500800,434.8999938964844,440.510009765625,426.3299865722656,435.1499938964844,71558200
1760587200,434.7300109863281,439.3500061035156,421.30999755859375,428.75,77189900
1760673600,425.5,441.4599914550781,423.6000061035156,439.30999755859375,89331600
1760932800,443.8699951171875,449.79998779296875,440.6099853515625,447.42999267578125,63719000
1761019200,445.760009765625,449.29998779296875,442.04998779296875,442.6000061035156,54412200
1761105600,443.45001220703125,445.5400085449219,429.0,438.9700012207031,84023500
1761192000,420.0,449.3999938964844,413.8999938964844,448.9800109863281,126709800
1761278400,446.8299865722656,451.67999267578125,430.1700134277344,433.7200012207031,94727800
1761537600,439.9800109863281,460.1600036621094,438.69000244140625,452.4200134277344,105867500
1761624000,454.7799987792969,467.0,451.6000061035156,460.54998779296875,80185700
1761710400,462.5,465.70001220703125,452.6499938964844,461.510009765625,67983500
1761796800,451.04998779296875,455.05999755859375,439.6099853515625,440.1000061035156,72447900
1761883200,446.75,458.0,443.69000244140625,456.55999755859375,83135800
1762146000,455.989990234375,474.07000732421875,453.79998779296875,468.3699951171875,84595200
1762232400,454.4599914550781,460.2200012207031,443.6000061035156,444.260009765625,87756600
1762318800,452.04998779296875,466.3299865722656,440.7099914550781,462.07000732421875,85573000
1762405200,461.9599914550781,467.45001220703125,435.0899963378906,445.9100036621094,109622900
1762491600,437.9200134277344,439.3599853515625,421.8800048828125,429.5199890136719,103471500
1762750800,439.6000061035156,449.6700134277344,433.3599853515625,445.2300109863281,76515900
1762837200,439.3999938964844,442.489990234375,432.3599853515625,439.6199951171875,60533200
1762923600,442.1499938964844,442.3299865722656,426.55999755859375,430.6000061035156,58513500
1763010000,423.1300048828125,424.5,396.3399963378906,401.989990234375,118948000
1763096400,386.29998779296875,412.19000244140625,382.7799987792969,404.3500061035156,105506700
1763355600,398.739990234375,423.9599914550781,398.739990234375,408.9200134277344,102214300
1763442000,405.3800048828125,408.8999938964844,393.7099914550781,401.25,80688600
1763528400,406.17999267578125,411.7799987792969,398.5,403.989990234375,72047700
1763614800,414.6300048828125,428.94000244140625,394.739990234375,395.2300109863281,113548800
1763701200,402.32000732421875,402.79998779296875,383.760009765625,391.0899963378906,100460600
1763960400,402.1700134277344,421.7200012207031,401.0899963378906,417.7799987792969,96806400
1764046800,414.4200134277344,420.4800109863281,405.95001220703125,419.3999938964844,71915600
1764133200,423.95001220703125,426.94000244140625,416.8900146484375,426.5799865722656,63463000
1764306000,426.5899963378906,432.92999267578125,426.20001220703125,430.1700134277344,36252900
1764565200,425.32000732421875,433.6600036621094,425.2900085449219,430.1400146484375,57463600
1764651600,430.80999755859375,436.79998779296875,422.1199951171875,429.239990234375,69336600
1764738000,432.1000061035156,447.9200134277344,431.1099853515625,446.739990234375,87483000
1764824400,449.94000244140625,454.6300048828125,445.3900146484375,454.5299987792969,71906500
1764910800,453.0299987792969,458.8699951171875,451.6600036621094,455.0,56427500
1765170000,447.45001220703125,449.75,435.25,439.5799865722656,69165800
1765256400,437.5400085449219,452.3900146484375,435.70001220703125,445.1700134277344,62367400
1765342800,446.07000732421875,456.8800048828125,443.6099853515625,451.45001220703125,63257500
1765429200,448.95001220703125,449.2699890136719,440.3299865722656,446.8900146484375,55979500
1765515600,448.0899963378906,463.010009765625,441.6700134277344,458.9599914550781,95656700
1765774800,469.44000244140625,481.7699890136719,467.6600036621094,475.30999755859375,114542200
1765861200,472.2099914550781,491.5,465.8299865722656,489.8800048828125,107608100
1765947600,488.2200012207031,495.2799987792969,466.20001220703125,467.260009765625,106490400
1766034000,478.1600036621094,490.8599853515625,473.1199951171875,483.3699951171875,95168400
1766120400,488.1199951171875,490.489990234375,474.7200012207031,481.20001220703125,103305400
1766379600,489.8800048828125,498.8299865722656,485.3299865722656,488.7300109863281,86916100
1766466000,489.3999938964844,491.9700012207031,482.8399963378906,485.55999755859375,58223600
1766552400,488.4800109863281,490.8999938964844,476.79998779296875,485.3999938964844,41285400
1766725200,485.2300109863281,489.0899963378906,473.82000732421875,475.19000244140625,58780700
1766984400,469.0,469.3999938964844,459.0,459.6400146484375,66263000
1767070800,461.0899963378906,463.1199951171875,453.8299865722656,454.42999267578125,59238500
1767157200,456.1000061035156,456.54998779296875,449.29998779296875,449.7200012207031,49078000
1767330000,457.79998779296875,458.3399963378906,435.29998779296875,438.07000732421875,85535400
1767589200,447.989990234375,457.54998779296875,444.57000732421875,451.6700134277344,67940800
1767675600,446.3800048828125,448.25,428.7799987792969,432.9599914550781,89093800
1767762000,435.8999938964844,438.3699951171875,431.2900085449219,431.4100036621094,59828800
1767848400,427.8900146484375,436.8900146484375,424.3699951171875,435.79998779296875,57041100
1767934800,435.95001220703125,449.04998779296875,430.3900146484375,445.010009765625,67331500
1768194000,441.2300109863281,454.29998779296875,438.0,448.9599914550781,61649600
1768280400,450.20001220703125,451.80999755859375,443.95001220703125,447.20001220703125,53719200
1768366800,442.80999755859375,443.9100036621094,434.2200012207031,439.20001220703125,57259500
1768453200,441.1300048828125,445.3599853515625,437.6499938964844,438.57000732421875,49465800
1768539600,439.5,447.25,435.260009765625,437.5,60220600
1768885200,429.3599853515625,430.7300109863281,417.44000244140625,419.25,63187300
1768971600,421.6600036621094,438.20001220703125,419.6199951171875,431.44000244140625,68124000
1769058000,435.1600036621094,449.5,432.6300048828125,449.3599853515625,71546700
1769144400,447.42999267578125,452.42999267578125,444.0400085449219,449.05999755859375,56771400
1769403600,445.0,445.0400085449219,434.2799987792969,435.20001220703125,49397400
1769490000,437.4100036621094,437.5199890136719,430.69000244140625,430.8999938964844,37733100
1769576400,431.9100036621094,438.260009765625,430.1000061035156,431.4599914550781,54857400
1769662800,437.79998779296875,440.2300109863281,414.6199951171875,416.55999755859375,81686100
1769749200,425.3500061035156,439.8800048828125,422.70001220703125,430.4100036621094,82626100
1770008400,421.2900085449219,427.1499938964844,414.5,421.80999755859375,58739500
1770094800,424.2699890136719,428.55999755859375,413.69000244140625,421.9599914550781,56886500
1770181200,420.4599914550781,423.8999938964844,399.17999267578125,406.010009765625,74606900
1770267600,397.0199890136719,402.1000061035156,387.5299987792969,397.2099914550781,72819800
1770354000,400.8699951171875,414.54998779296875,397.75,411.1099853515625,62677100
1770613200,409.9100036621094,421.25,407.2900085449219,417.32000732421875,54484300
1770699600,418.0799865722656,427.25,417.0,425.2099914550781,64450200
1770786000,427.9599914550781,436.3500061035156,420.0299987792969,428.2699890136719,57362000
1770872400,430.29998779296875,436.2300109863281,414.0,417.07000732421875,61933400
1770958800,414.30999755859375,424.05999755859375,410.8800048828125,417.44000244140625,51434100
1771304400,412.3599853515625,413.7200012207031,400.510009765625,410.6300048828125,59678800
1771390800,411.1099853515625,416.8999938964844,409.5799865722656,411.32000732421875,45921400
1771477200,407.25,415.25,404.1099853515625,411.7099914550781,51019600
1771563600,408.29998779296875,414.70001220703125,405.5,411.82000732421875,57912200
1771822800,407.2900085449219,407.70001220703125,394.0400085449219,399.8299865722656,69680000
1771909200,399.5,410.82000732421875,397.6400146484375,409.3800048828125,58579500
1771995600,412.1499938964844,420.3399963378906,412.1499938964844,417.3999938964844,54809700
1772082000,414.4200134277344,416.80999755859375,403.6600036621094,408.5799865722656,53602500
1772168400,402.94000244140625,407.1199951171875,398.1099853515625,402.510009765625,56890100
1772427600,390.6000061035156,404.5400085449219,388.25,403.32000732421875,55088300
1772514000,395.0899963378906,396.3399963378906,385.3900146484375,392.42999267578125,62617300
1772600400,397.8500061035156,408.3299865722656,394.5799865722656,405.94000244140625,68305500
1772686800,401.57000732421875,408.6199951171875,399.4200134277344,405.54998779296875,51925900
1772773200,398.0899963378906,402.3500061035156,394.2099914550781,396.7300109863281,64054600
1773028800,390.04998779296875,401.5899963378906,381.3999938964844,398.67999267578125,67018900
1773115200,402.2200012207031,406.5899963378906,398.19000244140625,399.239990234375,59258700
1773201600,402.2799987792969,416.3800048828125,402.1499938964844,407.82000732421875,62559900
1773288000,405.17999267578125,406.5,394.6499938964844,395.010009765625,60973800
1773374400,399.1700134277344,400.20001220703125,389.95001220703125,391.20001220703125,58504100
1773633600,396.2200012207031,403.7300109863281,394.4200134277344,395.55999755859375,58068300
1773720000,395.69000244140625,400.1199951171875,393.0,399.2699890136719,46890500
1773806400,399.0,403.07000732421875,392.30999755859375,392.7799987792969,50853100
1773892800,387.2699890136719,387.2699890136719,378.7300109863281,380.29998779296875,67078300
1773979200,379.8500061035156,379.8900146484375,364.4599914550781,367.9599914550781,78628600
1774238400,373.0899963378906,385.3299865722656,372.7300109863281,380.8500061035156,74606000
1774324800,376.55999755859375,387.4800109863281,376.30999755859375,383.0299987792969,60004900
1774411200,389.989990234375,396.2300109863281,385.010009765625,385.95001220703125,55157300
1774497600,381.6000061035156,384.44000244140625,371.8699951171875,372.1099853515625,55522900
1774584000,369.69000244140625,369.8599853515625,359.4700012207031,361.8299865722656,62065700
1774843200,365.8599853515625,367.2900085449219,352.1400146484375,355.2799987792969,67954400
1774929600,361.510009765625,373.3299865722656,361.0,371.75,75534900
1775016000,378.6300048828125,383.1400146484375,374.0799865722656,381.260009765625,58683800
1775102400,364.20001220703125,370.2799987792969,359.0299987792969,360.5899963378906,83031200
1775448000,362.5899963378906,367.7200012207031,346.6400146484375,352.82000732421875,77697600
1775534400,346.44000244140625,348.0199890136719,337.239990234375,346.6499938964844,74515400
1775620800,363.7900085449219,364.5,339.6700134277344,343.25,78838600
1775707200,343.1499938964844,348.8800048828125,337.25,345.6199951171875,62164000
1775793600,346.2900085449219,350.3599853515625,342.739990234375,348.95001220703125,51336000
1776052800,350.07000732421875,356.3500061035156,348.57000732421875,352.4200134277344,53617500
1776139200,357.6700134277344,367.6300048828125,354.7699890136719,364.20001220703125,59979600
1776225600,366.8299865722656,394.6499938964844,362.5,391.95001220703125,113810400
1776312000,393.80999755859375,394.05999755859375,381.79998779296875,388.8999938964844,63515100
1776398400,395.9200134277344,409.2799987792969,391.6499938964844,400.6199951171875,90640000
1776657600,402.5799865722656,406.79998779296875,388.3299865722656,392.5,64603900
1776744000,393.0,393.95001220703125,385.2200012207031,386.4200134277344,50530600
1776830400,387.57000732421875,393.010009765625,385.29998779296875,387.510009765625,62362800
1776916800,375.2799987792969,386.0,368.3900146484375,373.7200012207031,93969500
1777003200,373.5,382.760009765625,370.7300109863281,376.29998779296875,62893300
1777262400,372.0899963378906,380.7799987792969,364.0199890136719,378.6700134277344,66735800
1777348800,374.67999267578125,382.2900085449219,372.5400085449219,376.0199890136719,50864400
1777435200,375.3999938964844,376.3999938964844,370.0400085449219,372.79998779296875,45384800
1777521600,372.75,384.75,368.1700134277344,381.6300048828125,51076000
1777608000,382.489990234375,397.82000732421875,378.79998779296875,390.82000732421875,65338300
1777867200,390.2300109863281,394.6400146484375,384.79998779296875,392.510009765625,48765100
1777953600,395.19000244140625,402.1199951171875,389.0,389.3699951171875,47780600
1778040000,386.25,401.67999267578125,384.0199890136719,398.7300109863281,53465400
1778126400,407.4800109863281,415.8299865722656,402.1199951171875,411.7900085449219,64294200
1778212800,416.4800109863281,431.20001220703125,416.3900146484375,428.3500061035156,65050000
1778472000,422.1600036621094,449.1600036621094,416.79998779296875,445.0,78376100
1778558400,441.4100036621094,447.79998779296875,422.260009765625,433.45001220703125,60569300
1778644800,436.6700134277344,453.3999938964844,430.2099914550781,445.2699890136719,68283200
1778731200,446.489990234375,451.9800109863281,441.1600036621094,443.29998779296875,46070400
1778817600,433.9800109863281,434.6600036621094,422.0,422.239990234375,52688700
1779076800,419.2699890136719,421.1300048828125,405.3299865722656,409.989990234375,52474200
1779163200,403.1600036621094,405.6300048828125,393.6300048828125,404.1099853515625,46500600
1779249600,407.6000061035156,417.4599914550781,406.3900146484375,417.260009765625,45294700
1779336000,422.17999267578125,426.95001220703125,412.8999938964844,417.8500061035156,42636900
1779422400,422.6700134277344,431.510009765625,420.510009765625,426.010009765625,45944100
