time,open,high,low,close,volume
1687872600,243.24000549316406,247.10000610351562,240.85000610351562,245.06520080566406,49230945
1687876200,245.08999633789062,246.3000030517578,241.8000030517578,244.95159912109375,24743514
1687879800,244.9510955810547,245.72999572753906,243.43499755859375,244.7301025390625,17202681
1687883400,244.75,247.50999450683594,244.36000061035156,247.27000427246094,16228643
1687887000,247.3000030517578,250.1999969482422,247.2899932861328,248.91290283203125,21082537
1687890600,248.94000244140625,249.27999877929688,246.5800018310547,249.0137939453125,19312492
1687894200,249.02850341796875,250.389892578125,248.5305938720703,250.1999969482422,12164394
1687959000,249.6999969482422,257.29998779296875,248.88999938964844,257.2950134277344,43536328
1687962600,257.30999755859375,259.8800048828125,254.89999389648438,255.9906005859375,30984827
1687966200,255.99000549316406,258.8800048828125,255.60000610351562,256.20001220703125,20438010
1687969800,256.2049865722656,256.9100036621094,253.89999389648438,256.31988525390625,20522481
1687973400,256.29010009765625,256.989990234375,254.05999755859375,256.2550048828125,15397779
1687977000,256.25,257.1400146484375,254.47999572753906,256.010009765625,16196593
1687980600,255.97999572753906,256.54998779296875,255.3101043701172,256.3999938964844,8945305
1688045400,258.0299987792969,260.739990234375,253.61000061035156,255.47999572753906,40589891
1688049000,255.47999572753906,258.6400146484375,254.1999969482422,258.1260986328125,22360742
1688052600,258.139892578125,258.92999267578125,256.6199951171875,257.6300048828125,15350098
1688056200,257.6214904785156,257.6600036621094,254.4499969482422,256.4255065917969,16109059
1688059800,256.42999267578125,256.69000244140625,254.67999267578125,255.8300018310547,12242348
1688063400,255.85000610351562,257.30938720703125,255.10000610351562,256.32000732421875,13040954
1688067000,256.29998779296875,257.5899963378906,255.83999633789062,257.5299987792969,9094163
1688131800,260.6000061035156,264.239990234375,259.8900146484375,263.4849853515625,36708547
1688135400,263.489990234375,264.45001220703125,262.5299987792969,263.8558044433594,17282027
1688139000,263.8500061035156,263.875,261.6000061035156,263.69500732421875,13867972
1688142600,263.70001220703125,264.0899963378906,263.0299987792969,263.385009765625,9951960
1688146200,263.3800048828125,263.92999267578125,262.55999755859375,262.80999755859375,9358361
1688149800,262.82000732421875,263.1600036621094,262.010009765625,262.9989929199219,11522906
1688153400,262.9800109863281,263.098388671875,261.6300048828125,261.6791076660156,9086213
1688391000,276.489990234375,284.25,276.0799865722656,281.65618896484375,58094907
1688394600,281.6400146484375,282.0199890136719,277.3204040527344,277.7958068847656,25144839
1688398200,277.79998779296875,278.54998779296875,275.1099853515625,277.67999267578125,21690225
1688563800,280.25,282.9393005371094,278.0,280.90460205078125,37722837
1688567400,280.88470458984375,281.34991455078125,278.0299987792969,278.5,19234880
1688571000,278.5,280.20001220703125,277.6000061035156,279.3699951171875,15612276
1688574600,279.3800048828125,281.2300109863281,278.8800048828125,280.79998779296875,14127743
1688578200,280.7900085449219,281.0498962402344,278.75,279.4100036621094,12675485
1688581800,279.44989013671875,282.3900146484375,279.42999267578125,282.32989501953125,15309690
1688585400,282.30999755859375,283.8500061035156,281.80999755859375,282.44000244140625,12527968
1688650200,278.0899963378906,279.9700012207031,272.8800048828125,275.3800048828125,39505205
1688653800,275.3900146484375,276.47918701171875,274.2699890136719,275.20001220703125,18586728
1688657400,275.17999267578125,278.3598937988281,274.9700927734375,277.9372863769531,15746517
1688661000,277.9100036621094,278.7099914550781,276.29998779296875,276.5299987792969,13144999
1688664600,276.5101013183594,277.75,275.57000732421875,277.06500244140625,11938572
1688668200,277.05010986328125,278.20001220703125,276.95001220703125,277.57000732421875,10056467
1688671800,277.55999755859375,277.8399963378906,276.30999755859375,276.5400085449219,7094205
1688736600,278.42999267578125,280.7799987792969,275.2099914550781,276.5899963378906,34795406
1688740200,276.59100341796875,277.8900146484375,274.04998779296875,277.45989990234375,18861599
1688743800,277.45001220703125,279.3800048828125,276.85760498046875,278.6449890136719,13112624
1688747400,278.6400146484375,279.9599914550781,278.1499938964844,279.67498779296875,11645008
1688751000,279.6700134277344,279.7392883300781,278.54998779296875,279.0299987792969,8094367
1688754600,279.0199890136719,279.2200012207031,275.30999755859375,275.42999267578125,13620654
1688758200,275.42999267578125,276.1499938964844,273.7699890136719,274.42999267578125,10745798
1688995800,276.4700012207031,277.5199890136719,267.80010986328125,272.0303955078125,35725553
1688999400,272.0400085449219,272.8699951171875,268.1700134277344,270.05999755859375,19442911
1689003000,270.0450134277344,270.8500061035156,265.1000061035156,267.1199951171875,18872228
1689006600,267.10528564453125,269.2699890136719,266.6300048828125,268.54998779296875,13300263
1689010200,268.6000061035156,269.8900146484375,267.8999938964844,269.43890380859375,11342059
1689013800,269.41119384765625,270.3599853515625,268.4200134277344,268.9400939941406,11601502
1689017400,268.9100036621094,269.70001220703125,268.42999267578125,269.5000915527344,6682521
1689082200,268.6499938964844,270.8500061035156,266.8999938964844,269.6000061035156,28243794
1689085800,269.6000061035156,270.8999938964844,267.5299987792969,268.5799865722656,14866721
1689089400,268.5799865722656,269.19000244140625,266.6600036621094,267.05499267578125,11235426
1689093000,267.07000732421875,268.4599914550781,266.8599853515625,268.44189453125,8771876
1689096600,268.44000244140625,268.57000732421875,266.3699951171875,267.1473083496094,10502632
1689100200,267.1600036621094,269.05999755859375,266.8500061035156,269.0201110839844,8691988
1689103800,269.0400085449219,270.1796875,268.5400085449219,269.82000732421875,7403116
1689168600,276.32501220703125,276.5199890136719,272.0,273.864990234375,32440849
1689172200,273.860107421875,274.659912109375,272.29998779296875,273.4849853515625,15806637
1689175800,273.5,273.6700134277344,271.4599914550781,272.8349914550781,13229133
1689179400,272.8349914550781,273.6600036621094,272.15008544921875,273.3999938964844,7656667
1689183000,273.4100036621094,274.44000244140625,273.07000732421875,274.2300109863281,7734971
1689186600,274.2398986816406,274.2699890136719,272.25,272.70001220703125,8868061
1689190200,272.7200012207031,272.9800109863281,271.8052062988281,272.0,6526162
1689255000,274.5899963378906,274.9700012207031,270.9100036621094,271.0799865722656,25098019
1689258600,271.1000061035156,272.889892578125,270.6000061035156,271.6099853515625,14663326
1689262200,271.614990234375,273.6799011230469,271.0299987792969,273.57501220703125,11260432
1689265800,273.55999755859375,274.95001220703125,272.75,274.7850036621094,12234314
1689269400,274.7850036621094,276.32000732421875,274.6199951171875,276.19000244140625,14315318
1689273000,276.2073059082031,279.1700134277344,275.94000244140625,278.4230041503906,17973715
1689276600,278.4200134277344,279.45001220703125,277.55999755859375,277.9700012207031,10447436
1689341400,277.010009765625,280.5400085449219,276.30999755859375,279.43499755859375,27782689
1689345000,279.43499755859375,279.95001220703125,276.5,279.364990234375,16160615
1689348600,279.3599853515625,283.69000244140625,279.2300109863281,283.32000732421875,19347717
1689352200,283.3263854980469,285.29998779296875,281.2799987792969,283.5899963378906,20337769
1689355800,283.6000061035156,283.9700012207031,280.55999755859375,280.6390075683594,10875958
1689359400,280.6499938964844,280.95001220703125,278.7799987792969,279.95721435546875,13584471
1689363000,279.9800109863281,281.4800109863281,279.760009765625,281.3900146484375,7311675
1689600600,286.625,292.2300109863281,286.0400085449219,287.02520751953125,41360733
1689604200,287.0299987792969,288.17999267578125,283.57000732421875,286.6272888183594,23790389
1689607800,286.6199951171875,288.8999938964844,286.05999755859375,286.67529296875,14929993
1689611400,286.69000244140625,287.70001220703125,285.3599853515625,286.4649963378906,11655730
1689615000,286.45001220703125,289.0,286.29998779296875,288.80999755859375,11569780
1689618600,288.80999755859375,290.6300048828125,288.3500061035156,289.0700988769531,14446592
1689622200,289.05999755859375,290.5,288.6499938964844,290.3500061035156,8741439
1689687000,290.1499938964844,290.5199890136719,286.26019287109375,286.5950012207031,31719624
1689690600,286.5899963378906,289.4800109863281,286.010009765625,288.8800048828125,15799604
1689694200,288.90509033203125,288.9800109863281,287.5,288.4599914550781,10907592
1689697800,288.45001220703125,291.3999938964844,288.3500061035156,290.6600036621094,13049077
1689701400,290.67999267578125,292.260009765625,290.3299865722656,291.8999938964844,10255032
1689705000,291.8949890136719,293.7699890136719,291.5929870605469,292.79998779296875,13878426
1689708600,292.79998779296875,295.260009765625,292.75,293.3699951171875,12363523
1689773400,296.0400085449219,297.4800109863281,294.2300109863281,296.79998779296875,29993839
1689777000,296.79998779296875,299.0,296.760009765625,298.1000061035156,19988208
1689780600,298.1000061035156,299.2900085449219,294.45001220703125,294.9800109863281,19382397
1689784200,294.9599914550781,295.1300048828125,292.5,294.59600830078125,16497970
1689787800,294.5899963378906,294.7200012207031,291.3500061035156,292.2301025390625,12876649
1689791400,292.260009765625,293.8500061035156,289.5201110839844,293.7098083496094,17663420
1689795000,293.7283935546875,294.0,291.0199890136719,291.1199951171875,9774073
1689859800,277.5,280.92999267578125,272.010009765625,272.69000244140625,47693612
1689863400,272.69000244140625,272.7149963378906,269.4599914550781,270.8599853515625,26749279
1689867000,270.864990234375,274.05999755859375,270.010009765625,270.0199890136719,17675492
1689870600,270.0111083984375,270.70001220703125,264.2099914550781,266.130615234375,24700843
1689874200,266.1199951171875,266.95001220703125,264.1199951171875,264.5409851074219,17382938
1689877800,264.57501220703125,265.57159423828125,261.20001220703125,262.4067077636719,19907769
1689881400,262.43499755859375,265.54998779296875,262.41009521484375,262.9200134277344,12975228
1689946200,268.0,268.0,256.6000061035156,256.6720886230469,42013564
1689949800,256.67999267578125,262.45001220703125,255.8000030517578,262.4399108886719,24319430
1689953400,262.44000244140625,262.45001220703125,259.70001220703125,261.389404296875,15832085
1689957000,261.36968994140625,265.989990234375,261.281005859375,265.9501037597656,17264725
1689960600,265.9599914550781,267.4800109863281,262.5,263.1440124511719,17009056
1689964200,263.1499938964844,264.8800048828125,261.22198486328125,262.3399963378906,15312151
1689967800,262.3399963378906,262.3900146484375,259.3599853515625,259.95001220703125,12025413
1690205400,255.85000610351562,262.7200012207031,254.1199951171875,262.25,36953186
1690209000,262.2698974609375,265.1700134277344,259.510009765625,263.93548583984375,23391389
1690212600,263.9200134277344,267.5899963378906,263.29998779296875,266.82989501953125,19160933
1690216200,266.8699951171875,267.79998779296875,265.3999938964844,267.125,14600612
1690219800,267.1600036621094,269.8500061035156,266.82000732421875,268.2799987792969,15227535
1690223400,268.260009765625,269.5799865722656,267.45001220703125,267.6596984863281,13673222
1690227000,267.6415100097656,269.1600036621094,267.6400146484375,269.1077880859375,8826885
1690291800,272.3800048828125,272.8999938964844,267.70001220703125,268.3399963378906,34735635
1690295400,268.3699951171875,268.7298889160156,265.4100036621094,267.8399963378906,20864966
1690299000,267.8699951171875,269.3800048828125,266.8800048828125,268.1564025878906,13783191
1690302600,268.13848876953125,270.0379943847656,267.5,269.3949890136719,10907515
1690306200,269.3900146484375,270.239990234375,268.19000244140625,269.68548583984375,10119606
1690309800,269.69500732421875,269.9800109863281,267.05999755859375,267.4154052734375,10804433
1690313400,267.4200134277344,267.6499938964844,265.0,265.260009765625,8887557
1690378200,263.25,268.0400085449219,261.75,266.8500061035156,24770710
1690381800,266.8500061035156,267.8299865722656,263.5700988769531,263.8349914550781,15591731
1690385400,263.8349914550781,264.92999267578125,263.19000244140625,263.8999938964844,10204086
1690389000,263.8949890136719,264.6600036621094,262.7200012207031,264.3900146484375,9283273
1690392600,264.3900146484375,265.70001220703125,263.05999755859375,263.760009765625,10315712
1690396200,263.7900085449219,266.3865051269531,263.3500061035156,264.54998779296875,15675309
1690399800,264.57391357421875,265.2900085449219,263.40008544921875,264.4649963378906,7384301
1690464600,268.30999755859375,269.1300048828125,263.4200134277344,263.4667053222656,24925173
1690468200,263.4599914550781,266.20001220703125,263.3299865722656,266.0320129394531,13444253
1690471800,266.0400085449219,267.3299865722656,265.2799987792969,267.1700134277344,10289111
1690475400,267.17999267578125,267.4800109863281,262.5,262.94500732421875,12307639
1690479000,262.90008544921875,263.2493896484375,259.5,259.6199035644531,13423121
1690482600,259.5799865722656,260.3598937988281,256.0299987792969,257.1549987792969,17132418
1690486200,257.1700134277344,257.5899963378906,255.3000030517578,255.72999572753906,8833245
1690551000,259.8599853515625,264.0,258.231201171875,262.214111328125,27839859
1690554600,262.2049865722656,265.0,260.55010986328125,264.3349914550781,17578510
1690558200,264.3349914550781,266.8800048828125,264.29998779296875,266.6830139160156,15851440
1690561800,266.6700134277344,267.04998779296875,265.2300109863281,265.7806091308594,11663770
1690565400,265.7799987792969,266.2300109863281,263.8999938964844,266.19000244140625,11645895
1690569000,266.19500732421875,267.25,265.1401062011719,265.3700866699219,12029039
1690572600,265.3800048828125,266.7099914550781,265.2699890136719,266.5400085449219,8068744
1690810200,267.4800109863281,269.0799865722656,263.7799987792969,266.1900939941406,25882557
1690813800,266.2250061035156,267.2398986816406,264.6000061035156,266.0862121582031,12747351
1690817400,266.0880126953125,268.63079833984375,265.2099914550781,268.19989013671875,12812456
1690821000,268.19000244140625,268.69000244140625,266.4800109863281,266.5899963378906,9996460
1690824600,266.5799865722656,268.3299865722656,266.55999755859375,267.5799865722656,7603474
1690828200,267.6000061035156,268.04998779296875,266.42999267578125,266.9200134277344,7358159
1690831800,266.9200134277344,267.55999755859375,265.82000732421875,267.489990234375,5738841
1690896600,266.260009765625,266.4700012207031,261.64801025390625,262.4700927734375,24594251
1690900200,262.5199890136719,264.1000061035156,262.2200012207031,263.6050109863281,14648845
1690903800,263.6138000488281,263.9071960449219,260.5,260.7049865722656,11902885
1690907400,260.7049865722656,262.1499938964844,260.25,261.19000244140625,9302125
1690911000,261.1499938964844,261.9200134277344,260.29998779296875,261.45001220703125,7509493
1690914600,261.4599914550781,262.17999267578125,260.7200012207031,261.01251220703125,7163225
1690918200,261.0199890136719,261.7200012207031,260.3599853515625,261.081787109375,5280558
1690983000,255.57000732421875,259.5199890136719,254.0301055908203,255.92539978027344,29868964
1690986600,255.95620727539062,257.5799865722656,253.3300018310547,254.28500366210938,17376667
1690990200,254.2863006591797,255.27999877929688,250.49000549316406,251.41000366210938,16422148
1690993800,251.38999938964844,254.52999877929688,251.36000061035156,253.85499572753906,10462467
1690997400,253.85499572753906,255.3699951171875,252.94000244140625,255.17990112304688,9369334
1691001000,255.16000366210938,255.47999572753906,253.02000427246094,253.2198944091797,9341974
1691004600,253.2100067138672,254.64990234375,253.0800018310547,254.16000366210938,5987441
1691069400,253.0,257.5,252.58999633789062,253.24000549316406,27350136
1691073000,253.22579956054688,257.20001220703125,253.1199951171875,256.3200988769531,17829987
1691076600,256.3500061035156,257.1000061035156,255.44000244140625,255.83990478515625,10981248
1691080200,255.85000610351562,258.5899963378906,255.52000427246094,257.7001953125,9961730
1691083800,257.70001220703125,258.75,257.0199890136719,258.44000244140625,9071032
1691087400,258.4649963378906,260.489990234375,258.29998779296875,259.59991455078125,13448276
1691091000,259.5987854003906,260.1098937988281,258.7200012207031,259.29998779296875,6340299
1691155800,261.42999267578125,264.7699890136719,257.29998779296875,257.9949951171875,28416536
1691159400,257.9613952636719,259.79998779296875,256.5,259.05999755859375,14988321
1691163000,259.05999755859375,260.44000244140625,258.1000061035156,259.80999755859375,11174841
1691166600,259.8500061035156,261.0400085449219,259.2099914550781,259.55999755859375,9461472
1691170200,259.57989501953125,259.8999938964844,255.39999389648438,255.6649932861328,11613168
1691173800,255.6699981689453,256.04998779296875,253.63999938964844,254.24000549316406,13793550
1691177400,254.26040649414062,254.66990661621094,253.11000061035156,253.86000061035156,7627313
1691415000,251.4499969482422,253.65109252929688,245.0,248.173095703125,34264352
1691418600,248.1300048828125,249.1999969482422,243.8800048828125,244.0041046142578,20107900
1691422200,243.97999572753906,247.05999755859375,242.75999450683594,246.94500732421875,14586959
1691425800,246.94529724121094,247.03799438476562,245.33999633789062,246.72000122070312,9692880
1691429400,246.72999572753906,249.5,246.3000030517578,248.72999572753906,10837641
1691433000,248.73989868164062,250.53990173339844,248.50999450683594,249.64920043945312,11356526
1691436600,249.625,251.5800018310547,249.30999755859375,251.41000366210938,7579167
1691501400,248.5,250.39999389648438,245.00999450683594,250.11990356445312,29109305
1691505000,250.1199951171875,250.9199981689453,247.44000244140625,248.0,18182904
1691508600,248.02000427246094,248.58999633789062,246.3000030517578,247.88499450683594,11790960
1691512200,247.875,249.63999938964844,247.13009643554688,249.1699981689453,9867750
1691515800,249.14999389648438,250.28990173339844,248.35000610351562,249.70010375976562,9586834
1691519400,249.71009826660156,250.4600067138672,248.91000366210938,249.5,9717895
1691523000,249.49000549316406,250.32000732421875,248.62869262695312,249.6199951171875,6545063
1691587800,249.55999755859375,250.47869873046875,245.7803955078125,246.7100067138672,24050973
1691591400,246.7100067138672,247.3000030517578,242.1999969482422,243.41929626464844,19573325
1691595000,243.41000366210938,245.2899932861328,243.0,243.97000122070312,13726711
1691598600,243.92999267578125,245.64999389648438,243.05999755859375,245.1699981689453,10371991
1691602200,245.17010498046875,246.4600067138672,244.66000366210938,246.05999755859375,9017802
1691605800,246.06500244140625,246.63999938964844,243.92059326171875,244.72500610351562,10007670
1691609400,244.75149536132812,244.9084014892578,241.89999389648438,242.19009399414062,10934510
1691674200,245.39999389648438,251.5800018310547,244.52999877929688,250.97329711914062,31833967
1691677800,250.9600067138672,251.8000030517578,246.08999633789062,246.6300048828125,21405948
1691681400,246.6300048828125,247.2100067138672,243.8000030517578,244.59010314941406,16741662
1691685000,244.6147003173828,246.41000366210938,244.10000610351562,244.82000732421875,10508598
1691688600,244.8000030517578,245.97999572753906,243.0,245.47999572753906,11482935
1691692200,245.47500610351562,246.19000244140625,244.02999877929688,245.02000427246094,9924244
1691695800,245.0,245.89999389648438,244.39999389648438,245.3699951171875,5850080
1691760600,241.77000427246094,242.6699981689453,238.02000427246094,240.94000244140625,30979374
1691764200,240.97999572753906,242.63999938964844,239.8000030517578,240.69000244140625,16245457
1691767800,240.67999267578125,242.39999389648438,239.32000732421875,242.37550354003906,11828891
1691771400,242.35499572753906,243.1999053955078,240.8000030517578,242.38999938964844,10883223
1691775000,242.35000610351562,243.07000732421875,241.39999389648438,242.66000366210938,8810723
1691778600,242.64999389648438,243.7899932861328,242.35000610351562,242.9600067138672,11801571
1691782200,242.9600067138672,243.07000732421875,241.97999572753906,242.64999389648438,7084501
1692019800,235.6999969482422,238.9600067138672,233.75,238.01010131835938,32605640
1692023400,238.02000427246094,240.66000366210938,237.50999450683594,238.99000549316406,16140772
1692027000,238.99000549316406,239.2100067138672,236.7100067138672,238.26910400390625,13609001
1692030600,238.2700958251953,239.61700439453125,238.0,238.7698974609375,11440203
1692034200,238.75999450683594,239.02000427246094,237.36000061035156,238.34840393066406,8435277
1692037800,238.36000061035156,239.05999755859375,237.66000366210938,238.4250030517578,8527449
1692041400,238.4199981689453,239.83999633789062,238.22999572753906,239.75999450683594,5923609
1692106200,238.72999572753906,240.5,235.1300048828125,235.35989379882812,26716080
1692109800,235.36000061035156,236.38999938964844,234.27000427246094,235.35079956054688,15361364
1692113400,235.35000610351562,236.13999938964844,234.50999450683594,235.25,9619012
1692117000,235.25,235.6237030029297,233.1999969482422,233.92269897460938,10095261
1692120600,233.92149353027344,234.08999633789062,232.85060119628906,233.1300048828125,8552960
1692124200,233.13999938964844,234.39999389648438,232.61000061035156,232.74000549316406,8159310
1692127800,232.77000427246094,233.74000549316406,232.62010192871094,232.94500732421875,6770075
1692192600,228.02000427246094,233.97000122070312,227.4499969482422,231.17999267578125,32272024
1692196200,231.14500427246094,232.58990478515625,228.39999389648438,228.77999877929688,18140560
1692199800,228.7899932861328,229.27999877929688,226.6699981689453,226.9282989501953,16401589
1692203400,226.93910217285156,228.8300018310547,226.8699951171875,228.55999755859375,10220284
1692207000,228.54429626464844,229.35000610351562,226.9499969482422,228.96009826660156,11395897
1692210600,228.97000122070312,229.47000122070312,226.25,227.02999877929688,11527970
1692214200,227.05999755859375,227.6199951171875,225.3800048828125,225.55999755859375,8891243
1692279000,226.05999755859375,226.74000549316406,221.5312042236328,224.41380310058594,33755865
1692282600,224.38499450683594,225.67999267578125,223.05999755859375,223.38999938964844,20758545
1692286200,223.4199981689453,225.17999267578125,222.8000030517578,224.86500549316406,13206836
1692289800,224.889892578125,225.52999877929688,223.5,223.88999938964844,11373009
1692293400,223.88999938964844,223.92660522460938,221.91000366210938,222.12989807128906,10838609
1692297000,222.11500549316406,222.139892578125,219.38009643554688,220.139892578125,16354051
1692300600,220.14089965820312,220.22999572753906,218.8300018310547,219.19000244140625,10304209
1692365400,214.1199951171875,217.5800018310547,213.5,215.7100067138672,39347553
1692369000,215.74000549316406,216.63929748535156,212.75999450683594,212.97369384765625,24345007
1692372600,212.9958953857422,216.89999389648438,212.36000061035156,214.61000061035156,20741901
1692376200,214.64019775390625,216.64999389648438,214.25,215.22999572753906,15805761
1692379800,215.2230987548828,215.8000030517578,214.25,215.06629943847656,11903509
1692383400,215.00999450683594,216.32000732421875,214.1699981689453,214.92999267578125,11957676
1692387000,214.94000244140625,216.30999755859375,214.6699981689453,215.42999267578125,8161649
1692624600,221.5511932373047,229.94000244140625,220.5800018310547,226.92489624023438,43582533
1692628200,226.97999572753906,227.41000366210938,224.75999450683594,225.05999755859375,22174901
1692631800,225.05999755859375,227.4499969482422,224.5500030517578,227.22000122070312,13712586
1692635400,227.1999969482422,228.6199951171875,226.94369506835938,228.14999389648438,12047272
1692639000,228.13290405273438,230.4499969482422,228.07000732421875,230.02999877929688,13807744
1692642600,230.05880737304688,231.05999755859375,229.5800018310547,230.15350341796875,12618648
1692646200,230.14999389648438,232.13429260253906,229.44000244140625,231.27999877929688,9865529
1692711000,240.25,240.82000732421875,234.6999969482422,235.2200927734375,43590032
1692714600,235.25,236.5500030517578,233.0319061279297,233.0800018310547,19979070
1692718200,233.08639526367188,234.1199951171875,229.5500030517578,231.67999267578125,17620000
1692721800,231.67990112304688,234.18499755859375,231.44000244140625,232.28500366210938,15281288
1692725400,232.3000030517578,233.77000427246094,230.79010009765625,233.39149475097656,12867738
1692729000,233.41000366210938,234.19000244140625,232.10000610351562,232.5998992919922,12311734
1692732600,232.5800018310547,233.47999572753906,231.82000732421875,233.19000244140625,7030695
1692797400,229.33999633789062,234.70989990234375,229.2899932861328,234.02999877929688,30533205
1692801000,234.01499938964844,235.58999633789062,233.1999969482422,235.3300018310547,16436082
1692804600,235.35899353027344,237.13999938964844,234.88999938964844,236.5050048828125,13572772
1692808200,236.57000732421875,236.8800048828125,235.25999450683594,236.6761016845703,9136107
1692811800,236.67999267578125,238.97999572753906,236.66659545898438,237.8699951171875,11390277
1692815400,237.85499572753906,238.27000427246094,237.05999755859375,237.86000061035156,8509321
1692819000,237.85000610351562,238.25,236.50999450683594,236.84249877929688,5848928
1692883800,238.4127960205078,238.58999633789062,229.24000549316406,229.29269409179688,30261862
1692887400,229.27499389648438,231.64999389648438,228.1800994873047,231.07989501953125,18530562
1692891000,231.05999755859375,233.1300048828125,229.6999969482422,232.7299041748047,13004291
1692894600,232.72999572753906,234.44000244140625,231.82000732421875,232.1199951171875,10529155
1692898200,232.1300048828125,233.77999877929688,231.92999267578125,232.52999877929688,8815959
1692901800,232.52000427246094,232.9799041748047,230.6199951171875,230.88040161132812,9157610
1692905400,230.91000366210938,231.22999572753906,229.86000061035156,230.00999450683594,6402116
1692970200,231.30999755859375,237.75999450683594,230.92999267578125,233.61129760742188,31928323
1692973800,233.63999938964844,234.9199981689453,230.41000366210938,234.36000061035156,18945705
1692977400,234.360595703125,235.25,232.5500030517578,234.86000061035156,12342061
1692981000,234.83999633789062,236.11990356445312,234.14999389648438,234.91000366210938,9700209
1692984600,234.92999267578125,238.49000549316406,234.28070068359375,238.4333953857422,10371728
1692988200,238.4600067138672,238.89999389648438,237.27000427246094,238.52850341796875,12465362
1692991800,238.52999877929688,239.0,237.57000732421875,238.5800018310547,7686760
1693229400,243.92999267578125,244.3800048828125,237.1999969482422,240.25,33986594
1693233000,240.24009704589844,240.8699951171875,237.80999755859375,239.4600067138672,16700354
1693236600,239.46499633789062,239.86000061035156,235.52000427246094,236.1649932861328,16162243
1693240200,236.1833953857422,239.14999389648438,235.35000610351562,239.05999755859375,11933765
1693243800,239.0800018310547,239.1199951171875,236.02999877929688,237.14999389648438,9736432
1693247400,237.13189697265625,238.5,236.5500030517578,237.61500549316406,8798929
1693251000,237.58999633789062,239.67999267578125,237.47000122070312,238.88999938964844,6875789
1693315800,238.375,249.66000366210938,237.77000427246094,249.2200927734375,38176761
1693319400,249.24000549316406,251.88999938964844,248.58999633789062,251.4499969482422,26034317
1693323000,251.47500610351562,254.6488037109375,250.91000366210938,253.8300018310547,17464291
1693326600,253.8699951171875,254.8699951171875,252.65499877929688,253.2904052734375,12603046
1693330200,253.3000030517578,255.36990356445312,253.10000610351562,254.97520446777344,12262129
1693333800,254.96749877929688,257.0400085449219,254.47999572753906,256.6476135253906,13560119
1693337400,256.6400146484375,257.4800109863281,255.41000366210938,257.239990234375,9658288
1693402200,254.1999969482422,256.3800048828125,250.58999633789062,252.97059631347656,38724936
1693405800,252.9700927734375,255.88999938964844,252.97000122070312,255.41009521484375,17835679
1693409400,255.41009521484375,260.510009765625,255.25,260.0191955566406,18148239
1693413000,259.989990234375,260.1400146484375,257.74310302734375,257.9100036621094,11831843
1693416600,257.92999267578125,259.25,254.91000366210938,254.9149932861328,13713014
1693420200,254.91000366210938,257.6499938964844,254.2100067138672,255.94000244140625,12359526
1693423800,255.97000122070312,257.55999755859375,255.82000732421875,256.95001220703125,6886112
1693488600,255.97999572753906,259.6600036621094,255.0500030517578,258.19000244140625,31064241
1693492200,258.20001220703125,259.7900085449219,257.5006103515625,258.8399963378906,18747297
1693495800,258.82000732421875,259.9200134277344,257.0,257.20001220703125,14351001
1693499400,257.2099914550781,258.1648864746094,255.64999389648438,257.7349853515625,11943014
1693503000,257.7500915527344,259.1300048828125,256.79998779296875,258.82501220703125,8599500
1693506600,258.8349914550781,259.4800109863281,258.0202941894531,258.9100036621094,8572877
1693510200,258.9700012207031,261.17999267578125,257.8900146484375,258.027099609375,9019177
1693575000,257.260009765625,259.07940673828125,251.0500946044922,252.57000732421875,35063467
1693578600,252.5500030517578,252.5511016845703,246.97000122070312,248.056396484375,23937651
1693582200,248.08999633789062,248.51499938964844,245.4600067138672,246.77000427246094,16126759
1693585800,246.76370239257812,247.99000549316406,246.36000061035156,246.62379455566406,11353569
1693589400,246.62069702148438,247.07000732421875,242.50999450683594,242.91000366210938,16014620
1693593000,242.9199981689453,244.3000030517578,242.00999450683594,244.0865020751953,15204391
1693596600,244.08999633789062,245.47999572753906,243.89999389648438,244.99000549316406,9946706
1693920600,245.0,253.72000122070312,244.86000061035156,252.14999389648438,42978033
1693924200,252.14930725097656,253.99000549316406,251.0800018310547,252.2899932861328,19399372
1693927800,252.27490234375,255.80999755859375,252.0919952392578,255.514404296875,15227832
1693931400,255.5500030517578,256.8999938964844,255.13999938964844,255.36000061035156,14724897
1693935000,255.35000610351562,257.5,255.10000610351562,257.32159423828125,12871130
1693938600,257.3299865722656,258.0,256.5799865722656,257.2749938964844,12179750
1693942200,257.2900085449219,257.80499267578125,255.9499969482422,256.4800109863281,8191241
1694007000,254.18760681152344,254.82989501953125,245.38999938964844,245.64999389648438,39651964
1694010600,245.66000366210938,247.60000610351562,245.05999755859375,247.18919372558594,17778505
1694014200,247.17999267578125,249.7041015625,247.1300048828125,249.36000061035156,12956554
1694017800,249.36000061035156,251.0800018310547,247.41000366210938,250.57269287109375,13957489
1694021400,250.57000732421875,251.98989868164062,250.14999389648438,251.4748992919922,12365670
1694025000,251.5,252.44000244140625,250.9600067138672,251.65890502929688,11030109
1694028600,251.64999389648438,252.24000549316406,251.23159790039062,251.99000549316406,6494587
1694093400,244.0,248.6999969482422,243.26499938964844,245.25929260253906,35897863
1694097000,245.26499938964844,246.94000244140625,243.50999450683594,246.07989501953125,17260405
1694100600,246.05870056152344,250.38999938964844,246.02000427246094,249.7100067138672,14452877
1694104200,249.7100067138672,251.1999969482422,248.91000366210938,250.82000732421875,12279241
1694107800,250.88999938964844,252.80999755859375,250.3000030517578,250.84669494628906,13165657
1694111400,250.86000061035156,252.19000244140625,250.2100067138672,251.6649932861328,11400163
1694115000,251.66909790039062,252.33990478515625,251.0,251.49000549316406,7354484
1694179800,251.22000122070312,256.5199890136719,250.30999755859375,254.76499938964844,35130817
1694183400,254.8800048828125,255.25,251.39999389648438,253.75999450683594,17598415
1694187000,253.75250244140625,254.35000610351562,250.41000366210938,250.52999877929688,13598223
1694190600,250.50390625,250.88999938964844,246.6699981689453,247.33399963378906,18135137
1694194200,247.36000061035156,248.8800048828125,246.83999633789062,247.283203125,13973344
1694197800,247.30999755859375,248.5500030517578,246.92379760742188,248.3885040283203,11077515
1694201400,248.3867950439453,248.77999877929688,247.75,248.4600067138672,6773021
1694439000,264.2699890136719,265.94000244140625,260.6099853515625,264.3299865722656,53314289
1694442600,264.3280029296875,270.45001220703125,263.2001037597656,270.0899963378906,30209688
1694446200,270.0799865722656,272.5299072265625,269.55010986328125,271.8500061035156,24846580
1694449800,271.8393859863281,272.17999267578125,270.3500061035156,271.8992004394531,15831394
1694453400,271.909912109375,274.2300109863281,271.86199951171875,274.159912109375,16757186
1694457000,274.1700134277344,274.8500061035156,273.5299987792969,274.6099853515625,16030152
1694460600,274.614990234375,274.6400146484375,272.54998779296875,273.6449890136719,12393053
1694525400,270.760009765625,278.3900146484375,268.3299865722656,273.57000732421875,47468081
1694529000,273.54998779296875,275.5,269.8900146484375,271.67999267578125,23785642
1694532600,271.69000244140625,272.96990966796875,270.6000061035156,270.8544006347656,13723027
1694536200,270.85089111328125,271.1400146484375,268.55999755859375,270.57659912109375,13835420
1694539800,270.58990478515625,270.9482116699219,266.6000061035156,267.9800109863281,14993208
1694543400,267.9800109863281,268.4200134277344,266.760009765625,268.0885009765625,12172572
1694547000,268.1000061035156,268.1400146484375,266.8900146484375,267.3900146484375,7638543
1694611800,270.07000732421875,274.9800109863281,268.1000061035156,270.56988525390625,40560087
1694615400,270.57000732421875,273.19000244140625,270.1199951171875,272.389892578125,17387611
1694619000,272.364990234375,273.0799865722656,270.0,271.17999267578125,12369899
1694622600,271.20001220703125,272.5382995605469,270.6499938964844,272.1405944824219,9678107
1694626200,272.16558837890625,273.67999267578125,271.45001220703125,272.6050109863281,11048168
1694629800,272.5899963378906,272.8299865722656,270.0,271.1300048828125,11953621
1694633400,271.1300048828125,271.5,270.5,271.2799987792969,6196322
1694698200,271.0,274.6199951171875,270.489990234375,273.19500732421875,34882630
1694701800,273.2099914550781,276.17999267578125,273.19000244140625,274.96600341796875,20143367
1694705400,274.9700012207031,275.4200134277344,273.3500061035156,274.2799987792969,13267379
1694709000,274.2900085449219,275.8699951171875,274.0299987792969,274.67999267578125,9461835
1694712600,274.70001220703125,275.9100036621094,274.6499938964844,275.45001220703125,8898809
1694716200,275.44500732421875,276.70941162109375,274.93011474609375,275.5899963378906,12096485
1694719800,275.5799865722656,276.44000244140625,275.2699890136719,276.0199890136719,6193641
1694784600,278.8057861328125,278.9800109863281,271.6499938964844,275.0,40536913
1694788200,275.0199890136719,276.0400085449219,272.7900085449219,273.9075927734375,19318190
1694791800,273.893798828125,275.6000061035156,273.5299987792969,275.27740478515625,13277079
1694795400,275.2864074707031,276.5570068359375,274.29998779296875,274.57000732421875,12219532
1694799000,274.5899963378906,275.0299987792969,271.4200134277344,271.69000244140625,12104218
1694802600,271.7283020019531,273.84930419921875,271.0,273.510009765625,13635684
1694806200,273.54998779296875,278.0,272.7699890136719,274.4100036621094,8865675
1695043800,271.1600036621094,271.44000244140625,263.7601013183594,266.20001220703125,35450004
1695047400,266.2381896972656,267.9100036621094,264.4800109863281,267.9100036621094,16449581
1695051000,267.9198913574219,268.639892578125,266.25,267.04998779296875,11971336
1695054600,267.07501220703125,267.9859924316406,266.7002868652344,267.2650146484375,8560628
1695058200,267.2650146484375,268.42999267578125,265.9599914550781,266.19000244140625,8575163
1695061800,266.19500732421875,266.7099914550781,264.760009765625,265.8349914550781,11293696
1695065400,265.83050537109375,265.9389953613281,264.7099914550781,265.20001220703125,6479282
1695130200,264.3500061035156,267.8500061035156,261.20001220703125,263.8599853515625,34173943
1695133800,263.8399963378906,264.9198913574219,262.0799865722656,264.8699951171875,15654616
1695137400,264.8699951171875,265.2799987792969,263.5600891113281,264.5849914550781,10924325
1695141000,264.55999755859375,266.80999755859375,263.6400146484375,266.0397033691406,11568642
1695144600,266.04998779296875,267.5,265.8999938964844,266.0350036621094,11133995
1695148200,266.0199890136719,267.4700012207031,265.2200927734375,266.2099914550781,11368263
1695151800,266.2049865722656,266.7900085449219,265.6199951171875,266.4599914550781,5788089
1695216600,267.0400085449219,268.6000061035156,265.3100891113281,267.55999755859375,27086446
1695220200,267.54998779296875,268.1499938964844,265.4601135253906,265.8599853515625,11754807
1695223800,265.8349914550781,268.07000732421875,265.6199951171875,268.02130126953125,8605776
1695227400,268.0205993652344,273.92999267578125,267.28009033203125,271.57000732421875,18991534
1695231000,271.5899963378906,272.260009765625,269.20001220703125,271.67999267578125,16594801
1695234600,271.7279968261719,273.54998779296875,266.1000061035156,267.0199890136719,22315111
1695238200,267.0227966308594,267.1300048828125,262.4606018066406,262.4830017089844,14049609
1695303000,257.8500061035156,260.389892578125,254.2100067138672,256.2666931152344,39171449
1695306600,256.260009765625,258.54998779296875,255.89999389648438,257.348388671875,17014458
1695310200,257.3500061035156,258.3599853515625,256.9601135253906,258.2799987792969,10970900
1695313800,258.2699890136719,260.8599853515625,258.2699890136719,259.9100036621094,15853497
1695317400,259.9049987792969,260.2590026855469,256.79998779296875,257.1000061035156,10971050
1695321000,257.0799865722656,257.6300048828125,255.22000122070312,256.9399108886719,13254800
1695324600,256.94500732421875,257.6700134277344,255.3699951171875,255.64999389648438,9062584
1695389400,257.3999938964844,257.7887878417969,252.1300048828125,254.10440063476562,34976975
1695393000,254.1300048828125,256.1400146484375,253.63009643554688,255.1999969482422,15931964
1695396600,255.22850036621094,255.90989685058594,253.41000366210938,253.93240356445312,11518006
1695400200,253.9499969482422,254.66000366210938,249.6300048828125,249.64999389648438,15176565
1695403800,249.6533966064453,250.44000244140625,245.7100067138672,247.19000244140625,19572077
1695407400,247.19000244140625,248.14999389648438,245.4600067138672,247.2899932861328,16049157
1695411000,247.3000030517578,247.54820251464844,244.47999572753906,244.74000549316406,10619438
1695648600,243.3800048828125,244.8800048828125,238.30999755859375,242.00999450683594,37259197
1695652200,242.0,246.17999267578125,241.6999969482422,244.72000122070312,16850771
1695655800,244.72999572753906,247.07000732421875,244.5601043701172,246.78489685058594,13078933
1695659400,246.7899932861328,246.86000061035156,244.5500946044922,245.22000122070312,10238112
1695663000,245.27000427246094,246.5399932861328,244.94000244140625,245.37989807128906,8521043
1695666600,245.35000610351562,246.2100067138672,244.02000427246094,245.8300018310547,9790080
1695670200,245.8300018310547,247.10000610351562,245.41000366210938,247.05999755859375,6679752
1695735000,242.97999572753906,246.55999755859375,241.66009521484375,245.9499969482422,31570548
1695738600,245.9499969482422,249.5500030517578,245.77000427246094,246.9398956298828,18905667
1695742200,246.93629455566406,248.64630126953125,246.15150451660156,247.36000061035156,11540785
1695745800,247.3159942626953,247.6699981689453,244.97000122070312,245.0500030517578,9904545
1695749400,245.07000732421875,245.4499053955078,242.9199981689453,243.67010498046875,11776893
1695753000,243.66000366210938,244.89999389648438,243.5301055908203,243.72000122070312,9721332
1695756600,243.75999450683594,244.67999267578125,243.56100463867188,244.1300048828125,6252970
1695821400,244.26199340820312,245.3300018310547,241.4199981689453,244.01429748535156,32407775
1695825000,243.97999572753906,244.41000366210938,240.7301025390625,242.5699005126953,18538680
1695828600,242.55499267578125,242.92999267578125,238.57000732421875,239.0500030517578,15780207
1695832200,239.0500030517578,239.5500030517578,234.5800018310547,234.97500610351562,20061602
1695835800,234.95010375976562,238.24989318847656,234.74000549316406,238.0601043701172,16541286
1695839400,238.0780029296875,242.29989624023438,238.0780029296875,241.5,21127232
1695843000,241.4521026611328,241.9698944091797,239.52149963378906,240.47999572753906,9467288
1695907800,240.02000427246094,243.3000030517578,238.64999389648438,239.6199951171875,30907003
1695911400,239.6186065673828,244.10000610351562,238.77999877929688,244.0800018310547,18277804
1695915000,244.0800018310547,247.5500030517578,243.860107421875,247.05369567871094,19909829
1695918600,247.0800018310547,247.14999389648438,244.58889770507812,246.08990478515625,13465648
1695922200,246.08999633789062,247.14999389648438,245.0,246.8300018310547,10650500
1695925800,246.85000610351562,246.91000366210938,244.2200927734375,246.19180297851562,11682227
1695929400,246.2100067138672,247.0,244.55999755859375,246.3699951171875,9815247
1695994200,250.0,254.6699981689453,248.60000610351562,252.5500030517578,39033504
1695997800,252.57000732421875,254.16000366210938,251.24000549316406,251.28599548339844,19564383
1696001400,251.30999755859375,252.49000549316406,250.72000122070312,251.97999572753906,14690602
1696005000,252.0,252.6300048828125,248.0,249.23500061035156,14767181
1696008600,249.2100067138672,249.47999572753906,246.35000610351562,248.1199951171875,14585894
1696012200,248.13999938964844,250.60000610351562,247.6199951171875,250.0399932861328,13932031
1696015800,250.05799865722656,251.14999389648438,249.5301055908203,250.22999572753906,8616112
1696253400,244.80999755859375,250.77999877929688,242.6199951171875,248.10240173339844,40207030
1696257000,248.14999389648438,254.19000244140625,247.4019012451172,254.07000732421875,20227976
1696260600,254.07000732421875,254.2799072265625,251.07000732421875,252.16000366210938,15427957
1696264200,252.16000366210938,253.1199951171875,248.52999877929688,250.2899932861328,14364033
1696267800,250.32000732421875,250.57000732421875,248.10000610351562,248.83200073242188,11596394
1696271400,248.86000061035156,250.60000610351562,247.8800048828125,249.98989868164062,11577517
1696275000,249.9700927734375,251.75,249.8350067138672,251.61720275878906,7312341
1696339800,248.61000061035156,250.02000427246094,246.08009338378906,247.4499969482422,32417376
1696343400,247.47999572753906,248.0,244.4499969482422,246.8699951171875,17609045
1696347000,246.86000061035156,249.74000549316406,246.25,249.06500244140625,13575714
1696350600,249.06390380859375,249.24000549316406,247.64999389648438,247.8300018310547,8709223
1696354200,247.85000610351562,248.36990356445312,246.19000244140625,246.32200622558594,9309443
1696357800,246.32000732421875,247.41700744628906,245.47000122070312,245.58999633789062,9920584
1696361400,245.5800018310547,246.86500549316406,245.19000244140625,246.6300048828125,7477637
1696426200,248.13999938964844,253.3000030517578,247.60000610351562,251.3800048828125,37494655
1696429800,251.41949462890625,256.989990234375,251.3520965576172,255.94000244140625,24536398
1696433400,255.9499969482422,257.6679992675781,255.30999755859375,257.45001220703125,14021932
1696437000,257.44769287109375,258.45989990234375,256.784912109375,257.1300048828125,12204507
1696440600,257.1499938964844,258.05999755859375,256.4100036621094,257.9599914550781,10746374
1696444200,257.9599914550781,260.5198974609375,257.739990234375,260.05999755859375,14179173
1696447800,260.0799865722656,261.8599853515625,259.95001220703125,261.260009765625,11828902
1696512600,260.0,263.6000061035156,257.57000732421875,259.6549987792969,39191467
1696516200,259.6499938964844,259.75,256.25,258.0415954589844,19436712
1696519800,258.0400085449219,260.0,257.23419189453125,259.71990966796875,14497042
1696523400,259.69061279296875,260.1000061035156,257.9501037597656,259.48199462890625,11373685
1696527000,259.4700012207031,261.95001220703125,259.010009765625,261.6600036621094,12700528
1696530600,261.6650085449219,262.3900146484375,260.2650146484375,260.7715148925781,12375026
1696534200,260.7699890136719,261.1499938964844,259.82000732421875,260.1000061035156,7225859
1696599000,253.97999572753906,255.0800018310547,250.64999389648438,254.25,39211808
1696602600,254.27999877929688,255.50379943847656,252.99000549316406,254.16000366210938,18894536
1696606200,254.1999969482422,258.3799133300781,254.125,257.64990234375,16434167
1696609800,257.6300048828125,260.2799987792969,257.32000732421875,259.7893981933594,12139136
1696613400,259.79998779296875,260.6199951171875,258.760009765625,260.5707092285156,10399041
1696617000,260.5889892578125,261.6499938964844,260.4703063964844,261.3799133300781,11619039
1696620600,261.3599853515625,261.3800048828125,260.260009765625,260.54998779296875,6859176
1696858200,255.30999755859375,256.6199951171875,253.47000122070312,254.91000366210938,27717739
1696861800,254.9138946533203,255.24000549316406,252.0500030517578,253.77999877929688,15729188
1696865400,253.7899932861328,255.67999267578125,253.0800018310547,255.36000061035156,10957088
1696869000,255.335693359375,255.8800048828125,254.1199951171875,255.77999877929688,9168604
1696872600,255.80999755859375,260.1299133300781,255.77439880371094,260.0965881347656,14759016
1696876200,260.0799865722656,261.0400085449219,259.25,260.73748779296875,13470034
1696879800,260.7300109863281,261.3599853515625,259.2001037597656,259.6199951171875,7921383
1696944600,257.75,265.8985900878906,257.6499938964844,265.2349853515625,36007181
1696948200,265.25,268.7300109863281,265.2134094238281,268.375,22737464
1696951800,268.3999938964844,268.94000244140625,265.510009765625,266.54150390625,14215080
1696955400,266.54998779296875,266.8900146484375,262.8900146484375,264.3800048828125,15751578
1696959000,264.3800048828125,264.7499084472656,262.79998779296875,262.8605041503906,12499835
1696962600,262.8900146484375,265.6099853515625,262.8100891113281,264.239990234375,12377247
1696966200,264.25,264.5400085449219,263.3399963378906,263.55999755859375,6988772
1697031000,266.20001220703125,268.6000061035156,263.5799865722656,264.1400146484375,33035862
1697034600,264.1099853515625,266.45001220703125,263.0799865722656,264.1600036621094,16949645
1697038200,264.1600036621094,264.75,261.0400085449219,262.0,14815516
1697041800,262.0050048828125,263.17999267578125,261.30999755859375,261.9695129394531,9619845
1697045400,261.95001220703125,263.9599914550781,260.8999938964844,263.3299865722656,11007837
1697049000,263.3349914550781,264.1300048828125,262.2300109863281,263.2650146484375,9294410
1697052600,263.239990234375,263.8800048828125,262.9200134277344,262.95001220703125,6099867
1697117400,262.9200134277344,265.4100036621094,260.95001220703125,263.1221923828125,31837905
1697121000,263.1000061035156,264.0799865722656,261.6499938964844,263.2200012207031,15985392
1697124600,263.239990234375,264.9599914550781,262.9700927734375,264.4599914550781,11163363
1697128200,264.4800109863281,265.3900146484375,259.6400146484375,259.7699890136719,15612777
1697131800,259.760009765625,260.4100036621094,256.6307067871094,259.1000061035156,17129852
1697135400,259.0899963378906,259.4800109863281,257.9601135253906,258.30999755859375,10867227
1697139000,258.30999755859375,259.739990234375,258.239990234375,258.90399169921875,6735751
1697203800,258.8999938964844,259.6000061035156,254.88999938964844,255.24000549316406,29888643
1697207400,255.22999572753906,256.3799133300781,253.02000427246094,253.49000549316406,18566452
1697211000,253.50999450683594,254.36000061035156,252.4499969482422,253.82000732421875,13024907
1697214600,253.83700561523438,254.39939880371094,251.52000427246094,251.52659606933594,9604365
1697218200,251.52999877929688,252.27000427246094,250.38360595703125,250.72149658203125,10606198
1697221800,250.72999572753906,252.47999572753906,250.22000122070312,251.40499877929688,10432275
1697225400,251.42999267578125,251.6999969482422,250.22000122070312,251.1300048828125,7383274
1697463000,250.0500030517578,254.1699981689453,248.47999572753906,253.09730529785156,27961121
1697466600,253.10000610351562,253.8699951171875,251.8699951171875,252.41000366210938,13738741
1697470200,252.36000061035156,253.13999938964844,251.4499969482422,253.01119995117188,9676203
1697473800,253.0,253.37989807128906,250.82000732421875,251.9499053955078,8899066
1697477400,251.9600067138672,255.39990234375,251.7100067138672,254.5657958984375,11175073
1697481000,254.5500030517578,255.17999267578125,253.77999877929688,255.0,9180495
1697484600,255.0,255.2277069091797,253.67999267578125,253.97000122070312,5826028
1697549400,250.10000610351562,251.88999938964844,247.0800018310547,251.0200958251953,27008343
1697553000,251.0312957763672,254.37600708007812,250.8000946044922,253.82220458984375,15433527
1697556600,253.83999633789062,256.9299011230469,253.39999389648438,256.0,13744853
1697560200,255.97999572753906,257.1830139160156,254.3699951171875,254.41000366210938,10341532
1697563800,254.40379333496094,255.44000244140625,253.67250061035156,255.1300048828125,9778916
1697567400,255.1300048828125,256.218994140625,254.29409790039062,254.9199981689453,9261509
1697571000,254.9600067138672,255.05999755859375,253.9199981689453,254.85000610351562,5717077
1697635800,252.6999969482422,254.6300048828125,250.3800048828125,250.4781036376953,22850389
1697639400,250.44009399414062,250.4698944091797,247.0709991455078,248.0164031982422,19109225
1697643000,248.0,248.7198944091797,246.0,246.0399932861328,14340594
1697646600,246.0399932861328,246.27000427246094,243.01600646972656,245.24159240722656,17686254
1697650200,245.23590087890625,245.2799072265625,243.55999755859375,244.4199981689453,10955928
1697653800,244.42999267578125,244.7899932861328,242.0800018310547,242.79100036621094,13490807
1697657400,242.8300018310547,243.47999572753906,242.32000732421875,242.5500030517578,8220744
1697722200,225.9499969482422,230.61000061035156,222.22000122070312,222.60000610351562,56543625
1697725800,222.5800018310547,223.7899932861328,218.6699981689453,220.08999633789062,28166114
1697729400,220.07000732421875,222.5,219.47999572753906,221.56500244140625,19971959
1697733000,221.54469299316406,222.13999938964844,219.02000427246094,222.02999877929688,14582263
1697736600,221.0500030517578,221.13999938964844,218.72999572753906,218.86000061035156,15843711
1697740200,218.8699951171875,219.00999450683594,216.77999877929688,218.52000427246094,18814819
1697743800,218.57000732421875,221.0,217.30999755859375,220.11000061035156,11573432
1697808600,217.00999450683594,218.860595703125,214.0904998779297,215.16940307617188,39485045
1697812200,215.152099609375,215.83999633789062,211.32000732421875,211.639892578125,22488986
1697815800,211.63999938964844,213.39999389648438,210.4199981689453,212.4799041748047,20913419
1697819400,212.47999572753906,215.75,212.4300994873047,215.3520050048828,16420699
1697823000,215.3800048828125,215.72000122070312,211.72000122070312,211.91000366210938,13166571
1697826600,211.8800048828125,213.47999572753906,211.33999633789062,212.81919860839844,12440417
1697830200,212.80999755859375,213.3199005126953,211.65499877929688,211.92999267578125,9524762
1698067800,210.0,210.5800018310547,202.50999450683594,209.64990234375,47591091
1698071400,209.66000366210938,215.39999389648438,208.57000732421875,215.35000610351562,27189470
1698075000,215.3300018310547,216.11000061035156,213.14999389648438,214.63999938964844,20137832
1698078600,214.64999389648438,216.97999572753906,212.94000244140625,213.639892578125,16312360
1698082200,213.61000061035156,215.41000366210938,213.24440002441406,213.8000030517578,13595447
1698085800,213.80999755859375,214.5699005126953,211.4199981689453,211.88999938964844,13883409
1698089400,211.8699951171875,212.75999450683594,211.4199981689453,212.02999877929688,8194056
1698154200,216.5,222.0500030517578,214.82139587402344,220.3863067626953,39527562
1698157800,220.36000061035156,220.59640502929688,216.27999877929688,216.4949951171875,20064954
1698161400,216.47999572753906,217.63999938964844,215.0500030517578,215.5399932861328,14420997
1698165000,215.5500030517578,217.8300018310547,214.11000061035156,217.7050018310547,13466861
1698168600,217.6649932861328,218.32000732421875,216.39700317382812,216.8739013671875,11549914
1698172200,216.88499450683594,217.4600067138672,215.67999267578125,216.02999877929688,9612707
1698175800,216.0500030517578,216.94000244140625,215.89999389648438,216.55999755859375,6591954
1698240600,215.8800048828125,219.2799072265625,214.25999450683594,217.05499267578125,30510706
1698244200,217.10000610351562,220.10000610351562,216.9875946044922,218.67010498046875,19341376
1698247800,218.70989990234375,218.8800048828125,215.02999877929688,216.72540283203125,13100796
1698251400,216.7176055908203,217.14990234375,214.1199951171875,214.49000549316406,10910347
1698255000,214.47000122070312,215.77000427246094,212.94009399414062,214.80490112304688,12106958
1698258600,214.8000030517578,215.14999389648438,212.85000610351562,213.26600646972656,9743570
1698262200,213.27000427246094,213.83999633789062,212.1999969482422,212.39999389648438,6911629
1698327000,211.32000732421875,214.8000030517578,207.1199951171875,210.97999572753906,33908040
1698330600,210.94500732421875,213.00999450683594,208.27999877929688,208.82240295410156,18445782
1698334200,208.83999633789062,209.47000122070312,205.4199981689453,206.389892578125,15721328
1698337800,206.38999938964844,207.25,204.8800048828125,205.8419952392578,12869815
1698341400,205.8300018310547,208.0399932861328,205.22999572753906,207.5500030517578,10450028
1698345000,207.5200958251953,209.5699005126953,207.17100524902344,207.77000427246094,11041472
1698348600,207.75,207.7899932861328,205.2899932861328,205.6699981689453,8899208
1698413400,210.60000610351562,212.41000366210938,204.86000061035156,208.5,31284136
1698417000,208.52499389648438,214.63999938964844,203.38999938964844,210.07000732421875,15737816
1698420600,210.0800018310547,214.1999969482422,205.4499969482422,208.8000030517578,10958258
1698424200,208.8300018310547,209.2899932861328,207.14999389648438,208.08999633789062,8633384
1698427800,208.0850067138672,208.3863983154297,205.77000427246094,206.125,9544633
1698431400,206.15989685058594,207.7899932861328,205.80999755859375,207.3800048828125,9275447
1698435000,207.35000610351562,207.75999450683594,205.9499969482422,207.32989501953125,6696227
1698672600,209.27999877929688,211.35000610351562,198.2100067138672,201.44000244140625,31070587
1698676200,201.4499969482422,204.75999450683594,193.3699951171875,198.33990478515625,30474491
1698679800,198.31629943847656,203.0500030517578,194.3300018310547,198.20559692382812,15818940
1698683400,198.1999969482422,201.42999267578125,191.25,196.5850067138672,17441602
1698687000,196.61810302734375,198.47000122070312,195.75999450683594,195.7801055908203,13786774
1698690600,195.78500366210938,198.88999938964844,195.55999755859375,198.101806640625,14451916
1698694200,198.10000610351562,198.22000122070312,196.92999267578125,197.27000427246094,9325300
1698759000,196.1199951171875,201.16000366210938,194.07000732421875,199.1699981689453,39454094
1698762600,199.21670532226562,199.77000427246094,196.37109375,196.5500030517578,19001657
1698766200,196.57000732421875,198.8300018310547,196.5,197.69000244140625,12079171
1698769800,197.71449279785156,199.75,197.0500030517578,199.75,10983279
1698773400,199.74000549316406,202.58990478515625,199.44009399414062,201.03329467773438,14834115
1698777000,201.0699005126953,202.8000030517578,201.0330047607422,201.69500732421875,10925203
1698780600,201.6999969482422,201.6999969482422,200.35000610351562,200.8300018310547,6980022
1698845400,204.0399932861328,204.72999572753906,200.25999450683594,201.5301055908203,31508753
1698849000,201.54139709472656,201.74000549316406,197.85000610351562,198.87010192871094,19543293
1698852600,198.8699951171875,201.67999267578125,198.74009704589844,201.3300018310547,12685325
1698856200,201.33599853515625,202.22999572753906,200.1300048828125,201.07949829101562,10380737
1698859800,201.06959533691406,202.6999053955078,199.86000061035156,201.25,11692346
1698863400,201.21029663085938,204.8800048828125,200.6300048828125,204.16000366210938,21334200
1698867000,204.13999938964844,205.99000549316406,203.92999267578125,205.6999969482422,10095739
1698931800,212.97000122070312,219.19000244140625,211.4499969482422,216.43080139160156,43279127
1698935400,216.4459991455078,217.80999755859375,215.3699951171875,216.1387939453125,19064441
1698939000,216.12139892578125,218.1199951171875,215.6300048828125,216.9842071533203,15225671
1698942600,216.97000122070312,217.8000030517578,216.13999938964844,216.94000244140625,11584854
1698946200,216.9499969482422,218.65989685058594,216.6199951171875,218.2397003173828,9915434
1698949800,218.24000549316406,219.1999969482422,217.67010498046875,217.69009399414062,11727475
1698953400,217.68499755859375,218.63999938964844,217.1999969482422,218.52999877929688,9227487
1699018200,221.14999389648438,226.37010192871094,220.52999877929688,222.6199951171875,39000751
1699021800,222.593505859375,223.02000427246094,219.77000427246094,219.99000549316406,20820865
1699025400,220.02999877929688,221.66000366210938,218.5,220.9600067138672,16254887
1699029000,220.9698944091797,221.36000061035156,218.9199981689453,219.3332061767578,10953721
1699032600,219.33999633789062,220.24000549316406,218.39999389648438,220.17750549316406,10237326
1699036200,220.17999267578125,220.82000732421875,218.92010498046875,219.40069580078125,10784516
1699039800,219.39999389648438,220.16990661621094,218.64999389648438,219.9499969482422,8301320
1699281000,223.97999572753906,226.32000732421875,219.0500030517578,221.1199951171875,36890729
1699284600,221.16000366210938,222.0500030517578,219.27999877929688,220.47999572753906,16145450
1699288200,220.47000122070312,220.75,216.83999633789062,217.57000732421875,14515601
1699291800,217.58999633789062,217.71800231933594,215.0,215.80999755859375,13869546
1699295400,215.82989501953125,217.24000549316406,215.00999450683594,217.22500610351562,11929533
1699299000,217.22000122070312,219.4199981689453,216.89999389648438,219.3000030517578,13532016
1699302600,219.30999755859375,219.76589965820312,218.6999969482422,219.32000732421875,7503827
1699367400,219.97999572753906,220.9597930908203,215.72000122070312,217.1551971435547,31256091
1699371000,217.13999938964844,218.82989501953125,216.36000061035156,218.66200256347656,18019021
1699374600,218.66000366210938,219.72000122070312,216.97909545898438,218.05999755859375,13548682
1699378200,218.05999755859375,220.19000244140625,217.3000030517578,219.2375030517578,12643762
1699381800,219.26519775390625,222.0,219.22000122070312,221.97000122070312,14148966
1699385400,221.9873046875,222.75,220.5399932861328,222.6688995361328,14427966
1699389000,222.64999389648438,223.1199951171875,221.75999450683594,222.27000427246094,9599790
1699453800,223.14999389648438,224.14999389648438,217.86000061035156,218.25999450683594,30510256
1699457400,218.28990173339844,220.66000366210938,218.0,220.46029663085938,18283175
1699461000,220.4499969482422,221.2375030517578,218.0500030517578,218.3800048828125,14518568
1699464600,218.41000366210938,220.14999389648438,217.63999938964844,219.99000549316406,11122870
1699468200,220.0,221.4600067138672,219.8800048828125,220.9499969482422,10069584
1699471800,220.9597930908203,222.08999633789062,220.27999877929688,221.94000244140625,11159674
1699475400,221.94000244140625,222.9499969482422,221.4600067138672,222.10000610351562,7741544
1699540200,219.75,220.8000030517578,213.5200958251953,213.9801025390625,34009787
1699543800,213.97999572753906,215.3000030517578,213.1300048828125,213.3249969482422,19398099
1699547400,213.33999633789062,213.49920654296875,209.14999389648438,209.6363067626953,20708630
1699551000,209.60499572753906,210.41000366210938,207.02000427246094,209.10499572753906,19315028
1699554600,209.08999633789062,210.49000549316406,207.16000366210938,209.0,17218384
1699558200,208.9700927734375,209.53500366210938,206.67999267578125,208.13009643554688,16111476
1699561800,208.1649932861328,210.53990173339844,208.11000061035156,209.94000244140625,10880671
1699626600,209.0,213.67999267578125,205.69000244140625,207.0998992919922,40025319
1699630200,207.06170654296875,211.24000549316406,206.63999938964844,210.42999267578125,20890699
1699633800,210.42999267578125,213.17999267578125,209.27999877929688,212.64999389648438,18007884
1699637400,212.6300048828125,213.4600067138672,211.9199981689453,213.22999572753906,12798562
1699641000,213.22000122070312,215.3800048828125,213.22000122070312,214.80999755859375,14355739
1699644600,214.80999755859375,215.35000610351562,213.6199951171875,214.8697052001953,12286516
1699648200,214.86000061035156,215.02890014648438,213.97999572753906,214.69000244140625,8968876
1699885800,215.60000610351562,220.4199981689453,211.610107421875,219.98500061035156,38837399
1699889400,219.97000122070312,223.9199981689453,219.3699951171875,223.52999877929688,26384434
1699893000,223.5500030517578,225.39999389648438,222.7100067138672,224.1300048828125,20160326
1699896600,224.1011962890625,224.3300018310547,221.57000732421875,222.12130737304688,14999487
1699900200,222.1199951171875,224.88999938964844,221.77000427246094,224.86000061035156,13243605
1699903800,224.8800048828125,224.97999572753906,222.86000061035156,224.0010986328125,13690039
1699907400,224.02000427246094,224.52999877929688,223.47999572753906,223.7050018310547,8768935
1699972200,234.0,235.58999633789062,230.72000122070312,232.7899932861328,51324486
1699975800,232.8000030517578,235.2635040283203,232.3699951171875,233.99000549316406,20785779
1699979400,233.96009826660156,235.9499969482422,233.10000610351562,234.0491943359375,16685866
1699983000,234.0500030517578,236.36399841308594,234.04010009765625,236.08999633789062,13199711
1699986600,236.10499572753906,236.57000732421875,234.05999755859375,236.0850067138672,14219150
1699990200,236.0751953125,237.97999572753906,235.86000061035156,237.8699951171875,16513111
1699993800,237.87989807128906,238.13499450683594,236.72000122070312,237.40499877929688,11374764
1700058600,239.2899932861328,243.1999969482422,236.4499969482422,242.16380310058594,46297114
1700062200,242.1699981689453,246.6999969482422,242.11000061035156,246.07859802246094,27445491
1700065800,246.07989501953125,246.13999938964844,241.6199951171875,243.89010620117188,20452799
1700069400,243.8800048828125,245.1699981689453,240.45030212402344,242.30999755859375,18253841
1700073000,242.32000732421875,244.139892578125,242.1699981689453,243.9250030517578,12956141
1700076600,243.92999267578125,244.4600067138672,242.72999572753906,244.02000427246094,12667963
1700080200,244.02999877929688,244.25999450683594,242.48809814453125,242.9250030517578,8471565
1700145000,239.25,240.8800048828125,236.00999450683594,237.10000610351562,37149514
1700148600,237.1300048828125,237.60000610351562,234.3000030517578,235.57989501953125,23774206
1700152200,235.55999755859375,236.42999267578125,234.5301055908203,235.8000030517578,15501513
1700155800,235.8000030517578,236.75,233.52999877929688,233.72999572753906,14225827
1700159400,233.77000427246094,234.32000732421875,230.9600067138672,232.04519653320312,18437594
1700163000,232.04989624023438,233.4499969482422,231.66000366210938,232.7100067138672,13546671
1700166600,232.75,234.5,232.28309631347656,233.5,9973675
1700231400,232.0,232.8699951171875,226.5399932861328,231.53550720214844,43701914
1700235000,231.5,236.13999938964844,230.75999450683594,235.75990295410156,27528274
1700238600,235.72500610351562,236.3300018310547,234.0800018310547,234.7100067138672,16944508
1700242200,234.7095947265625,237.0800018310547,234.25,236.52000427246094,13937328
1700245800,236.5500030517578,237.38999938964844,234.3074951171875,235.11000061035156,14363290
1700249400,235.1300048828125,235.35000610351562,233.4499969482422,234.68809509277344,14676484
1700253000,234.69000244140625,234.92999267578125,234.10000610351562,234.47999572753906,8018848
1700490600,234.0399932861328,236.1699981689453,231.02000427246094,233.74000549316406,38050018
1700494200,233.78660583496094,235.18600463867188,231.8300018310547,234.19000244140625,19699489
1700497800,234.1699981689453,235.1999969482422,233.5399932861328,233.77999877929688,12221340
1700501400,233.8000030517578,234.55999755859375,232.82000732421875,233.85499572753906,12496609
1700505000,233.85000610351562,235.0500030517578,233.36000061035156,234.40499877929688,10674439
1700508600,234.42999267578125,236.77499389648438,234.30999755859375,236.58999633789062,12327801
1700512200,236.60000610351562,237.10000610351562,235.1300048828125,235.7100067138672,8182115
1700577000,235.0399932861328,243.6199951171875,233.33999633789062,240.17269897460938,44253702
1700580600,240.17999267578125,242.13999938964844,239.27000427246094,241.95989990234375,21942700
1700584200,241.93980407714844,242.9600067138672,241.17999267578125,241.43280029296875,14322682
1700587800,241.42430114746094,242.13999938964844,239.86000061035156,240.35000610351562,11684561
1700591400,240.36680603027344,242.0399932861328,240.00999450683594,241.72999572753906,11384654
1700595000,241.7100067138672,242.22999572753906,240.91000366210938,241.05299377441406,9422526
1700598600,241.07000732421875,241.86000061035156,240.82229614257812,241.23500061035156,6475819
1700663400,243.41470336914062,244.00999450683594,232.5946044921875,234.36500549316406,40037207
1700667000,234.36500549316406,236.08999633789062,231.46380615234375,231.97000122070312,21833389
1700670600,231.9604034423828,233.74989318847656,231.7100067138672,232.39010620117188,13371522
1700674200,232.38999938964844,234.22999572753906,231.57009887695312,234.1750030517578,11010944
1700677800,234.17999267578125,234.8206024169922,232.9499969482422,233.20950317382812,11111214
1700681400,233.17999267578125,233.36000061035156,231.39999389648438,233.07919311523438,11377377
1700685000,233.0758056640625,234.5,233.00999450683594,234.21009826660156,6988335
1700836200,233.75,236.82000732421875,232.3300018310547,235.35980224609375,26995527
1700839800,235.36000061035156,238.75,235.17999267578125,237.84710693359375,17856356
1700843400,237.82000732421875,238.22000122070312,236.6300048828125,237.35000610351562,11802980
1701095400,237.42999267578125,237.5,232.10000610351562,234.19000244140625,35260133
1701099000,234.19000244140625,236.34519958496094,233.57000732421875,234.3498992919922,17714835
1701102600,234.3249969482422,237.0,234.02000427246094,236.97999572753906,13152895
1701106200,236.97999572753906,238.25999450683594,236.6800994873047,237.44000244140625,14623754
1701109800,237.44000244140625,237.9499969482422,236.5,237.08160400390625,10570614
1701113400,237.08309936523438,237.6199951171875,235.72000122070312,236.64500427246094,11588271
1701117000,236.66000366210938,237.17880249023438,235.9842071533203,236.11000061035156,6692697
1701181800,236.67999267578125,239.1898956298828,234.30999755859375,235.7899932861328,33685616
1701185400,235.75,241.99000549316406,234.00999450683594,240.9499969482422,30528092
1701189000,240.9571075439453,242.8699951171875,240.77000427246094,242.5749969482422,21466831
1701192600,242.56109619140625,244.0,241.5500030517578,243.81820678710938,17264786
1701196200,243.8249969482422,245.6199951171875,243.64999389648438,245.40750122070312,17354717
1701199800,245.41000366210938,246.42999267578125,244.86000061035156,245.38999938964844,14700567
1701203400,245.3699951171875,247.0,245.3300018310547,246.7209014892578,9548228
1701268200,249.2100067138672,252.75,247.72000122070312,251.22999572753906,43770425
1701271800,251.25,251.5500030517578,245.36000061035156,245.57000732421875,24491639
1701275400,245.60000610351562,249.0399932861328,245.5399932861328,248.95950317382812,15101002
1701279000,248.96499633789062,249.05999755859375,246.44000244140625,247.11000061035156,12813359
1701282600,247.1199951171875,247.5,245.75999450683594,246.2550048828125,11841055
1701286200,246.256103515625,246.30999755859375,242.75999450683594,243.1580047607422,16512627
1701289800,243.1699981689453,244.58990478515625,243.11000061035156,244.14999389648438,8199606
1701354600,245.13999938964844,245.22000122070312,239.50999450683594,243.44000244140625,36209220
1701358200,243.4600067138672,244.4698944091797,239.66000366210938,239.8802947998047,20443914
1701361800,239.8800048828125,241.08999633789062,239.09519958496094,240.17999267578125,15179493
1701365400,240.1876983642578,241.60000610351562,239.27999877929688,239.7198944091797,12937627
1701369000,239.72000122070312,240.30999755859375,238.22999572753906,239.9600067138672,12038592
1701372600,239.94729614257812,241.85000610351562,238.74000549316406,239.4199981689453,14631549
1701376200,239.4600067138672,240.50999450683594,236.91000366210938,239.99000549316406,13016128
1701441000,233.13999938964844,236.3300018310547,231.89999389648438,233.2550048828125,37892650
1701444600,233.25619506835938,237.7100067138672,232.3300018310547,236.99000549316406,22005444
1701448200,236.97000122070312,239.5,235.82000732421875,239.47500610351562,17767358
1701451800,239.47500610351562,240.19000244140625,238.22999572753906,238.91000366210938,13119956
1701455400,238.91000366210938,239.00889587402344,236.61669921875,238.0749969482422,11007136
1701459000,238.08999633789062,238.9199981689453,237.5500946044922,238.65420532226562,10548729
1701462600,238.65499877929688,239.0800018310547,238.02999877929688,238.7899932861328,6713128
1701700200,235.75,239.37330627441406,234.67999267578125,235.8000030517578,30248423
1701703800,235.80999755859375,236.30850219726562,233.2902069091797,235.44000244140625,18816176
1701707400,235.44630432128906,237.5399932861328,235.0,237.1699981689453,12962057
1701711000,237.17999267578125,238.4199981689453,236.4199981689453,236.4600067138672,9701734
1701714600,236.4600067138672,237.58729553222656,235.89999389648438,237.1199951171875,10795561
1701718200,237.12539672851562,237.42999267578125,235.72999572753906,236.1334991455078,10782701
1701721800,236.13999938964844,237.08999633789062,235.4199981689453,235.55999755859375,7669184
1701786600,233.8699951171875,243.28660583496094,233.6999969482422,242.10000610351562,35861112
1701790200,242.12379455566406,246.66000366210938,241.97999572753906,244.72500610351562,26763083
1701793800,244.70010375976562,245.08999633789062,242.5500030517578,243.40240478515625,16158332
1701797400,243.42999267578125,243.5500030517578,239.74000549316406,240.10000610351562,18035353
1701801000,240.11000061035156,240.35000610351562,237.58999633789062,239.2209014892578,17645870
1701804600,239.22000122070312,240.4499969482422,238.02999877929688,239.38999938964844,13432238
1701808200,239.38999938964844,239.94000244140625,238.1699981689453,238.7301025390625,7735320
1701873000,242.9199981689453,246.1999969482422,241.3450927734375,242.02999877929688,39241808
1701876600,242.0399932861328,245.30999755859375,241.9600067138672,245.13690185546875,19774018
1701880200,245.1199951171875,245.38999938964844,243.10000610351562,244.61109924316406,14707863
1701883800,244.6300048828125,246.57000732421875,242.05999755859375,242.4149932861328,17638333
1701887400,242.42100524902344,243.02000427246094,241.25999450683594,241.64830017089844,11457702
1701891000,241.65499877929688,243.1199951171875,239.7899932861328,239.9600067138672,11879551
1701894600,239.9499969482422,240.7899932861328,239.1708984375,239.41209411621094,8200217
1701959400,241.5500030517578,242.6999969482422,236.97999572753906,240.0500030517578,31313004
1701963000,240.0240936279297,244.0800018310547,239.25,242.07000732421875,22568561
1701966600,242.0500030517578,243.35000610351562,241.1199951171875,241.27000427246094,13296763
1701970200,241.27999877929688,241.3000030517578,239.39999389648438,239.985107421875,12654073
1701973800,239.99000549316406,241.8699951171875,239.9199981689453,241.41940307617188,9517512
1701977400,241.41990661621094,241.8300018310547,240.32000732421875,241.7899932861328,8359489
1701981000,241.78579711914062,242.8585968017578,241.32000732421875,242.63999938964844,6812461
1702045800,240.27000427246094,244.89849853515625,239.2700958251953,244.66000366210938,29379280
1702049400,244.63999938964844,245.27000427246094,242.5,244.2572021484375,18145451
1702053000,244.25999450683594,244.6699981689453,240.47999572753906,241.34010314941406,14693053
1702056600,241.3800048828125,242.74000549316406,240.69000244140625,242.53500366210938,10725047
1702060200,242.5399932861328,244.32530212402344,242.5,244.00990295410156,10275616
1702063800,244.00999450683594,244.74000549316406,243.0500030517578,243.77000427246094,11178802
1702067400,243.77000427246094,244.0,243.22000122070312,243.77000427246094,6101583
1702305000,242.0,243.0500030517578,239.4499969482422,239.55499267578125,29064896
1702308600,239.58999633789062,242.0699005126953,239.3249969482422,239.75,15836962
1702312200,239.75999450683594,239.89999389648438,237.4499969482422,238.70849609375,13669728
1702315800,238.7100067138672,239.66990661621094,238.2899932861328,238.71800231933594,9403390
1702319400,238.6999969482422,240.3800048828125,238.1199951171875,240.20199584960938,9416266
1702323000,240.1999969482422,240.6699981689453,239.0800018310547,239.610107421875,11084476
1702326600,239.6114959716797,239.99989318847656,239.16000366210938,239.64999389648438,6555951
1702391400,238.5500030517578,238.99000549316406,233.8699951171875,236.0,31327712
1702395000,235.9893035888672,236.6199951171875,234.33079528808594,235.69000244140625,15511100
1702398600,235.7100067138672,236.0,233.8800048828125,234.3699951171875,11017710
1702402200,234.36500549316406,235.8699951171875,234.33009338378906,234.6865997314453,9815726
1702405800,234.6699981689453,236.99000549316406,234.5399932861328,236.75,10224929
1702409400,236.75999450683594,237.5261993408203,236.27000427246094,236.94219970703125,9312796
1702413000,236.9481964111328,237.08999633789062,236.41000366210938,236.97000122070312,5704249
1702477800,234.19000244140625,236.89999389648438,232.1999969482422,233.86000061035156,30453262
1702481400,233.86000061035156,234.4600067138672,228.1999969482422,229.4001007080078,24582388
1702485000,229.4199981689453,230.8800048828125,228.77999877929688,230.44000244140625,17724119
1702488600,230.45989990234375,231.639892578125,229.6999969482422,230.3300018310547,11206184
1702492200,230.33599853515625,234.4600067138672,230.00999450683594,233.94009399414062,15754221
1702495800,233.9459991455078,240.3000030517578,232.7100067138672,236.80999755859375,31241800
1702499400,236.7899932861328,239.3000030517578,236.5301055908203,239.27999877929688,11338084
1702564200,242.25,248.0399932861328,241.77999877929688,246.7698974609375,42318037
1702567800,246.75,249.8699951171875,246.1999969482422,248.27529907226562,24678391
1702571400,248.27999877929688,252.3000030517578,248.16000366210938,252.27999877929688,23875911
1702575000,252.27000427246094,253.8800048828125,249.41000366210938,249.5749969482422,24286956
1702578600,249.57000732421875,250.7100067138672,247.1999969482422,250.07000732421875,17958118
1702582200,250.0540008544922,252.14999389648438,249.77000427246094,251.10400390625,15207547
1702585800,251.10000610351562,251.5500030517578,249.91000366210938,251.14010620117188,9127180
1702650600,250.375,253.07000732421875,248.3000030517578,252.79049682617188,39296941
1702654200,252.8000030517578,253.3000030517578,250.13999938964844,251.8699951171875,17689204
1702657800,251.8699951171875,253.3699951171875,250.82000732421875,253.19320678710938,14197106
1702661400,253.19000244140625,253.67999267578125,251.77999877929688,252.80990600585938,13224094
1702665000,252.7899932861328,252.9799041748047,250.60000610351562,250.71719360351562,10947852
1702668600,250.70480346679688,252.3000030517578,250.67999267578125,251.8907928466797,8573371
1702672200,251.8800048828125,254.1300048828125,251.86000061035156,253.33999633789062,10078455
1702909800,253.77999877929688,258.739990234375,252.55999755859375,258.3900146484375,32467551
1702913400,258.3900146484375,258.489990234375,255.4801025390625,255.77999877929688,17611495
1702917000,255.7899932861328,256.3741149902344,253.25059509277344,254.50999450683594,17112510
1702920600,254.5,255.37939453125,254.02000427246094,254.14430236816406,12031644
1702924200,254.14500427246094,254.97000122070312,252.64010620117188,252.71359252929688,12026431
1702927800,252.72999572753906,253.6199951171875,252.13999938964844,252.78460693359375,12845087
1702931400,252.75999450683594,252.88999938964844,251.36000061035156,252.02000427246094,7893149
1702996200,253.47999572753906,256.9700012207031,253.00999450683594,256.96990966796875,29493260
1702999800,256.9599914550781,258.33990478515625,255.5500030517578,257.9299011230469,20715436
1703003400,257.94000244140625,258.14990234375,255.24000549316406,256.04998779296875,14831676
1703007000,256.06500244140625,256.45001220703125,254.66000366210938,256.2250061035156,11148023
1703010600,256.2300109863281,256.95001220703125,255.1999969482422,256.17999267578125,11654701
1703014200,256.1971130371094,256.8999938964844,255.57150268554688,256.1000061035156,8957140
1703017800,256.0600891113281,257.25,256.010009765625,257.19500732421875,6208436
1703082600,255.5,259.8399963378906,254.87010192871094,258.48040771484375,30511696
1703086200,258.4800109863281,258.9200134277344,256.7601013183594,256.90008544921875,16210798
1703089800,256.8999938964844,257.6700134277344,255.60000610351562,255.78689575195312,12434680
1703093400,255.77000427246094,256.92999267578125,255.1999969482422,256.8599853515625,10257531
1703097000,256.8399963378906,257.44000244140625,254.5,254.50120544433594,10497984
1703100600,254.5164031982422,254.58999633789062,247.2899932861328,248.5500030517578,28641275
1703104200,248.5800018310547,249.4600067138672,247.0,247.23989868164062,12048781
1703169000,251.89999389648438,253.9499969482422,248.5500030517578,249.63499450683594,33687166
1703172600,249.69000244140625,253.0,249.52999877929688,252.97799682617188,17319020
1703176200,252.97760009765625,254.00999450683594,250.6999969482422,251.2758026123047,16519891
1703179800,251.3000030517578,252.17999267578125,250.07009887695312,251.22999572753906,11023217
1703183400,251.25999450683594,253.5500030517578,251.08999633789062,252.95460510253906,10635270
1703187000,252.9600067138672,254.6199951171875,252.63999938964844,254.56480407714844,10619236
1703190600,254.55999755859375,254.79989624023438,253.74000549316406,254.51910400390625,6814491
1703255400,256.760009765625,258.2200012207031,255.02999877929688,256.25,29436659
1703259000,256.2799987792969,256.6499938964844,254.25999450683594,255.125,14583014
1703262600,255.1302947998047,256.3399963378906,254.8300018310547,255.87010192871094,10871278
1703266200,255.8800048828125,256.3900146484375,255.4199981689453,255.53500366210938,7162723
1703269800,255.51510620117188,255.73080444335938,251.6999969482422,251.78500366210938,12774414
1703273400,251.7899932861328,253.4199981689453,251.3699951171875,253.3249969482422,10894475
1703277000,253.3101043701172,253.33990478515625,252.14999389648438,252.53900146484375,5668758
1703601000,254.49000549316406,256.9800109863281,252.91000366210938,256.1700134277344,23597405
1703604600,256.1600036621094,257.47900390625,255.38999938964844,256.3949890136719,16301358
1703608200,256.4096984863281,257.5190124511719,256.1000061035156,257.44500732421875,10913268
1703611800,257.440185546875,257.82000732421875,256.5899963378906,257.7200012207031,10000497
1703615400,257.7300109863281,257.9700012207031,257.210205078125,257.50299072265625,7486594
1703619000,257.510009765625,257.6300048828125,256.17999267578125,256.8550109863281,9028449
1703622600,256.8699951171875,257.4599914550781,256.3399963378906,256.7099914550781,6316474
1703687400,258.3500061035156,263.3399963378906,257.5199890136719,262.8399963378906,35431511
1703691000,262.8299865722656,262.95001220703125,260.69000244140625,262.25,17608896
1703694600,262.2449951171875,262.9599914550781,261.9200134277344,262.4649963378906,10357630
1703698200,262.4800109863281,262.9200134277344,261.8299865722656,262.8428955078125,9866313
1703701800,262.8500061035156,263.2499084472656,261.6099853515625,262.2398986816406,10437709
1703705400,262.239990234375,262.44000244140625,260.1424865722656,260.5899963378906,9099133
1703709000,260.5799865722656,261.54998779296875,260.45001220703125,261.54998779296875,10075626
1703773800,263.6600036621094,265.1300048828125,259.82000732421875,260.8768005371094,32431136
1703777400,260.8700866699219,261.760009765625,258.6000061035156,259.0,17827634
1703781000,259.0,259.4200134277344,258.29998779296875,258.9800109863281,11563309
1703784600,258.9800109863281,259.8699951171875,256.4800109863281,256.6929931640625,13046323
1703788200,256.7052917480469,257.1799011230469,255.44000244140625,256.010009765625,10863166
1703791800,256.0199890136719,256.07000732421875,252.7100067138672,253.9654998779297,15313497
1703795400,253.9600067138672,254.47999572753906,252.8000030517578,253.19000244140625,9115282
1703860200,255.10000610351562,255.19000244140625,251.52000427246094,252.58999633789062,27174243
1703863800,252.60000610351562,252.7100067138672,247.42999267578125,248.02000427246094,21336449
1703867400,248.0399932861328,249.75,247.66000366210938,248.46009826660156,12067133
1703871000,248.47500610351562,250.0,247.79010009765625,249.81260681152344,11091456
1703874600,249.82000732421875,251.0500030517578,249.36000061035156,249.41799926757812,9664863
1703878200,249.4149932861328,250.7299041748047,249.39999389648438,250.40499877929688,8632590
1703881800,250.39999389648438,250.4199981689453,248.1199951171875,248.49000549316406,7525628
1704205800,250.0,251.25,244.41000366210938,249.61000061035156,36427280
1704209400,249.60000610351562,250.25999450683594,246.82000732421875,250.0,16932853
1704213000,249.9940948486328,251.0,247.9416961669922,248.35000610351562,12121725
1704216600,248.35499572753906,249.13299560546875,247.0,248.35169982910156,9300163
1704220200,248.38999938964844,249.3800048828125,247.3000030517578,248.13720703125,8770028
1704223800,248.10000610351562,248.3800048828125,246.3300018310547,246.77999877929688,9630581
1704227400,246.77000427246094,248.69000244140625,246.05999755859375,248.39999389648438,7973090
1704292200,245.5,245.67999267578125,236.32000732421875,237.93389892578125,40913390
1704295800,237.9600067138672,240.30999755859375,237.1199951171875,239.04010009765625,18878080
1704299400,239.0500030517578,240.8699951171875,238.35000610351562,240.45860290527344,13218333
1704303000,240.44000244140625,241.27999877929688,239.86000061035156,240.1658935546875,10145368
1704306600,240.1699981689453,241.57000732421875,238.8000030517578,241.2530059814453,12651798
1704310200,241.27999877929688,241.6199951171875,238.7100067138672,239.25010681152344,12699859
1704313800,239.2563934326172,239.74000549316406,237.99000549316406,238.4199981689453,7664219
1704378600,239.25,241.75999450683594,237.72999572753906,240.47500610351562,31465260
1704382200,240.49000549316406,242.6999969482422,240.4302978515625,241.7449951171875,17206314
1704385800,241.72000122070312,242.14999389648438,239.77999877929688,241.1999969482422,11727668
1704389400,241.19500732421875,241.8699951171875,240.35000610351562,241.1699981689453,9243366
1704393000,241.16310119628906,241.8000030517578,239.0102996826172,239.0500946044922,10211070
1704396600,239.0500030517578,240.2299041748047,238.67999267578125,239.860107421875,11165320
1704400200,239.8800048828125,240.25,237.8000030517578,237.9600067138672,7923570
1704465000,236.86000061035156,239.67999267578125,234.9001007080078,239.1967010498047,30252931
1704468600,239.1750030517578,240.11959838867188,238.1999969482422,238.44500732421875,13771103
1704472200,238.4698944091797,238.84970092773438,236.3300018310547,236.61000061035156,11254227
1704475800,236.60009765625,238.08999633789062,236.25999450683594,237.81419372558594,9636882
1704479400,237.8123016357422,239.3800048828125,237.7823944091797,238.2899932861328,9676695
1704483000,238.3000030517578,238.49000549316406,236.6999969482422,236.9600067138672,9461568
1704486600,236.9499969482422,237.83999633789062,236.7899932861328,237.43099975585938,5783967
1704724200,236.13999938964844,239.1999969482422,235.3000030517578,236.9499969482422,25738913
1704727800,236.97000122070312,238.4499969482422,236.0500946044922,238.27499389648438,13642686
1704731400,238.26010131835938,240.0,237.68499755859375,239.20950317382812,10782053
1704735000,239.2050018310547,239.8699951171875,238.74000549316406,238.92999267578125,8458017
1704738600,238.93850708007812,240.24989318847656,238.6699981689453,239.79989624023438,9095207
1704742200,239.79200744628906,241.16000366210938,239.6699981689453,240.73800659179688,8604334
1704745800,240.77000427246094,241.25,240.30059814453125,240.3800048828125,5631978
1704810600,238.11000061035156,238.964599609375,232.0399932861328,232.3249969482422,31344281
1704814200,232.31640625,235.2899932861328,232.1999969482422,234.29519653320312,16237364
1704817800,234.3000030517578,235.5800018310547,233.64999389648438,234.9199981689453,12078110
1704821400,234.9499969482422,235.42999267578125,233.82000732421875,234.15460205078125,9092026
1704825000,234.1750030517578,235.13999938964844,233.30999755859375,233.8988037109375,9923972
1704828600,233.89999389648438,235.00999450683594,233.88009643554688,234.81410217285156,8441947
1704832200,234.82000732421875,235.14999389648438,233.77999877929688,234.87969970703125,6739054
1704897000,235.10000610351562,235.5,231.2899932861328,233.02999877929688,26481426
1704900600,233.0500030517578,235.07989501953125,232.55670166015625,232.5930938720703,14928391
1704904200,232.61000061035156,233.99000549316406,232.41000366210938,232.6999969482422,10268870
1704907800,232.69790649414062,233.63999938964844,232.02000427246094,233.47860717773438,10698934
1704911400,233.47000122070312,235.16000366210938,233.47000122070312,234.5399932861328,9742673
1704915000,234.52499389648438,235.25,233.5399932861328,233.72999572753906,9832697
1704918600,233.75999450683594,234.0399932861328,232.77499389648438,233.88999938964844,6976760
1704983400,230.57000732421875,230.92999267578125,226.0399932861328,227.95370483398438,37046853
1704987000,227.97000122070312,228.60000610351562,225.5399932861328,226.02000427246094,16895972
1704990600,226.03939819335938,227.3699951171875,225.3699951171875,225.73809814453125,11284227
1704994200,225.74000549316406,227.45989990234375,225.74000549316406,226.64500427246094,9271783
1704997800,226.66000366210938,227.99000549316406,226.3101043701172,226.9398956298828,9658588
1705001400,226.9499969482422,228.6334991455078,226.75999450683594,228.25799560546875,10248789
1705005000,228.25999450683594,228.64999389648438,226.32000732421875,227.3052978515625,7656066
1705069800,220.0800018310547,225.33999633789062,219.60000610351562,221.6199951171875,39270458
1705073400,221.59719848632812,222.5457000732422,220.08999633789062,221.8000946044922,18151945
1705077000,221.80999755859375,222.0,217.3000030517578,218.6750030517578,21626644
1705080600,218.6999053955078,219.85000610351562,218.36000061035156,219.27499389648438,11164129
1705084200,219.27999877929688,219.36990356445312,217.77999877929688,217.77999877929688,10657445
1705087800,217.7899932861328,218.63999938964844,217.1501007080078,218.52040100097656,11259235
1705091400,218.5399932861328,219.3300018310547,218.2100067138672,218.82000732421875,7810716
1705415400,215.0,223.49000549316406,212.17999267578125,222.9600067138672,42524626
1705419000,222.9600067138672,223.44000244140625,219.75,221.4261932373047,20993815
1705422600,221.4499969482422,222.0,218.52999877929688,219.02999877929688,14187266
1705426200,219.0500030517578,221.3000030517578,218.91000366210938,221.2017059326172,9992065
1705429800,221.22999572753906,221.3300018310547,219.5500030517578,220.05999755859375,9025849
1705433400,220.07000732421875,220.68829345703125,219.35000610351562,219.6195068359375,9002380
1705437000,219.6300048828125,220.10000610351562,219.22000122070312,219.9987030029297,6255499
1705501800,214.86000061035156,215.55999755859375,212.34500122070312,213.19000244140625,33528396
1705505400,213.19000244140625,214.6300048828125,212.39999389648438,213.33999633789062,16311761
1705509000,213.33999633789062,214.44000244140625,212.50999450683594,214.0850067138672,12590912
1705512600,214.10000610351562,214.25,212.41009521484375,212.8000946044922,10378676
1705516200,212.7899932861328,213.91000366210938,212.00999450683594,213.88999938964844,10398732
1705519800,213.8699951171875,215.17999267578125,213.7100067138672,214.125,9849975
1705523400,214.13999938964844,215.6699981689453,214.07000732421875,215.5399932861328,7007435
1705588200,216.8800048828125,217.4499969482422,213.55999755859375,214.3000030517578,27637121
1705591800,214.39999389648438,214.5299072265625,210.5,211.97999572753906,21847359
1705595400,211.99000549316406,212.69000244140625,209.50999450683594,210.63999938964844,14509820
1705599000,210.65359497070312,210.92999267578125,208.74000549316406,209.27999877929688,11509719
1705602600,209.25999450683594,211.69000244140625,209.22000122070312,211.57000732421875,9706704
1705606200,211.58999633789062,211.94000244140625,210.16000366210938,211.60000610351562,11150328
1705609800,211.61000061035156,212.0,210.8300018310547,211.8000030517578,6820931
1705674600,209.99000549316406,213.19000244140625,208.89999389648438,210.02000427246094,29389487
1705678200,210.00010681152344,210.6300048828125,208.19000244140625,209.35060119628906,17953701
1705681800,209.33999633789062,209.4781036376953,207.55999755859375,209.29989624023438,12621094
1705685400,209.3000030517578,210.72999572753906,208.81539916992188,210.66000366210938,10248404
1705689000,210.6699981689453,211.97999572753906,210.22999572753906,211.5800018310547,9433263
1705692600,211.57049560546875,212.82000732421875,210.6907958984375,211.60009765625,12373451
1705696200,211.6199951171875,212.25999450683594,210.82000732421875,212.1699981689453,6739589
1705933800,212.25,217.8000030517578,210.11000061035156,212.71429443359375,35280778
1705937400,212.7100067138672,212.73939514160156,208.75,209.20010375976562,23286715
1705941000,209.2324981689453,210.52999877929688,208.58999633789062,210.14500427246094,11817756
1705944600,210.1757049560547,210.39999389648438,207.6199951171875,207.8000030517578,11203065
1705948200,207.80650329589844,209.19949340820312,206.27000427246094,206.93499755859375,13117201
1705951800,206.92999267578125,209.66000366210938,206.58999633789062,209.41470336914062,11640452
1705955400,209.4333038330078,209.5800018310547,208.61000061035156,208.75,7417726
1706020200,211.3000030517578,215.64999389648438,210.58099365234375,211.25819396972656,36119303
1706023800,211.25999450683594,211.85000610351562,209.44009399414062,209.73500061035156,17756881
1706027400,209.73500061035156,210.17999267578125,208.4600067138672,208.77999877929688,12002644
1706031000,208.75999450683594,209.60000610351562,208.25999450683594,208.32000732421875,9964318
1706034600,208.3300018310547,209.28990173339844,207.75160217285156,208.6750030517578,11331526
1706038200,208.50999450683594,209.6699981689453,208.33999633789062,209.14999389648438,8826781
1706041800,209.15499877929688,209.23989868164062,208.27999877929688,209.1300048828125,6464794
1706106600,211.8800048828125,212.72999572753906,208.55999755859375,210.02999877929688,30117905
1706110200,210.10000610351562,212.47999572753906,209.97999572753906,211.0500030517578,16282836
1706113800,211.05999755859375,211.72999572753906,210.0,211.70750427246094,11432940
1706117400,211.72000122070312,211.81900024414062,210.00999450683594,210.83999633789062,10320631
1706121000,210.87989807128906,211.07000732421875,208.1199951171875,208.4499969482422,12912991
1706124600,208.4326934814453,209.39999389648438,206.91000366210938,207.11000061035156,13465828
1706128200,207.1300048828125,208.32000732421875,206.77000427246094,207.75999450683594,9367148
1706193000,189.0,193.0,186.0,187.13999938964844,70997069
1706196600,187.125,187.38999938964844,185.0,186.3699951171875,26437743
1706200200,186.3699951171875,186.42999267578125,180.86000061035156,180.92999267578125,26063674
1706203800,180.92999267578125,182.0800018310547,180.05999755859375,181.94000244140625,23519514
1706207400,181.9199981689453,182.67999267578125,180.2100067138672,181.5850067138672,17372669
1706211000,181.60000610351562,183.49000549316406,181.1999969482422,182.25079345703125,17006951
1706214600,182.27000427246094,183.19000244140625,182.22000122070312,182.55999755859375,11003488
1706279400,185.5,186.77999877929688,182.50039672851562,183.83999633789062,39118435
1706283000,183.85110473632812,185.66000366210938,183.52999877929688,184.03799438476562,16907810
1706286600,184.0500030517578,185.17999267578125,183.86000061035156,184.10499572753906,10872421
1706290200,184.1031951904297,184.22000122070312,182.6999969482422,183.47999572753906,10801008
1706293800,183.49009704589844,183.6300048828125,182.10000610351562,182.2801055908203,8946872
1706297400,182.3000030517578,183.3800048828125,182.1199951171875,182.6300048828125,10014292
1706301000,182.62989807128906,183.47000122070312,182.61000061035156,183.2299041748047,7488537
1706538600,185.6300048828125,186.8800048828125,183.6699981689453,185.27999877929688,30072189
1706542200,185.27000427246094,190.89999389648438,185.00999450683594,189.86500549316406,28532747
1706545800,189.88999938964844,190.58999633789062,187.6199951171875,187.67999267578125,17491021
1706549400,187.66229248046875,188.97000122070312,187.1999969482422,187.42430114746094,12171668
1706553000,187.44000244140625,189.48910522460938,187.38999938964844,189.0323028564453,9023655
1706556600,189.0399932861328,191.22999572753906,188.2899932861328,191.1999969482422,12615585
1706560200,191.17999267578125,191.47999572753906,189.91009521484375,190.970703125,8962212
1706625000,195.3300018310547,195.50999450683594,192.19000244140625,194.79879760742188,35160197
1706628600,194.80999755859375,196.3592987060547,192.6199951171875,193.27110290527344,20099962
1706632200,193.27999877929688,194.39999389648438,191.3800048828125,191.64019775390625,14135090
1706635800,191.6199951171875,192.22999572753906,190.61000061035156,192.0850067138672,11681428
1706639400,192.10000610351562,192.39999389648438,191.13999938964844,191.8531951904297,9837273
1706643000,191.8634033203125,192.33999633789062,191.44000244140625,191.97999572753906,6735741
1706646600,191.99000549316406,192.27999877929688,191.5800018310547,191.58999633789062,5126552
1706711400,186.9949951171875,190.3699951171875,185.8459014892578,188.72970581054688,25540005
1706715000,188.7100067138672,191.35000610351562,188.59280395507812,190.52999877929688,14153400
1706718600,190.52999877929688,191.02999877929688,189.5399932861328,190.83270263671875,7848447
1706722200,190.8300018310547,191.85000610351562,190.3800048828125,191.32850646972656,8919731
1706725800,191.3199005126953,192.24000549316406,189.47000122070312,189.625,11193589
1706729400,189.6199951171875,193.97000122070312,188.50999450683594,189.20989990234375,19831156
1706733000,189.1999969482422,189.3424072265625,187.1300048828125,187.22000122070312,10186033
1706797800,188.5,189.8800048828125,186.88999938964844,187.5850067138672,24167624
1706801400,187.59210205078125,187.94000244140625,184.27999877929688,185.09010314941406,19631385
1706805000,185.10000610351562,187.14999389648438,184.89999389648438,186.7198944091797,11545095
1706808600,186.69000244140625,188.02999877929688,186.02999877929688,187.19200134277344,9528142
1706812200,187.19850158691406,188.22000122070312,186.89999389648438,187.59849548339844,8379575
1706815800,187.58999633789062,188.97000122070312,187.1199951171875,188.30999755859375,9028017
1706819400,188.30999755859375,189.02000427246094,188.12539672851562,188.8000030517578,6020525
1706884200,185.0,186.82969665527344,182.32000732421875,183.6999969482422,30650463
1706887800,183.6999969482422,184.08999633789062,182.41000366210938,183.41000366210938,16019695
1706891400,183.4199981689453,183.9698944091797,182.52999877929688,183.05999755859375,10534957
1706895000,183.0800018310547,185.3800048828125,182.0,185.27000427246094,15549902
1706898600,185.2899932861328,188.69000244140625,184.75999450683594,187.8511962890625,15300264
1706902200,187.86810302734375,188.3699951171875,187.19000244140625,188.25999450683594,11845053
1706905800,188.25999450683594,188.3699951171875,187.7100067138672,187.8300018310547,6809450
1707143400,184.25,184.30999755859375,178.72999572753906,178.92520141601562,33863217
1707147000,178.92999267578125,178.9600067138672,175.00999450683594,177.38999938964844,30794770
1707150600,177.3800048828125,180.36000061035156,177.36000061035156,180.3571014404297,16401063
1707154200,180.35000610351562,182.5800018310547,178.27999877929688,181.35499572753906,16207730
1707157800,181.3583984375,182.24000549316406,180.8000030517578,181.96029663085938,11308840
1707161400,181.97000122070312,182.3300018310547,179.27999877929688,180.50010681152344,13901899
1707165000,180.51499938964844,181.3000030517578,180.14999389648438,181.02999877929688,7640386
1707229800,177.2100067138672,186.49000549316406,177.11000061035156,182.86990356445312,42763774
1707233400,182.85989379882812,185.5,182.63999938964844,183.27999877929688,19622845
1707237000,183.27000427246094,183.72000122070312,181.22000122070312,183.02499389648438,15865368
1707240600,183.02999877929688,183.38999938964844,182.3300018310547,182.73989868164062,10643721
1707244200,182.75,183.60000610351562,182.3699951171875,183.0800018310547,11170855
1707247800,183.1020050048828,185.77000427246094,182.97999572753906,184.45399475097656,12141109
1707251400,184.45010375976562,185.11000061035156,183.86000061035156,185.10000610351562,7143401
1707316200,188.17999267578125,189.22000122070312,182.67999267578125,186.19000244140625,38283416
1707319800,186.22000122070312,187.5399932861328,185.58999633789062,187.1595001220703,19049940
1707323400,187.1699981689453,187.47999572753906,186.35020446777344,186.94500732421875,8644742
1707327000,186.95860290527344,189.4499969482422,186.47000122070312,189.1999969482422,12283972
1707330600,189.2100067138672,189.7899932861328,187.75,188.77999877929688,13406711
1707334200,188.79820251464844,189.05999755859375,187.89999389648438,188.67999267578125,9574312
1707337800,188.6999969482422,188.8300018310547,187.39999389648438,187.66990661621094,6133346
1707402600,189.0,189.22999572753906,185.5800018310547,188.15989685058594,23271830
1707406200,188.16000366210938,191.27999877929688,188.07000732421875,190.7899932861328,15994785
1707409800,190.8000030517578,191.61709594726562,190.11000061035156,190.66000366210938,11263594
1707413400,190.64500427246094,190.6649932861328,188.52000427246094,188.90989685058594,10875576
1707417000,188.91000366210938,190.19000244140625,188.67999267578125,189.61000061035156,8010199
1707420600,189.59129333496094,190.2100067138672,188.75999450683594,190.0050048828125,6808792
1707424200,190.00999450683594,190.0500946044922,189.11000061035156,189.47999572753906,4914073
1707489000,190.17999267578125,194.1199951171875,189.47999572753906,193.55999755859375,28110232
1707492600,193.5800018310547,193.73989868164062,190.77000427246094,191.07699584960938,15591181
1707496200,191.07000732421875,192.3000030517578,190.50999450683594,192.1199951171875,9454704
1707499800,192.125,193.1999969482422,191.35000610351562,193.13299560546875,8792961
1707503400,193.1300048828125,193.25,192.4499969482422,192.9185028076172,6542665
1707507000,192.9199981689453,193.3000030517578,192.1802978515625,192.75,6770856
1707510600,192.74000549316406,193.7100067138672,192.2899932861328,193.57000732421875,6777523
1707748200,192.11000061035156,194.72999572753906,191.42999267578125,192.56500244140625,25584046
1707751800,192.5500946044922,193.33999633789062,190.3800048828125,191.3101043701172,15722938
1707755400,191.3300018310547,191.97000122070312,187.6999969482422,188.32220458984375,15403976
1707759000,188.30999755859375,190.14999389648438,188.17999267578125,188.7899932861328,10956272
1707762600,188.7899932861328,189.10000610351562,187.27999877929688,188.53799438476562,10805809
1707766200,188.55679321289062,189.02999877929688,187.67349243164062,188.52000427246094,8274049
1707769800,188.50230407714844,188.77999877929688,187.75,187.97999572753906,5941738
1707834600,183.99000549316406,187.25999450683594,183.25,184.86000061035156,27029323
1707838200,184.86500549316406,185.72000122070312,183.6699981689453,184.5,13097421
1707841800,184.50999450683594,185.33999633789062,183.07000732421875,183.19020080566406,9933173
1707845400,183.19000244140625,184.64999389648438,183.0800018310547,184.3699951171875,8358222
1707849000,184.35000610351562,184.5,182.50999450683594,182.9499053955078,8969961
1707852600,182.94000244140625,183.47000122070312,182.10870361328125,182.44000244140625,8970379
1707856200,182.43679809570312,184.11000061035156,182.4010009765625,184.00999450683594,7148640
1707921000,185.3000030517578,187.05999755859375,183.35000610351562,186.0800018310547,23235462
1707924600,186.0850067138672,186.47999572753906,183.91000366210938,185.21009826660156,11562527
1707928200,185.22000122070312,186.17999267578125,184.91000366210938,186.05999755859375,8389857
1707931800,186.076904296875,186.74000549316406,185.42999267578125,186.19940185546875,7491651
1707935400,186.2100067138672,187.47000122070312,185.92999267578125,187.16000366210938,8829553
1707939000,187.1580047607422,188.10000610351562,186.66000366210938,188.0800018310547,7420664
1707942600,188.08999633789062,188.88999938964844,187.80999755859375,188.72000122070312,7022863
1708007400,189.16000366210938,195.75999450683594,188.8594970703125,195.16000366210938,31060806
1708011000,195.1699981689453,195.4499969482422,192.3699951171875,193.6470947265625,16887420
1708014600,193.63999938964844,196.3300018310547,193.52999877929688,195.5800018310547,12888095
1708018200,195.5800018310547,198.33230590820312,195.51010131835938,198.1114959716797,15179749
1708021800,198.1219940185547,198.74989318847656,197.0500030517578,197.89999389648438,14018797
1708025400,197.89999389648438,198.89999389648438,197.56500244140625,198.81500244140625,11762269
1708029000,198.80999755859375,200.8800048828125,198.80999755859375,200.49000549316406,13652658
1708093800,200.625,203.1699981689453,197.39999389648438,199.11000061035156,36686761
1708097400,199.1300048828125,201.6999969482422,198.02999877929688,201.22000122070312,15992329
1708101000,201.21730041503906,202.94000244140625,199.60000610351562,200.49989318847656,15553038
1708104600,200.49740600585938,201.28909301757812,198.11000061035156,199.414306640625,11965426
1708108200,199.39999389648438,201.11000061035156,198.75999450683594,200.86000061035156,9900287
1708111800,200.85049438476562,201.3699951171875,199.10000610351562,200.08999633789062,10398016
1708115400,200.08999633789062,200.22439575195312,199.32000732421875,199.94000244140625,7519851
1708439400,197.125,198.60000610351562,191.3300018310547,191.41879272460938,31821711
1708443000,191.4149932861328,193.74859619140625,191.0800018310547,192.63119506835938,14437865
1708446600,192.64300537109375,192.6699981689453,189.1699981689453,190.17999267578125,13767617
1708450200,190.1699981689453,191.13999938964844,189.1300048828125,190.53990173339844,12139057
1708453800,190.5399932861328,191.77000427246094,189.9499969482422,191.58999633789062,10804365
1708457400,191.56190490722656,193.17999267578125,191.39120483398438,193.13999938964844,10080021
1708461000,193.13670349121094,193.8800048828125,192.14500427246094,193.75999450683594,7248757
1708525800,194.33999633789062,199.44000244140625,193.99000549316406,196.1699981689453,31916156
1708529400,196.2050018310547,196.6699981689453,193.9499969482422,194.05999755859375,17291793
1708533000,194.07989501953125,194.56900024414062,192.5,193.02999877929688,12162665
1708536600,193.0399932861328,193.77000427246094,191.9499969482422,192.82000732421875,11766447
1708540200,192.80999755859375,194.69839477539062,192.47999572753906,193.47000122070312,10969228
1708543800,193.44000244140625,193.66000366210938,192.3000030517578,193.36000061035156,8680950
1708547400,193.3699951171875,194.8800048828125,193.28500366210938,194.87989807128906,6905876
1708612200,194.0,195.3699951171875,191.36000061035156,193.22500610351562,25080297
1708615800,193.22500610351562,194.27000427246094,191.38999938964844,193.89999389648438,15039979
1708619400,193.91000366210938,196.17999267578125,193.89010620117188,195.90499877929688,11368761
1708623000,195.9199981689453,197.39999389648438,195.3300018310547,197.28500366210938,12830229
1708626600,197.27999877929688,197.86000061035156,196.6999969482422,197.53500366210938,8868916
1708630200,197.5500030517578,197.99000549316406,196.5,197.66000366210938,8371154
1708633800,197.66000366210938,198.32000732421875,197.1699981689453,197.3800048828125,6757081
1708698600,195.30999755859375,197.57000732421875,191.5,193.5751953125,22848415
1708702200,193.5800018310547,195.5500030517578,193.4499969482422,194.52000427246094,12173116
1708705800,194.52000427246094,195.3800048828125,193.82000732421875,193.9199981689453,8404361
1708709400,193.92999267578125,194.07859802246094,192.71009826660156,193.97000122070312,9909803
1708713000,193.97000122070312,194.08999633789062,192.14999389648438,192.61000061035156,9216985
1708716600,192.61000061035156,193.25,191.89199829101562,191.97000122070312,7420957
1708720200,191.99000549316406,192.5399932861328,191.7100067138672,191.9199981689453,6255409
1708957800,194.07080078125,199.86000061035156,193.75,197.7100067138672,31238191
1708961400,197.72000122070312,200.2100067138672,197.22999572753906,199.9600067138672,20727340
1708965000,199.95970153808594,201.77999877929688,199.3000030517578,200.27999877929688,17812335
1708968600,200.27149963378906,200.74000549316406,199.07000732421875,199.22999572753906,13379703
1708972200,199.25,200.0,198.60000610351562,199.65499877929688,9114767
1708975800,199.6667938232422,200.0,198.52999877929688,199.42019653320312,9975553
1708979400,199.4199981689453,199.89500427246094,198.80029296875,199.35000610351562,6324319
1709044200,205.0,205.60000610351562,201.0,202.49850463867188,34902138
1709047800,202.49000549316406,203.59320068359375,201.08999633789062,201.97999572753906,15012545
1709051400,201.9499969482422,202.74000549316406,200.57000732421875,200.63429260253906,12264866
1709055000,200.6300048828125,200.9600067138672,198.33009338378906,198.61000061035156,15163084
1709058600,198.63999938964844,200.8000030517578,198.25999450683594,200.6649932861328,13519858
1709062200,200.6676025390625,200.9199981689453,199.42999267578125,199.98680114746094,9616992
1709065800,199.97999572753906,200.0399932861328,198.85499572753906,199.72000122070312,6333084
1709130600,200.4199981689453,203.3300018310547,198.44000244140625,202.75,30192577
1709134200,202.75799560546875,205.1999969482422,202.42999267578125,205.1199951171875,20692187
1709137800,205.1300048828125,205.3000030517578,202.94000244140625,203.25999450683594,12857169
1709141400,203.27000427246094,203.75,202.4199981689453,202.8000946044922,9438532
1709145000,202.82000732421875,203.72999572753906,202.14999389648438,202.1649932861328,9291830
1709148600,202.16690063476562,202.4398956298828,201.3000030517578,202.05130004882812,9589475
1709152200,202.0614013671875,202.41000366210938,201.66009521484375,202.14999389648438,4898985
1709217000,205.0,205.25,200.5,202.0399932861328,28276200
1709220600,202.03199768066406,202.22000122070312,199.50999450683594,199.6699981689453,14655480
1709224200,199.656005859375,200.4199981689453,198.44630432128906,199.57000732421875,10060500
1709227800,199.57000732421875,200.8699951171875,199.50999450683594,200.61000061035156,6074078
1709231400,200.6199951171875,201.05999755859375,199.83009338378906,200.0540008544922,6668995
1709235000,200.0500030517578,201.25,199.99000549316406,200.86399841308594,5775801
1709238600,200.86500549316406,202.19000244140625,200.74000549316406,201.75,6496202
1709303400,201.45840454101562,201.45840454101562,198.5,199.55799865722656,15958936
1709307000,199.55999755859375,200.97000122070312,198.91000366210938,200.86000061035156,17865566
1709310600,200.86680603027344,202.67999267578125,200.52040100097656,202.44500732421875,11235160
1709314200,202.4600067138672,204.42999267578125,202.1699981689453,204.27000427246094,10961678
1709317800,204.27999877929688,204.52000427246094,203.02000427246094,203.5800018310547,9969421
1709321400,203.57000732421875,203.8000030517578,202.47000122070312,203.32989501953125,8269849
1709325000,203.32000732421875,203.38999938964844,202.50999450683594,202.6999053955078,5299727
1709562600,199.22999572753906,199.75,191.80999755859375,192.06500244140625,34943494
1709566200,192.0751953125,192.5,190.1300048828125,190.55999755859375,3394204
1709569800,190.5500030517578,190.72000122070312,188.72999572753906,189.16400146484375,13071554
1709573400,189.15109252929688,189.3800048828125,186.83999633789062,187.35000610351562,13521637
1709577000,187.35499572753906,187.7100067138672,186.72000122070312,187.227294921875,9215318
1709580600,187.25,190.11000061035156,187.14019775390625,189.9915008544922,11744522
1709584200,190.00999450683594,190.13999938964844,188.1300048828125,188.1300048828125,42833382
1709649000,182.0,184.58999633789062,178.77000427246094,178.897705078125,40668030
1709652600,178.8699951171875,180.0,177.57000732421875,178.22459411621094,18864117
1709656200,178.8800048828125,181.2899932861328,178.42999267578125,181.24459838867188,0
1709659800,181.25,181.77000427246094,180.10549926757812,180.64990234375,7820470
1709663400,180.63999938964844,181.89990234375,180.5,180.89950561523438,7734700
1709667000,180.89999389648438,180.93460083007812,179.27000427246094,180.27999877929688,7815241
1709670600,180.27000427246094,181.08999633789062,179.8800048828125,180.8000030517578,37490918
1709735400,179.62570190429688,180.9600067138672,173.6999969482422,176.39500427246094,36707530
1709739000,176.3800048828125,178.13999938964844,176.27999877929688,176.6199951171875,378801
1709742600,176.6125946044922,178.99000549316406,176.05999755859375,178.66000366210938,8085199
1709746200,178.6699981689453,179.99000549316406,178.07000732421875,179.88009643554688,6509836
1709749800,179.89999389648438,180.0500030517578,176.30999755859375,177.0749969482422,9773182
1709753400,177.08999633789062,178.11709594726562,176.45559692382812,177.22000122070312,7355574
1709757000,177.22999572753906,177.24000549316406,176.19000244140625,176.5,33837205
1709821800,174.35000610351562,179.77999877929688,173.6999969482422,175.9199981689453,33558359
1709825400,175.9250030517578,179.1999969482422,175.25,177.37989807128906,17309544
1709829000,177.3800048828125,177.50999450683594,176.0,176.889892578125,11527795
1709832600,176.8699951171875,179.11000061035156,176.86000061035156,179.0,8941373
1709836200,179.01499938964844,179.80999755859375,178.2100067138672,179.4001007080078,11084017
1709839800,179.40040588378906,180.0399932861328,178.75999450683594,179.01800537109375,9710087
1709843400,179.00999450683594,179.6699981689453,178.49000549316406,178.57000732421875,6176931
1709908200,181.5,182.72999572753906,177.6999969482422,179.01499938964844,25953205
1709911800,179.03500366210938,179.22999572753906,174.77000427246094,175.05999755859375,18238810
1709915400,175.07000732421875,176.8199005126953,174.6999969482422,176.25,10327639
1709919000,176.27000427246094,176.33999633789062,175.14999389648438,176.07000732421875,6612918
1709922600,176.0500030517578,176.24000549316406,174.89999389648438,175.47999572753906,7025625
1709926200,175.47000122070312,176.8000030517578,175.47000122070312,175.60000610351562,7754498
1709929800,175.61000061035156,176.17999267578125,175.0399932861328,175.33999633789062,6098503
1710163800,175.0,182.8699951171875,174.8101043701172,179.8800048828125,32669310
1710167400,179.889892578125,180.60000610351562,177.85000610351562,177.88499450683594,12522286
1710171000,177.88800048828125,178.9499969482422,177.11000061035156,178.5050048828125,9774942
1710174600,178.52000427246094,179.08990478515625,177.89999389648438,178.91009521484375,7810491
1710178200,178.9207000732422,179.5800018310547,178.5,179.10049438476562,6280246
1710181800,179.110107421875,179.1300048828125,176.69000244140625,176.72999572753906,6814192
1710185400,176.75,177.89999389648438,176.52000427246094,177.8300018310547,6912466
1710250200,177.77000427246094,177.9600067138672,172.41009521484375,175.29989624023438,31864939
1710253800,175.3000030517578,178.77999877929688,174.83999633789062,178.5500030517578,15417467
1710257400,178.5679931640625,179.0800018310547,176.75999450683594,178.11000061035156,11641514
1710261000,178.11000061035156,178.1999969482422,176.8300018310547,178.10459899902344,7815653
1710264600,178.1199951171875,178.83999633789062,177.8000030517578,178.8300018310547,5513335
1710268200,178.82620239257812,179.42999267578125,178.50999450683594,179.05499267578125,6246539
1710271800,179.07000732421875,179.08999633789062,177.32000732421875,177.4810028076172,5377583
1710336600,173.0500030517578,176.0500030517578,171.7100067138672,172.36000061035156,30933107
1710340200,172.3699951171875,172.9600067138672,170.60000610351562,172.7050018310547,19034874
1710343800,172.72000122070312,173.16000366210938,171.3800048828125,171.82000732421875,9469837
1710347400,171.80999755859375,172.0500030517578,170.85000610351562,171.7510986328125,7959884
1710351000,171.76280212402344,172.02999877929688,170.11000061035156,170.1699981689453,10034444
1710354600,170.1571044921875,171.0399932861328,169.2899932861328,169.56199645996094,11946926
1710358200,169.57000732421875,170.1199951171875,169.14999389648438,169.49000549316406,8498560
1710423000,167.77000427246094,171.1699981689453,165.0,166.04559326171875,34625098
1710426600,166.00010681152344,166.83999633789062,163.31149291992188,163.34910583496094,18732752
1710430200,163.36000061035156,163.86000061035156,161.8800048828125,162.58999633789062,19076589
1710433800,162.5970001220703,163.75,162.07000732421875,162.0998992919922,11238904
1710437400,162.0800018310547,163.5399932861328,161.67999267578125,162.36000061035156,10254002
1710441000,162.3699951171875,162.5500030517578,160.50999450683594,161.13999938964844,14676599
1710444600,161.14999389648438,162.67999267578125,160.6300048828125,162.47999572753906,10201732
1710509400,163.13999938964844,165.1844940185547,161.11000061035156,162.9199981689453,23558989
1710513000,162.94500732421875,164.14999389648438,162.36000061035156,163.59500122070312,9254816
1710516600,163.57000732421875,163.66000366210938,161.3300018310547,161.8300018310547,21234428
1710520200,161.8280029296875,162.19000244140625,160.75999450683594,161.9561004638672,0
1710523800,161.94749450683594,163.27000427246094,161.91000366210938,162.6602020263672,5853909
1710527400,162.6602020263672,163.88999938964844,162.57009887695312,163.19000244140625,6725803
1710531000,163.17999267578125,163.77870178222656,162.7100067138672,163.58999633789062,5018726
1710768600,170.15899658203125,171.2100067138672,165.9001007080078,171.14999389648438,32756011
1710772200,171.1501007080078,174.72000122070312,171.0,173.67999267578125,24876880
1710775800,173.6699981689453,174.10000610351562,172.4801025390625,172.80999755859375,12296519
1710779400,172.8000030517578,173.72000122070312,171.9499969482422,172.82000732421875,9137977
1710783000,172.83999633789062,174.1999969482422,172.02999877929688,174.15989685058594,8102949
1710786600,174.16000366210938,174.23399353027344,173.22000122070312,174.14999389648438,7790200
1710790200,174.14999389648438,174.40499877929688,173.3300018310547,173.94000244140625,7588624
1710855000,172.22999572753906,172.82000732421875,167.4199981689453,169.36000061035156,29584317
1710858600,169.36000061035156,171.83999633789062,168.84500122070312,171.75990295410156,12597093
1710862200,171.75999450683594,172.3300018310547,171.0,171.94000244140625,8040299
1710865800,171.92999267578125,172.72000122070312,171.1699981689453,171.72560119628906,7104257
1710869400,171.72000122070312,171.9199981689453,170.55870056152344,171.42999267578125,6069639
1710873000,171.4199981689453,172.1999969482422,171.02000427246094,171.22000122070312,6491916
1710876600,171.2113037109375,171.8000030517578,171.08999633789062,171.30999755859375,4573934
1710941400,172.95799255371094,174.3199005126953,170.82000732421875,171.1199951171875,21898797
1710945000,171.13999938964844,173.5,171.093994140625,172.64999389648438,12859939
1710948600,172.64999389648438,173.4600067138672,171.77999877929688,171.9149932861328,8055564
1710952200,171.91769409179688,173.1699981689453,171.7530059814453,172.9499969482422,5565501
1710955800,172.94000244140625,174.8271942138672,172.82000732421875,173.8699951171875,9891655
1710959400,173.8699951171875,175.63999938964844,172.47999572753906,175.3800048828125,14483825
1710963000,175.3699951171875,176.25,175.24000549316406,175.72999572753906,7013455
1711027800,176.35800170898438,178.08999633789062,173.8000030517578,175.05299377441406,23813682
1711031400,175.07000732421875,175.9499969482422,174.0800018310547,175.0800018310547,11343908
1711035000,175.08990478515625,175.2899932861328,173.75999450683594,174.25999450683594,8229898
1711038600,174.27000427246094,174.41650390625,172.83299255371094,173.3695068359375,7447560
1711042200,173.34500122070312,173.5800018310547,171.82000732421875,172.25010681152344,7539988
1711045800,172.25999450683594,173.25999450683594,171.8000030517578,173.09500122070312,6755584
1711049400,173.09950256347656,173.36000061035156,172.75999450683594,172.77000427246094,4729829
1711114200,166.7949981689453,170.02000427246094,166.3000030517578,169.32080078125,29563107
1711117800,169.3300018310547,170.72999572753906,168.6999969482422,170.6750030517578,11807350
1711121400,170.6750030517578,170.6885986328125,168.7100067138672,169.3699951171875,8480748
1711125000,169.3800048828125,170.4600067138672,169.30029296875,170.38999938964844,6585506
1711128600,170.39999389648438,170.97999572753906,170.11000061035156,170.89500427246094,6117863
1711132200,170.9199981689453,171.1999969482422,170.24000549316406,170.6199951171875,5610880
1711135800,170.63999938964844,171.14999389648438,170.49000549316406,170.77999877929688,4208041
1711373400,168.72999572753906,175.24000549316406,168.72999572753906,170.56500244140625,25717203
1711377000,170.58999633789062,171.27999877929688,169.5500030517578,171.17990112304688,12238562
1711380600,171.17999267578125,172.63999938964844,170.8802032470703,172.3249969482422,8335605
1711384200,172.33999633789062,173.0800018310547,172.10000610351562,172.27330017089844,7340495
1711387800,172.26199340820312,173.60000610351562,172.1699981689453,173.32260131835938,7450889
1711391400,173.32000732421875,173.7198944091797,171.92999267578125,171.97970581054688,6135414
1711395000,171.97000122070312,172.80999755859375,171.8800048828125,172.63999938964844,4172079
1711459800,178.60000610351562,183.32000732421875,177.63009643554688,182.23890686035156,43728498
1711463400,182.21200561523438,184.25,181.3820037841797,181.86500549316406,18572175
1711467000,181.86500549316406,182.27999877929688,179.7899932861328,180.52000427246094,15163750
1711470600,180.5019989013672,181.0,178.85000610351562,179.30499267578125,9668303
1711474200,179.30499267578125,179.8800048828125,178.7100067138672,179.02499389648438,7137225
1711477800,179.02000427246094,179.5959930419922,178.44000244140625,178.52200317382812,7294304
1711481400,178.54989624023438,178.5800018310547,177.3800048828125,177.69000244140625,6656129
1711546200,181.32000732421875,181.57699584960938,176.00999450683594,177.74920654296875,27545976
1711549800,177.72999572753906,179.4499969482422,177.24000549316406,179.04150390625,11109929
1711553400,179.0634002685547,180.75,178.25790405273438,180.64999389648438,10015515
1711557000,180.63819885253906,181.91000366210938,179.64999389648438,179.85000610351562,10967543
1711560600,179.86000061035156,180.5800018310547,179.42999267578125,180.4499969482422,6548483
1711564200,180.4499969482422,180.7899932861328,179.35000610351562,179.75,6869910
1711567800,179.75999450683594,180.17990112304688,179.1300048828125,179.91000366210938,5130886
1711632600,177.45899963378906,179.57000732421875,175.6999969482422,176.91200256347656,24062190
1711636200,176.9149932861328,177.85450744628906,176.3000030517578,176.6300048828125,11360889
1711639800,176.61000061035156,177.6300048828125,176.00999450683594,177.4595947265625,8794395
1711643400,177.44479370117188,177.97999572753906,176.97000122070312,177.15499877929688,7012787
1711647000,177.13999938964844,177.41000366210938,176.38999938964844,176.63999938964844,6500874
1711650600,176.63079833984375,176.94000244140625,175.8000030517578,175.86000061035156,7107024
1711654200,175.86000061035156,176.0,175.3000030517578,175.7899932861328,6751175
1711978200,176.16000366210938,176.38999938964844,171.60000610351562,171.72799682617188,23947033
1711981800,171.74000549316406,172.1898956298828,170.2100067138672,172.10499572753906,15778216
1711985400,172.08999633789062,172.42999267578125,170.88999938964844,172.27999877929688,8095873
1711989000,172.28819274902344,173.277099609375,171.74000549316406,171.88999938964844,7020081
1711992600,171.86000061035156,173.10499572753906,171.75,172.94000244140625,5705376
1711996200,172.9199981689453,174.08680725097656,172.59010314941406,173.9550018310547,7463119
1711999800,173.9499969482422,175.2899932861328,173.19009399414062,175.1199951171875,8080117
1712064600,164.68899536132812,167.19000244140625,163.42999267578125,165.57009887695312,45944518
1712068200,165.5800018310547,165.87069702148438,163.89999389648438,165.6699981689453,18110912
1712071800,165.6699981689453,166.64999389648438,165.11289978027344,166.25999450683594,11561980
1712075400,166.2550048828125,167.69000244140625,166.0,166.73019409179688,10328349
1712079000,166.73399353027344,167.0574951171875,165.90060424804688,165.9600067138672,7842816
1712082600,165.9600067138672,166.19189453125,165.25999450683594,166.06500244140625,9287165
1712086200,166.05999755859375,167.02000427246094,165.80999755859375,166.60000610351562,7624184
1712151000,164.0500030517578,167.38999938964844,163.27999877929688,167.22999572753906,28452113
1712154600,167.25999450683594,168.52999877929688,166.5,167.73500061035156,14697502
1712158200,167.74000549316406,168.4600067138672,167.0500030517578,168.16160583496094,9160986
1712161800,168.17820739746094,168.82000732421875,167.6699981689453,167.7100067138672,7548281
1712165400,167.72000122070312,168.27000427246094,167.35000610351562,168.0800018310547,6305017
1712169000,168.08999633789062,168.55999755859375,167.32200622558594,167.51499938964844,6905111
1712172600,167.50059509277344,168.44000244140625,167.1199951171875,168.38999938964844,5745474
1712237400,170.0,170.74000549316406,168.00999450683594,170.09500122070312,20654187
1712241000,170.09500122070312,172.05499267578125,169.9600067138672,171.86000061035156,14602418
1712244600,171.83999633789062,175.67999267578125,171.83999633789062,175.4499969482422,24235039
1712248200,175.4499969482422,177.19000244140625,175.3300018310547,175.92990112304688,18530524
1712251800,175.92599487304688,176.32000732421875,173.31300354003906,173.47000122070312,14591713
1712255400,173.4499969482422,173.4499969482422,170.75840759277344,170.875,16685229
1712259000,170.8800048828125,172.24000549316406,170.84500122070312,171.2100067138672,8411932
1712323800,168.9499969482422,170.86000061035156,167.1199951171875,169.10169982910156,24109286
1712327400,169.1199951171875,170.55999755859375,161.30999755859375,161.3699951171875,35832522
1712331000,161.35000610351562,168.08990478515625,160.52000427246094,167.0800018310547,33509094
1712334600,167.0850067138672,169.0,166.5800018310547,167.8000030517578,10851922
1712338200,167.82000732421875,168.17999267578125,164.25,164.281494140625,11943395
1712341800,164.35000610351562,165.44000244140625,164.0,165.08999633789062,9285106
1712345400,165.0677947998047,165.69000244140625,164.85000610351562,164.85000610351562,6992447
1712583000,169.2899932861328,173.16000366210938,167.7899932861328,171.48500061035156,34596513
1712586600,171.4600067138672,174.5,170.86000061035156,173.64999389648438,19988163
1712590200,173.64999389648438,173.73779296875,172.25999450683594,173.18910217285156,12411967
1712593800,173.1999969482422,173.99000549316406,172.16099548339844,173.8000030517578,10201723
1712597400,173.81900024414062,174.39999389648438,173.35110473632812,173.88600158691406,9209623
1712601000,173.875,174.0,172.85000610351562,173.33200073242188,7396057
1712604600,173.32000732421875,173.44000244140625,172.55340576171875,172.99000549316406,6713614
1712669400,172.97999572753906,179.22000122070312,171.9199981689453,177.13999938964844,38534303
1712673000,177.15939331054688,177.28990173339844,174.91000366210938,175.0605010986328,19330662
1712676600,175.0659942626953,175.82000732421875,174.33999633789062,175.39390563964844,10152558
1712680200,175.38839721679688,175.42999267578125,174.27000427246094,175.39109802246094,7607076
1712683800,175.3800048828125,176.47999572753906,175.27000427246094,176.02000427246094,8713931
1712687400,176.02000427246094,176.10000610351562,174.7532958984375,175.97000122070312,6993827
1712691000,175.9600067138672,177.0,175.8800048828125,177.0,6772251
1712755800,173.0699005126953,174.92999267578125,170.72000122070312,172.1363067626953,29727090
1712759400,172.1300048828125,173.08999633789062,171.11000061035156,172.47000122070312,11723015
1712763000,172.4600067138672,172.47999572753906,170.86000061035156,171.4149932861328,8092570
1712766600,171.41799926757812,172.0800018310547,170.44000244140625,171.39500427246094,9608981
1712770200,171.3699951171875,171.8000030517578,170.5399932861328,170.8000030517578,7503971
1712773800,170.79010009765625,176.8800048828125,170.00999450683594,171.42869567871094,8486909
1712777400,171.47109985351562,172.14349365234375,170.97000122070312,171.75,6302575
1712842200,172.47000122070312,174.16990661621094,168.50999450683594,169.35000610351562,25670244
1712845800,169.36000061035156,171.08999633789062,169.1199951171875,170.5050048828125,12999339
1712849400,170.51499938964844,172.49000549316406,170.39999389648438,172.0800018310547,11559257
1712853000,172.08999633789062,174.2899932861328,171.8800048828125,173.83999633789062,11448297
1712856600,173.85000610351562,175.19000244140625,173.77999877929688,174.9600067138672,11754921
1712860200,174.97000122070312,175.2899932861328,174.00999450683594,174.92709350585938,10267391
1712863800,174.92999267578125,175.8800048828125,174.52999877929688,174.59500122070312,7293139
1712928600,172.32000732421875,173.80990600585938,171.7071075439453,171.92019653320312,19577662
1712932200,171.9199981689453,172.63999938964844,171.2899932861328,172.4853973388672,9702448
1712935800,172.50999450683594,172.9499969482422,171.42999267578125,171.5605926513672,6703861
1712939400,171.5399932861328,171.8000030517578,170.36439514160156,170.60000610351562,7520044
1712943000,170.58999633789062,171.77999877929688,170.50999450683594,171.3043975830078,6074790
1712946600,171.30889892578125,171.5449981689453,170.6699981689453,171.07000732421875,5055516
1712950200,171.06500244140625,171.39999389648438,170.8300018310547,171.05999755859375,4466963
1713187800,170.2480010986328,170.69000244140625,164.6403045654297,166.06500244140625,29921374
1713191400,166.09750366210938,166.38999938964844,164.39999389648438,166.3000030517578,12788735
1713195000,166.30999755859375,166.94000244140625,164.75,164.77130126953125,9203764
1713198600,164.77000427246094,164.82989501953125,162.89999389648438,162.97000122070312,10776147
1713202200,162.97999572753906,163.4857940673828,162.5,162.5301971435547,8908224
1713205800,162.52999877929688,163.35000610351562,161.61000061035156,161.91079711914062,11282727
1713209400,161.92999267578125,162.52000427246094,161.3800048828125,161.4499969482422,8574824
1713274200,156.74200439453125,157.8000030517578,153.75,155.55999755859375,38351202
1713277800,155.5399932861328,158.19000244140625,154.86000061035156,158.02000427246094,14656370
1713281400,158.0050048828125,158.17990112304688,156.375,156.87989807128906,9228598
1713285000,156.86990356445312,157.99000549316406,156.72999572753906,156.72999572753906,7454988
1713288600,156.8000030517578,157.8300018310547,155.50990295410156,155.83999633789062,10353475
1713292200,155.7949981689453,157.3800048828125,155.69000244140625,157.3300018310547,7243796
1713295800,157.32000732421875,157.67999267578125,156.77999877929688,157.0800018310547,6338233
1713360600,157.6199951171875,157.7100067138672,153.77999877929688,154.86000061035156,24995934
1713364200,154.8699951171875,156.33999633789062,154.13999938964844,155.85000610351562,11793018
1713367800,155.86500549316406,156.61000061035156,155.35000610351562,155.64500427246094,8618435
1713371400,155.6300048828125,157.25999450683594,154.75010681152344,157.16810607910156,9292436
1713375000,157.1699981689453,158.0,156.75100708007812,157.0500030517578,9294652
1713378600,157.06979370117188,158.3300018310547,156.2100067138672,156.24000549316406,9202942
1713382200,156.25999450683594,156.5800018310547,155.3000030517578,155.4250030517578,5633897
1713447000,151.2899932861328,152.10000610351562,148.6999969482422,151.25999450683594,34312166
1713450600,151.27999877929688,152.1999969482422,150.72999572753906,150.8784942626953,12446849
1713454200,150.8542022705078,151.03799438476562,149.77000427246094,150.4813995361328,10636886
1713457800,150.48500061035156,150.9884033203125,149.50999450683594,150.87350463867188,9597411
1713461400,150.88499450683594,150.94000244140625,149.4199981689453,150.50010681152344,9857402
1713465000,150.52000427246094,151.41000366210938,149.9600067138672,150.66909790039062,8198626
1713468600,150.6699981689453,150.97999572753906,149.80999755859375,149.83999633789062,5958315
1713533400,148.94000244140625,150.92999267578125,148.10000610351562,149.52000427246094,26773639
1713537000,149.5,150.77999877929688,148.8300018310547,149.9600067138672,13604575
1713540600,149.9499969482422,150.08999633789062,148.0153045654297,148.18499755859375,9438158
1713544200,148.1699981689453,149.6699981689453,147.80999755859375,148.90499877929688,8880497
1713547800,148.9250030517578,149.3271026611328,147.66000366210938,147.72000122070312,6588926
1713551400,147.6999969482422,147.99000549316406,146.63999938964844,147.21499633789062,9230390
1713555000,147.1999969482422,147.24659729003906,146.22000122070312,147.02000427246094,7819742
1713792600,140.6020050048828,144.44000244140625,138.80250549316406,141.24009704589844,40381924
1713796200,141.24000549316406,147.0500030517578,139.61000061035156,140.1645965576172,17535915
1713799800,140.16000366210938,142.8300018310547,139.9600067138672,142.1342010498047,12884527
1713803400,142.12600708007812,142.72999572753906,141.52999877929688,142.1699981689453,9213473
1713807000,142.14999389648438,143.33999633789062,141.82000732421875,141.89199829101562,8546359
1713810600,141.88160705566406,142.57989501953125,141.4600067138672,142.35000610351562,7400265
1713814200,142.3679962158203,142.4835968017578,141.64999389648438,142.02999877929688,7025584
1713879000,143.2100067138672,145.75999450683594,141.11000061035156,144.75999450683594,28785535
1713882600,144.7550048828125,146.1840057373047,143.9499969482422,145.66000366210938,14803416
1713886200,145.65020751953125,146.89999389648438,144.52000427246094,146.87989807128906,11187740
1713889800,146.86000061035156,147.25,145.32000732421875,145.6999969482422,10735466
1713893400,145.6999969482422,145.72000122070312,145.0,145.41439819335938,8625956
1713897000,145.4250030517578,145.94000244140625,144.47000122070312,145.02999877929688,10945395
1713900600,145.0030059814453,145.1300048828125,144.52000427246094,144.8699951171875,8190649
1713965400,163.01800537109375,167.97000122070312,158.3000030517578,164.58299255371094,73656909
1713969000,164.52999877929688,165.13949584960938,160.75,161.3300018310547,26990022
1713972600,161.36000061035156,163.07530212402344,158.1699981689453,158.6199951171875,20352004
1713976200,158.6199951171875,161.02000427246094,157.50999450683594,160.7899932861328,15304837
1713979800,160.8000030517578,162.17469787597656,160.6999969482422,161.17999267578125,13481414
1713983400,161.19000244140625,162.57000732421875,160.32000732421875,161.88499450683594,13449539
1713987000,161.91000366210938,162.55999755859375,161.52999877929688,162.17999267578125,9810245
1714051800,158.9600067138672,165.78990173339844,158.36000061035156,165.49000549316406,36579401
1714055400,165.49000549316406,166.8800048828125,164.30999755859375,166.4499969482422,19323273
1714059000,166.447998046875,166.53990173339844,163.422607421875,163.65310668945312,11211932
1714062600,163.6800994873047,165.1699981689453,162.75070190429688,164.6342010498047,10399163
1714066200,164.5800018310547,167.1300048828125,164.5399932861328,166.14999389648438,10895509
1714069800,166.14599609375,170.8800048828125,165.75,169.36500549316406,18396779
1714073400,169.3699951171875,170.60000610351562,168.860107421875,170.30999755859375,12422091
1714138200,169.08999633789062,171.25,167.25999450683594,168.40310668945312,32563248
1714141800,168.42999267578125,171.10000610351562,168.27000427246094,170.6699981689453,13774022
1714145400,170.6999969482422,172.1199951171875,170.14010620117188,171.36000061035156,12463856
1714149000,171.3699951171875,172.0290069580078,170.75999450683594,170.9499969482422,9491685
1714152600,170.94000244140625,170.97999572753906,168.07000732421875,168.30999755859375,10796111
1714156200,168.32000732421875,168.47000122070312,166.3699951171875,167.58529663085938,18007587
1714159800,167.56500244140625,168.67999267578125,166.9199981689453,168.2899932861328,8824762
1714397400,186.24000549316406,190.8000030517578,184.5399932861328,185.61000061035156,75090478
1714401000,185.5836944580078,193.11959838867188,184.91000366210938,192.77999877929688,35448701
1714404600,192.77999877929688,198.61410522460938,191.1199951171875,198.5565948486328,43316610
1714408200,198.5596923828125,198.8699951171875,193.30279541015625,195.6300048828125,29737688
1714411800,195.63999938964844,195.66000366210938,192.1199951171875,193.2799072265625,17899208
1714415400,193.25999450683594,194.22999572753906,191.13999938964844,192.35499572753906,19409066
1714419000,192.33999633789062,195.1699981689453,192.0500030517578,194.19500732421875,13849701
1714483800,186.9600067138672,190.9499969482422,186.2899932861328,186.2960968017578,38036813
1714487400,186.306396484375,187.7899932861328,183.75,184.2799072265625,22629619
1714491000,184.2899932861328,185.7100067138672,183.00999450683594,185.40370178222656,17282261
1714494600,185.41009521484375,185.69000244140625,183.7100067138672,184.39999389648438,12882883
1714498200,184.39500427246094,185.89999389648438,184.15029907226562,184.66000366210938,9873548
1714501800,184.7050018310547,185.66000366210938,182.84010314941406,183.7050018310547,11346782
1714505400,183.6999969482422,184.8699951171875,183.22000122070312,183.3800048828125,8750890
1714570200,182.1999969482422,184.0500030517578,179.5601043701172,180.44500732421875,24060160
1714573800,180.49989318847656,182.22000122070312,179.00999450683594,180.4971923828125,14258516
1714577400,180.5,181.6300048828125,179.36000061035156,181.36619567871094,8530836
1714581000,181.27999877929688,182.8800048828125,179.82640075683594,180.00990295410156,7751209
1714584600,179.99850463867188,182.47999572753906,179.86000061035156,182.3000030517578,8332309
1714588200,182.3300018310547,185.86000061035156,180.75,183.7949981689453,15837148
1714591800,183.7949981689453,183.82000732421875,179.97999572753906,179.9949951171875,9553174
1714656600,182.86000061035156,184.60000610351562,176.02000427246094,177.92999267578125,27836617
1714660200,177.94000244140625,179.9541015625,177.2100067138672,179.9541015625,16222527
1714663800,179.95989990234375,180.44000244140625,178.61000061035156,179.7550048828125,11229712
1714667400,179.7480010986328,180.55999755859375,178.41000366210938,180.39500427246094,8898382
1714671000,180.39500427246094,181.22500610351562,179.58099365234375,180.8300018310547,7564950
1714674600,180.86900329589844,181.74989318847656,180.46009826660156,180.8885040283203,8114150
1714678200,180.8699951171875,181.30990600585938,179.79010009765625,180.02000427246094,5993646
1714743000,181.8300018310547,184.77999877929688,180.60000610351562,181.03990173339844,24000754
1714746600,181.02000427246094,181.38999938964844,178.5399932861328,179.60809326171875,13896005
1714750200,179.61000061035156,180.8800048828125,179.50999450683594,179.96009826660156,9146702
1714753800,179.9499969482422,181.4492950439453,179.75999450683594,181.3300018310547,7057860
1714757400,181.38999938964844,181.8300018310547,180.6199951171875,181.5,6323332
1714761000,181.47999572753906,182.02000427246094,180.75,181.4199981689453,6843926
1714764600,181.39999389648438,181.63999938964844,180.86099243164062,181.24000549316406,4485453
1715002200,183.802001953125,187.55999755859375,183.32850646972656,184.43499755859375,26129893
1715005800,184.05499267578125,185.44000244140625,181.19000244140625,183.16990661621094,16246957
1715009400,183.22500610351562,183.7386932373047,182.1999969482422,182.8300018310547,9098173
1715013000,182.83949279785156,184.5800018310547,182.60000610351562,184.52999877929688,9805159
1715016600,184.52000427246094,185.39999389648438,184.16000366210938,185.33770751953125,7954680
1715020200,185.32000732421875,185.37899780273438,183.5500030517578,183.63999938964844,6685422
1715023800,183.61000061035156,184.88999938964844,183.51010131835938,184.88999938964844,4971914
1715088600,182.4199981689453,183.25,178.16000366210938,179.1649932861328,24290368
1715092200,179.1688995361328,180.6199951171875,178.32000732421875,179.50990295410156,10508670
1715095800,179.47000122070312,180.08999633789062,178.89999389648438,179.69500732421875,10428024
1715099400,179.70799255371094,179.9398956298828,178.55999755859375,179.39999389648438,6974535
1715103000,179.41000366210938,179.5800018310547,177.6199951171875,178.13999938964844,7226245
1715106600,178.11000061035156,178.39999389648438,177.39999389648438,178.14239501953125,7078075
1715110200,178.14990234375,178.40989685058594,177.6300048828125,177.80999755859375,4567128
1715175000,171.5019989013672,174.30999755859375,170.14999389648438,174.09010314941406,30845527
1715178600,174.09019470214844,175.69000244140625,173.8800048828125,174.97120666503906,13431105
1715182200,174.97999572753906,176.05990600585938,174.14999389648438,174.27999877929688,10218208
1715185800,174.2899932861328,174.94000244140625,173.8699951171875,174.4783935546875,6355748
1715189400,174.4499969482422,175.0800018310547,174.28050231933594,174.91200256347656,5430277
1715193000,174.93350219726562,174.97000122070312,174.05409240722656,174.7301025390625,4772692
1715196600,174.71499633789062,174.9600067138672,174.22000122070312,174.77999877929688,4742302
1715261400,175.0,175.6199951171875,173.14999389648438,173.5345001220703,17247258
1715265000,173.55999755859375,174.64810180664062,172.25999450683594,172.5,11752556
1715268600,172.5247039794922,173.3800048828125,172.00999450683594,173.05419921875,9410537
1715272200,173.04989624023438,173.4499969482422,172.5399932861328,173.15989685058594,5967441
1715275800,173.14999389648438,173.14999389648438,172.0800018310547,172.32200622558594,5910272
1715279400,172.30999755859375,172.42999267578125,171.54049682617188,171.77999877929688,7036495
1715283000,171.75999450683594,172.22999572753906,171.3800048828125,171.9600067138672,4831694
1715347800,173.00999450683594,173.05990600585938,169.11000061035156,169.22999572753906,22622907
1715351400,169.22999572753906,169.61000061035156,167.86000061035156,169.15249633789062,15377578
1715355000,169.1614990234375,169.25999450683594,167.75,168.4199981689453,10154465
1715358600,168.4199981689453,169.0800018310547,168.2100067138672,168.6199951171875,5604634
1715362200,168.63600158691406,169.04989624023438,167.77650451660156,168.5500030517578,5919526
1715365800,168.55380249023438,169.1999969482422,168.3300018310547,169.1540069580078,4962462
1715369400,169.16000366210938,169.30999755859375,168.44000244140625,168.4600067138672,4785931
1715607000,170.00999450683594,175.39999389648438,169.02999877929688,174.4801025390625,24931464
1715610600,174.48890686035156,174.72999572753906,172.36000061035156,172.4499969482422,11007307
1715614200,172.42999267578125,173.07000732421875,171.4600067138672,171.8699951171875,8172218
1715617800,171.88999938964844,172.0583038330078,170.83059692382812,171.58999633789062,6163019
1715621400,171.5800018310547,172.1699981689453,170.94000244140625,172.11000061035156,4994879
1715625000,172.10069274902344,172.39999389648438,171.72999572753906,171.8699951171875,4964265
1715628600,171.86990356445312,172.1999969482422,171.6300048828125,171.9199981689453,3675533
1715693400,175.61000061035156,177.86000061035156,174.42050170898438,176.10989379882812,27073084
1715697000,176.11000061035156,179.49000549316406,175.11000061035156,178.92999267578125,18137215
1715700600,178.92190551757812,179.0399932861328,176.83200073242188,177.02000427246094,9869506
1715704200,177.02999877929688,177.66990661621094,175.75999450683594,176.25,8365875
1715707800,176.23089599609375,176.99000549316406,175.9199981689453,176.5924072265625,7387378
1715711400,176.5800018310547,177.82000732421875,176.35000610351562,177.60000610351562,6955918
1715715000,177.58999633789062,178.0,177.28500366210938,177.61000061035156,5287905
1715779800,179.9929962158203,180.0,173.1999969482422,173.2100067138672,32366070
1715783400,173.27999877929688,175.1199951171875,173.11000061035156,174.84010314941406,12987751
1715787000,174.86000061035156,175.42909240722656,174.16000366210938,174.89999389648438,7988120
1715790600,174.90989685058594,175.47999572753906,174.85000610351562,175.30990600585938,6262411
1715794200,175.2899932861328,175.60000610351562,174.39999389648438,174.72500610351562,5688111
1715797800,174.74000549316406,175.07000732421875,174.55999755859375,174.63600158691406,4273147
1715801400,174.6300048828125,174.77999877929688,173.75999450683594,174.08990478515625,5311126
1715866200,174.1199951171875,174.27999877929688,171.42999267578125,174.21389770507812,19791967
1715869800,174.22500610351562,175.7899932861328,174.22500610351562,174.36099243164062,12541396
1715873400,174.3699951171875,175.41830444335938,173.8800048828125,175.3249969482422,7114996
1715877000,175.31019592285156,175.37989807128906,174.11000061035156,174.2747039794922,5141734
1715880600,174.27499389648438,174.5800018310547,173.96009826660156,174.39990234375,4447139
1715884200,174.38999938964844,175.22000122070312,174.3300018310547,174.9600067138672,4285482
1715887800,174.9499969482422,175.2100067138672,174.58999633789062,174.86000061035156,3827266
1715952600,173.75,175.89999389648438,172.75,175.79469299316406,15893921
1715956200,175.7899932861328,178.4550018310547,175.7899932861328,177.87440490722656,18257580
1715959800,177.79879760742188,179.45730590820312,177.51519775390625,179.2550048828125,13519731
1715963400,179.25,179.6300048828125,177.1199951171875,177.22000122070312,8607406
1715967000,177.22999572753906,177.69000244140625,176.0,176.17010498046875,7511839
1715970600,176.18499755859375,177.35069274902344,176.13999938964844,177.12010192871094,6191770
1715974200,177.11000061035156,177.64999389648438,176.92999267578125,177.57000732421875,4355541
1716211800,177.55999755859375,177.75399780273438,173.82020568847656,174.74000549316406,22238476
1716215400,174.72500610351562,175.75,174.06190490722656,174.3582000732422,9889840
1716219000,174.3300018310547,174.88900756835938,173.60000610351562,174.08999633789062,7828000
1716222600,174.0802001953125,175.25,173.8800048828125,174.24949645996094,5824040
1716226200,174.25,174.5800018310547,173.52000427246094,174.26390075683594,5243885
1716229800,174.2698974609375,174.92999267578125,174.16009521484375,174.9084014892578,4155814
1716233400,174.89999389648438,175.02000427246094,174.47000122070312,174.97000122070312,4001966
1716298200,175.49000549316406,179.69000244140625,174.74000549316406,178.1300048828125,25305450
1716301800,178.13999938964844,179.1999969482422,177.7707061767578,178.89599609375,10499161
1716305400,178.88999938964844,182.16000366210938,178.13009643554688,181.85000610351562,15054308
1716309000,181.86000061035156,182.1999969482422,180.5500030517578,181.64999389648438,10506818
1716312600,181.63999938964844,185.52000427246094,181.57000732421875,184.41000366210938,19257623
1716316200,184.41000366210938,186.5500030517578,184.3699951171875,184.76829528808594,17891554
1716319800,184.7698974609375,186.875,184.63999938964844,186.69000244140625,10595135
1716384600,182.8000030517578,183.8000030517578,180.39999389648438,181.11000061035156,28409000
1716388200,181.11199951171875,182.1999969482422,180.38099670410156,180.47500610351562,13024837
1716391800,180.47000122070312,181.10000610351562,180.25999450683594,180.8300018310547,9843889
1716395400,180.83990478515625,180.89999389648438,179.5500030517578,179.66969299316406,8797078
1716399000,179.6699981689453,179.98829650878906,178.13999938964844,178.1898956298828,9000171
1716402600,178.1699981689453,179.74989318847656,178.1199951171875,179.61000061035156,6866229
1716406200,179.61000061035156,180.2100067138672,178.89010620117188,180.1959991455078,5318433
1716471000,181.8699951171875,181.89999389648438,175.91000366210938,176.64999389648438,23590223
1716474600,176.6580047607422,176.91990661621094,175.14999389648438,176.50010681152344,11191091
1716478200,176.50999450683594,177.88999938964844,176.47500610351562,177.75,6365449
1716481800,177.75840759277344,177.89999389648438,176.3699951171875,177.02000427246094,5905273
1716485400,177.02000427246094,177.10000610351562,173.4600067138672,173.5399932861328,9540047
1716489000,173.52999877929688,174.06919860839844,173.25999450683594,173.7209930419922,6050446
1716492600,173.72860717773438,174.30499267578125,173.5399932861328,173.74000549316406,4874167
1716557400,174.80999755859375,177.97999572753906,173.72999572753906,177.8199005126953,19174737
1716561000,177.8699951171875,179.5,177.0,178.49000549316406,13179281
1716564600,178.47030639648438,178.94000244140625,177.7899932861328,178.80999755859375,7119451
1716568200,178.81959533691406,179.35000610351562,178.52000427246094,179.0500946044922,6496071
1716571800,179.05999755859375,179.9199981689453,178.92999267578125,179.8000030517578,6363772
1716575400,179.7899932861328,179.89999389648438,178.83999633789062,179.52000427246094,5147493
1716579000,179.52999877929688,180.07980346679688,178.97000122070312,179.33999633789062,4545287
1716903000,176.30099487304688,176.3300018310547,173.16000366210938,175.55999755859375,22387730
1716906600,175.55999755859375,176.5399932861328,174.7100067138672,176.08999633789062,8415391
1716910200,176.11000061035156,178.24989318847656,175.85000610351562,177.3000030517578,7786665
1716913800,177.27999877929688,177.2949981689453,175.7100067138672,176.0247039794922,4746570
1716917400,176.02999877929688,176.6699981689453,175.22000122070312,175.34500122070312,4456972
1716921000,175.3300018310547,176.4398956298828,174.82000732421875,176.3011932373047,5367771
1716924600,176.3000030517578,176.8800048828125,176.07000732421875,176.74000549316406,3588710
1716989400,174.1199951171875,178.14999389648438,174.01499938964844,175.5041961669922,16877980
1716993000,175.52000427246094,176.3000030517578,174.8000030517578,175.21400451660156,7541709
1716996600,175.2050018310547,176.47999572753906,174.8101043701172,176.10690307617188,6482306
1717000200,176.08380126953125,177.55999755859375,176.05799865722656,176.8300018310547,7077148
1717003800,176.80499267578125,177.25,176.2100067138672,176.44000244140625,4445038
1717007400,176.41000366210938,177.8249969482422,176.30999755859375,177.625,4985519
1717011000,177.55540466308594,178.00999450683594,176.0500030517578,176.2100067138672,4496951
1717075800,178.60000610351562,182.6699981689453,177.22000122070312,181.06480407714844,26180175
1717079400,181.0,181.42999267578125,175.3834991455078,176.70010375976562,16795965
1717083000,176.7198944091797,177.51499938964844,176.0500030517578,176.8699951171875,6310480
1717086600,176.88009643554688,178.5800018310547,176.41000366210938,178.38999938964844,6231529
1717090200,178.38999938964844,179.9499969482422,178.2899932861328,179.51589965820312,8086079
1717093800,179.52499389648438,180.28500366210938,178.625,178.94000244140625,6621663
1717097400,178.9250030517578,179.17999267578125,177.52000427246094,178.8300018310547,4255283
1717162200,178.4199981689453,180.32000732421875,176.8583984375,177.5399932861328,18274811
1717165800,177.47999572753906,177.48989868164062,175.1199951171875,175.4499969482422,9980867
1717169400,175.4698944091797,175.6999969482422,173.82009887695312,174.81350708007812,7993642
1717173000,174.8000030517578,176.0500030517578,174.60009765625,175.94000244140625,5493957
1717176600,175.95880126953125,176.33999633789062,175.52000427246094,175.6699981689453,4178140
1717180200,175.6656951904297,176.27999877929688,175.3800048828125,175.69000244140625,4355551
1717183800,175.6699981689453,178.27000427246094,175.55999755859375,178.05999755859375,6579300
1717421400,178.35000610351562,182.63890075683594,177.25,180.4149932861328,23619345
1717425000,180.42999267578125,180.63999938964844,178.1300048828125,179.0500030517578,9383241
1717428600,179.05999755859375,179.92999267578125,176.2899932861328,176.35000610351562,8866013
1717432200,176.33999633789062,176.61000061035156,174.49000549316406,175.79139709472656,9076381
1717435800,175.7899932861328,176.8300018310547,175.57009887695312,176.38600158691406,6348837
1717439400,176.38999938964844,176.80810546875,175.74000549316406,176.57400512695312,4831062
1717443000,176.60000610351562,176.64999389648438,175.56100463867188,176.3800048828125,3717740
1717507800,174.77499389648438,177.0800018310547,174.00999450683594,174.97000122070312,21893898
1717511400,174.9176025390625,176.41000366210938,174.66580200195312,176.05999755859375,9400785
1717515000,176.05999755859375,176.3300018310547,174.69009399414062,175.64999389648438,5713011
1717518600,175.6949005126953,175.97000122070312,175.00999450683594,175.66050720214844,3926127
1717522200,175.7100067138672,176.85000610351562,175.1501007080078,176.80999755859375,4339850
1717525800,176.8300018310547,177.7550048828125,175.5500030517578,175.74000549316406,7684661
1717529400,175.72000122070312,175.77999877929688,174.7100067138672,174.72000122070312,4660211
1717594200,175.27999877929688,175.30999755859375,172.1300048828125,173.9300994873047,20028018
1717597800,173.9499969482422,175.19769287109375,173.6699981689453,175.09010314941406,9141849
1717601400,175.1042938232422,175.99000549316406,175.0699005126953,175.5312957763672,7481746
1717605000,175.5500030517578,176.14990234375,175.1800994873047,175.5500030517578,4811381
1717608600,175.5500030517578,175.6199951171875,174.60000610351562,174.9001007080078,4620664
1717612200,174.89999389648438,175.49000549316406,174.5800018310547,174.70179748535156,4314752
1717615800,174.72000122070312,175.22000122070312,174.52000427246094,174.9600067138672,3624987
1717680600,174.4199981689453,176.9199981689453,172.72999572753906,173.77999877929688,18902092
1717684200,173.77999877929688,174.66940307617188,173.35000610351562,174.4398956298828,7315477
1717687800,174.42999267578125,175.97999572753906,174.35000610351562,175.89999389648438,6857842
1717691400,175.90989685058594,178.23500061035156,175.7899932861328,177.99009704589844,11637453
1717695000,178.01809692382812,179.72999572753906,177.9199981689453,178.2899932861328,10403777
1717698600,178.30189514160156,178.64999389648438,177.6300048828125,178.58999633789062,5898321
1717702200,178.57000732421875,179.08619689941406,177.82000732421875,177.94000244140625,5846036
1717767000,176.14999389648438,179.13999938964844,175.94000244140625,178.389892578125,17602305
1717770600,178.35009765625,179.35000610351562,177.5800018310547,178.33999633789062,9481418
1717774200,178.33999633789062,178.86000061035156,178.0500946044922,178.4582061767578,5874835
1717777800,178.4600067138672,178.69000244140625,177.07000732421875,177.49000549316406,5697717
1717781400,177.5,177.7698974609375,175.5800018310547,176.25,5976517
1717785000,176.24099731445312,177.38999938964844,176.1300048828125,177.3300018310547,4637943
1717788600,177.32000732421875,177.74000549316406,176.75,177.39999389648438,3960904
1718026200,176.05999755859375,178.57000732421875,175.62069702148438,176.752197265625,14101822
1718029800,176.75999450683594,176.88499450683594,175.29010009765625,175.94500732421875,7841860
1718033400,175.97999572753906,176.24000549316406,175.3000030517578,175.75999450683594,4879958
1718037000,175.77999877929688,176.08399963378906,174.35000610351562,174.86000061035156,5389855
1718040600,174.86500549316406,174.89999389648438,173.42999267578125,173.72999572753906,5312827
1718044200,173.72000122070312,175.00990295410156,173.1699981689453,175.0,5475787
1718047800,174.94000244140625,174.9499969482422,173.52000427246094,173.7899932861328,3939643
1718112600,173.9199981689453,174.75,167.6999969482422,169.7550048828125,21259041
1718116200,169.74000549316406,170.1699981689453,168.27000427246094,168.4123992919922,9834691
1718119800,168.41000366210938,169.1199951171875,167.4199981689453,167.84500122070312,8017373
1718123400,167.84640502929688,169.09629821777344,167.50999450683594,168.67999267578125,6208819
1718127000,168.67269897460938,170.16000366210938,168.67269897460938,170.02999877929688,5546817
1718130600,170.00999450683594,170.22999572753906,169.1300048828125,169.67840576171875,5815826
1718134200,169.67999267578125,170.72999572753906,169.24000549316406,170.5800018310547,4763283
1718199000,171.25,175.9199981689453,169.8000030517578,175.88999938964844,23229510
1718202600,175.86000061035156,178.44000244140625,175.66099548339844,178.41000366210938,15551335
1718206200,178.4199981689453,180.27000427246094,177.75999450683594,178.92999267578125,13951085
1718209800,178.94000244140625,179.82899475097656,178.52000427246094,178.9600067138672,6682099
1718213400,178.9499969482422,180.5500030517578,177.64999389648438,180.3300018310547,8775301
1718217000,180.30999755859375,180.47000122070312,178.0500030517578,178.05499267578125,9908220
1718220600,178.05999755859375,178.48980712890625,176.9600067138672,177.19000244140625,7244082
1718285400,188.42799377441406,191.0500030517578,183.47999572753906,185.05999755859375,51500769
1718289000,185.0500030517578,185.16000366210938,181.94009399414062,183.8699951171875,18846663
1718292600,183.86500549316406,185.5800018310547,183.35000610351562,184.4600067138672,11107560
1718296200,184.4600067138672,185.14999389648438,182.8000030517578,183.74989318847656,8039080
1718299800,183.72109985351562,184.86990356445312,183.64999389648438,184.46749877929688,6522802
1718303400,184.4499969482422,184.85000610351562,182.5500030517578,182.55999755859375,6789247
1718307000,182.5800018310547,183.0,181.27999877929688,182.56019592285156,7950205
1718371800,185.76499938964844,186.0,178.22000122070312,179.20989990234375,30806798
1718375400,179.2299041748047,179.82000732421875,178.52000427246094,179.1699981689453,12639953
1718379000,179.17930603027344,179.42999267578125,176.9199981689453,178.85000610351562,10135975
1718382600,178.83999633789062,179.72000122070312,178.5,179.16000366210938,6472900
1718386200,179.1649932861328,179.4199981689453,177.5500030517578,177.92999267578125,6048331
1718389800,177.94000244140625,178.75,177.5800018310547,178.63999938964844,6783180
1718393400,178.6300048828125,178.65989685058594,177.77999877929688,177.96499633789062,5476629
1718631000,177.9499969482422,182.2899932861328,177.0,181.96719360351562,23372206
1718634600,181.97000122070312,186.6300048828125,181.91000366210938,185.5800018310547,24402195
1718638200,185.5850067138672,187.15870666503906,185.25999450683594,186.16769409179688,12213924
1718641800,186.17999267578125,187.27999877929688,184.4499969482422,187.139892578125,10756746
1718645400,187.1300048828125,188.80999755859375,186.6699981689453,187.10000610351562,12094372
1718649000,187.11000061035156,188.5500030517578,186.25,188.4199981689453,10743366
1718652600,188.4199981689453,188.75,187.3000030517578,187.52000427246094,9455818
1718717400,186.59500122070312,187.1999969482422,183.22999572753906,183.4739990234375,25001940
1718721000,183.47999572753906,184.1199951171875,182.375,183.27000427246094,13345347
1718724600,183.27000427246094,184.89999389648438,182.89999389648438,184.6699981689453,7204863
1718728200,184.66000366210938,185.1999969482422,183.63999938964844,184.66720581054688,6152211
1718731800,184.6676025390625,185.35000610351562,183.83599853515625,185.0399932861328,5674766
1718735400,185.0399932861328,185.08999633789062,184.38999938964844,184.42990112304688,4365979
1718739000,184.39999389648438,185.10000610351562,184.1699981689453,184.88099670410156,3519355
1718890200,184.67999267578125,185.2100067138672,180.72000122070312,182.46319580078125,18894354
1718893800,182.44000244140625,184.1999969482422,182.0,182.79989624023438,8206286
1718897400,182.77999877929688,183.44000244140625,181.7100067138672,181.72500610351562,4934812
1718901000,181.7104949951172,181.89999389648438,180.08999633789062,180.19000244140625,6283227
1718904600,180.1999053955078,181.33470153808594,179.6699981689453,181.14999389648438,5274417
1718908200,181.13999938964844,181.35000610351562,180.1300048828125,181.08839416503906,4327111
1718911800,181.08999633789062,181.97000122070312,180.75,181.52000427246094,3772053
1718976600,181.8300018310547,183.9188995361328,180.69000244140625,181.7449951171875,20397613
1718980200,181.74000549316406,183.9499969482422,181.5,182.2100067138672,9540191
1718983800,182.2100067138672,182.8699951171875,181.71229553222656,182.6365966796875,4445180
1718987400,182.6300048828125,183.08999633789062,181.3300018310547,181.47000122070312,4092050
1718991000,181.43499755859375,182.1199951171875,181.0399932861328,182.00360107421875,4071579
1718994600,181.99000549316406,182.08999633789062,181.27000427246094,181.94500732421875,3733610
1718998200,181.9600067138672,183.6199951171875,181.5749969482422,183.0399932861328,6256377
1719235800,185.610107421875,188.3800048828125,183.74000549316406,183.97000122070312,25449582
1719239400,183.9600067138672,185.60000610351562,182.60000610351562,184.7899932861328,10961865
1719243000,184.7700958251953,185.5399932861328,184.55999755859375,185.27499389648438,4512822
1719246600,185.25999450683594,185.35000610351562,183.360107421875,183.4949951171875,4500454
1719250200,183.5,183.99000549316406,182.9300994873047,183.33990478515625,4245320
1719253800,183.33999633789062,184.3800048828125,183.1999969482422,184.2949981689453,4537312
1719257400,184.3000030517578,184.35000610351562,182.5500030517578,182.65780639648438,4395552
1719322200,184.1999969482422,187.00999450683594,182.00999450683594,186.11000061035156,19831866
1719325800,186.11839294433594,186.83999633789062,184.89999389648438,185.9600067138672,8823107
1719329400,185.97000122070312,187.97000122070312,185.72999572753906,185.96929931640625,9033918
1719333000,185.94500732421875,186.36000061035156,184.80999755859375,185.47999572753906,5641166
1719336600,185.4846954345703,186.82330322265625,184.69009399414062,186.82330322265625,5372795
1719340200,186.8179931640625,187.74000549316406,186.3300018310547,187.57000732421875,5685173
1719343800,187.5,187.72000122070312,186.6800994873047,187.42999267578125,3980354
1719408600,186.4199981689453,194.19000244140625,186.36000061035156,192.1750030517578,30500888
1719412200,192.14999389648438,193.66000366210938,191.6999969482422,193.08639526367188,11006490
1719415800,193.07000732421875,195.5,192.69000244140625,194.5299072265625,12639066
1719419400,194.51809692382812,195.17999267578125,192.94000244140625,194.9199981689453,7771004
1719423000,194.9199981689453,196.1999969482422,194.25999450683594,196.0449981689453,9763100
1719426600,196.0449981689453,196.9499969482422,195.44479370117188,196.63499450683594,9687429
1719430200,196.6300048828125,197.7550048828125,196.2899932861328,196.39999389648438,9259075
1719495000,195.2100067138672,198.7050018310547,194.1199951171875,196.80999755859375,27604291
1719498600,196.79010009765625,197.0500030517578,194.7100067138672,194.8209991455078,11679105
1719502200,194.8300018310547,196.44000244140625,194.1999969482422,196.0500946044922,7681449
1719505800,196.0500030517578,196.8800048828125,195.82000732421875,196.71800231933594,5580593
1719509400,196.72999572753906,197.11000061035156,195.16000366210938,195.85499572753906,5164761
1719513000,195.8114013671875,197.0,195.64999389648438,196.89999389648438,4884754
1719516600,196.8800048828125,197.99000549316406,196.81170654296875,197.39999389648438,6425266
1719581400,199.63999938964844,202.97999572753906,198.5800018310547,200.4199981689453,31663590
1719585000,200.39999389648438,203.1999969482422,200.36000061035156,200.8686981201172,13738003
1719588600,200.84500122070312,201.35000610351562,197.1300048828125,197.5688018798828,13376268
1719592200,197.5500030517578,197.74000549316406,195.3699951171875,196.83999633789062,9751737
1719595800,196.86500549316406,197.5800018310547,196.3800048828125,196.7740020751953,5035823
1719599400,196.77999877929688,196.94000244140625,195.82009887695312,196.1020050048828,5588993
1719603000,196.11199951171875,198.08999633789062,195.25999450683594,198.0,7806119
1719840600,201.0279998779297,210.0,200.85000610351562,209.8000030517578,43334831
1719844200,209.77000427246094,211.5500030517578,207.64999389648438,210.36000061035156,23544553
1719847800,210.36000061035156,211.3394012451172,209.27000427246094,210.22999572753906,12999734
1719851400,210.22000122070312,210.85000610351562,208.97999572753906,209.7834014892578,9330148
1719855000,209.77000427246094,213.22999572753906,208.97000122070312,212.17990112304688,15262650
1719858600,212.1699981689453,212.8699951171875,209.60000610351562,210.6280059814453,14670883
1719862200,210.6107940673828,212.0489959716797,209.32000732421875,209.860107421875,11024848
1719927000,218.87600708007812,229.5500030517578,218.07000732421875,229.44000244140625,73622009
1719930600,229.43499755859375,231.13999938964844,227.25,229.58099365234375,40081170
1719934200,229.58990478515625,229.86000061035156,226.82000732421875,229.0229034423828,21017667
1719937800,229.0395965576172,229.83999633789062,227.22999572753906,227.33999633789062,14462299
1719941400,227.36000061035156,229.30990600585938,225.8699951171875,228.89410400390625,17485747
1719945000,228.91000366210938,229.69000244140625,227.92999267578125,228.5850067138672,13829481
1719948600,228.57000732421875,231.2899932861328,228.49000549316406,231.24000549316406,14895715
1720013400,235.5,244.69000244140625,235.44000244140625,244.55999755859375,71003540
1720017000,244.57000732421875,248.35000610351562,241.35079956054688,242.13499450683594,48952000
1720020600,242.13409423828125,246.08999633789062,240.1199951171875,244.97000122070312,25523183
1720186200,252.08990478515625,252.33999633789062,242.47000122070312,246.66000366210938,54276039
1720189800,246.625,250.57000732421875,245.64999389648438,248.42550659179688,22722967
1720193400,248.38999938964844,249.4510040283203,245.79200744628906,245.85870361328125,15033144
1720197000,245.85000610351562,247.0800018310547,243.94000244140625,246.64500427246094,13828783
1720200600,246.6320037841797,250.30999755859375,246.39999389648438,249.21499633789062,16871953
1720204200,249.1909942626953,251.57000732421875,248.3000030517578,250.523193359375,15136314
1720207800,250.5500030517578,251.8300018310547,249.47999572753906,251.4199981689453,11194774
1720445400,247.6999969482422,254.13999938964844,244.57000732421875,250.5164031982422,39732723
1720449000,250.5,256.7598876953125,250.3699951171875,256.26129150390625,24857126
1720452600,256.2948913574219,259.4389953613281,255.6300048828125,256.1499938964844,23474007
1720456200,256.1383056640625,256.3800048828125,248.8000030517578,251.92999267578125,23325802
1720459800,251.92999267578125,253.00999450683594,250.80999755859375,251.81509399414062,14895592
1720463400,251.82000732421875,253.55999755859375,250.57000732421875,252.89599609375,14056742
1720467000,252.8699951171875,254.35000610351562,249.8800048828125,252.91000366210938,12711941
1720531800,251.0,258.20001220703125,250.3000030517578,256.0799865722656,37588834
1720535400,256.010009765625,259.8800048828125,254.74000549316406,258.70989990234375,22459695
1720539000,258.69000244140625,264.739990234375,257.9100036621094,264.2744140625,27271337
1720542600,264.2300109863281,264.9800109863281,260.1069030761719,260.4700012207031,24952439
1720546200,260.5,265.6099853515625,260.20001220703125,262.9700012207031,18316161
1720549800,262.9512023925781,264.1300048828125,261.75,262.5979919433594,15324132
1720553400,262.6028137207031,263.3599853515625,261.44000244140625,262.409912109375,9828673
1720618200,262.8299865722656,265.7200012207031,259.1600036621094,259.17999267578125,38946579
1720621800,259.17999267578125,263.3999938964844,257.8599853515625,261.96990966796875,21403881
1720625400,262.0,264.5,261.6400146484375,263.70001220703125,13761208
1720629000,263.6300048828125,265.6499938964844,263.5,265.2049865722656,13673701
1720632600,265.2362976074219,267.5899963378906,264.7099914550781,266.0050048828125,15570126
1720636200,266.0299987792969,266.7898864746094,263.95001220703125,265.5000915527344,12619474
1720639800,265.5,265.6485900878906,263.1600036621094,263.2598876953125,8299970
1720704600,263.375,271.0,262.6300048828125,266.2268981933594,48198511
1720708200,266.260009765625,268.14990234375,260.510009765625,261.7900085449219,26929787
1720711800,261.81500244140625,262.6600036621094,241.33999633789062,247.30999755859375,55325575
1720715400,247.31199645996094,250.89999389648438,244.32000732421875,248.07000732421875,24101902
1720719000,248.07000732421875,248.08990478515625,241.50999450683594,243.77000427246094,20557060
1720722600,243.72999572753906,245.69000244140625,240.27000427246094,240.46499633789062,19100182
1720726200,240.4600067138672,243.6575927734375,239.64999389648438,240.8699951171875,15527273
1720791000,235.72999572753906,247.97999572753906,233.09120178222656,246.46499633789062,57459666
1720794600,246.4600067138672,251.19000244140625,245.89999389648438,249.17999267578125,29203318
1720798200,249.1743927001953,251.83900451660156,248.60000610351562,249.51950073242188,19368095
1720801800,249.56939697265625,251.3000030517578,248.82000732421875,249.6685028076172,12388688
1720805400,249.6699981689453,250.97940063476562,249.08999633789062,250.9499969482422,11905462
1720809000,250.9499969482422,251.02000427246094,249.0500030517578,250.35000610351562,10105626
1720812600,250.3300018310547,250.75999450683594,247.6999969482422,248.3300018310547,11035968
1721050200,255.96499633789062,264.989990234375,252.86000061035156,264.2250061035156,47348520
1721053800,264.1700134277344,265.5799865722656,261.3599853515625,261.9241943359375,20920042
1721057400,262.0,263.21990966796875,257.5,259.8900146484375,18489728
1721061000,259.9132080078125,261.8699951171875,259.05999755859375,260.54998779296875,13162209
1721064600,260.4800109863281,261.0979919433594,258.4800109863281,259.3999938964844,10405714
1721068200,259.412109375,259.69000244140625,255.39999389648438,255.59979248046875,14336522
1721071800,255.64999389648438,255.77999877929688,251.72999572753906,252.77000427246094,14828122
1721136600,257.57989501953125,258.6199951171875,245.8000946044922,247.69200134277344,40692664
1721140200,247.72000122070312,253.1300048828125,247.4499969482422,251.89010620117188,18959234
1721143800,251.9250030517578,254.14999389648438,249.89999389648438,250.7176055908203,15286092
1721147400,250.72000122070312,255.10000610351562,249.9199981689453,254.5299072265625,12278404
1721151000,254.5050048828125,257.0,254.25999450683594,256.4390869140625,14096229
1721154600,256.4200134277344,257.4800109863281,254.9499969482422,255.989501953125,13092471
1721158200,255.97999572753906,257.3699951171875,255.64999389648438,256.44000244140625,8311100
1721223000,254.72000122070312,258.4700012207031,250.33999633789062,251.00999450683594,35357246
1721226600,251.0800018310547,254.6300048828125,248.70089721679688,250.02000427246094,18784795
1721230200,249.98370361328125,250.3498992919922,246.5500030517578,247.7277069091797,15712002
1721233800,247.73989868164062,250.08999633789062,247.66000366210938,249.89999389648438,11645762
1721237400,249.89999389648438,250.8000030517578,246.91009521484375,248.02000427246094,10145298
1721241000,248.01629638671875,249.2100067138672,246.1820068359375,248.889892578125,11015128
1721244600,248.8000946044922,249.3000030517578,246.89439392089844,248.49000549316406,7465528
1721309400,251.86000061035156,255.64999389648438,247.1999969482422,254.3820037841797,29721071
1721313000,254.39999389648438,255.60000610351562,250.3300018310547,253.52830505371094,18828989
1721316600,253.52499389648438,254.95849609375,251.6199951171875,253.91000366210938,12001683
1721320200,253.88819885253906,257.1400146484375,253.75,255.95640563964844,11649372
1721323800,255.9799041748047,256.42999267578125,250.74000549316406,250.7747039794922,10669932
1721327400,250.75999450683594,251.07989501953125,247.44000244140625,248.61000061035156,14958921
1721331000,248.58999633789062,250.47999572753906,247.77999877929688,249.27999877929688,7724123
1721395800,247.7209930419922,249.00999450683594,241.6999969482422,241.7554931640625,26175921
1721399400,241.7899932861328,244.33999633789062,240.1199951171875,240.28460693359375,14432564
1721403000,240.26010131835938,241.3000030517578,238.27999877929688,238.9550018310547,12815123
1721406600,238.9199981689453,239.3699951171875,236.8350067138672,239.27000427246094,9249296
1721410200,239.24000549316406,240.6199951171875,238.5500030517578,239.1699981689453,7735178
1721413800,239.14999389648438,241.1999969482422,238.3800048828125,240.52999877929688,6912571
1721417400,240.56500244140625,240.73739624023438,238.41000366210938,239.25999450683594,5800945
1721655000,244.21249389648438,251.57000732421875,243.75,246.39010620117188,32664469
1721658600,246.44000244140625,249.72999572753906,246.08999633789062,246.33999633789062,12960322
1721662200,246.36500549316406,249.67999267578125,246.16000366210938,249.36000061035156,11134458
1721665800,249.35499572753906,251.22000122070312,249.0399932861328,250.96499633789062,9857437
1721669400,250.97000122070312,252.4199981689453,250.63999938964844,251.39500427246094,9536735
1721673000,251.39999389648438,253.20989990234375,250.6699981689453,251.94500732421875,11331034
1721676600,251.94000244140625,252.7899932861328,251.2895965576172,251.69000244140625,7550706
1721741400,253.4499969482422,255.7593994140625,247.6999969482422,248.98350524902344,30608719
1721745000,249.02000427246094,249.66000366210938,245.6300048828125,249.0800018310547,15158734
1721748600,249.0500030517578,249.9199981689453,246.5,247.0155029296875,10587356
1721752200,247.00999450683594,247.92999267578125,246.02000427246094,247.50010681152344,9081683
1721755800,247.3800048828125,248.49000549316406,246.9300994873047,247.2698974609375,7084529
1721759400,247.35000610351562,249.4499969482422,247.0800018310547,249.3699951171875,7917590
1721763000,249.34500122070312,249.41000366210938,246.32000732421875,246.37899780273438,8562799
1721827800,225.39999389648438,225.99000549316406,214.7100067138672,217.06399536132812,61891916
1721831400,217.05999755859375,218.58999633789062,215.60000610351562,218.0137939453125,23586411
1721835000,218.03500366210938,222.63999938964844,218.01010131835938,221.26150512695312,22114907
1721838600,221.24929809570312,221.89990234375,219.72000122070312,220.77000427246094,13416708
1721842200,220.77999877929688,221.60000610351562,218.3000030517578,219.8968048095703,11358068
1721845800,219.8800048828125,220.6300048828125,217.77000427246094,217.8000946044922,10978471
1721849400,217.7899932861328,219.22000122070312,215.5,215.5,12492984
1721914200,216.7949981689453,224.41000366210938,216.2310028076172,224.36000061035156,39538326
1721917800,224.36000061035156,224.97999572753906,221.66000366210938,222.60009765625,14960290
1721921400,222.69000244140625,224.22999572753906,221.5,223.5800018310547,8830787
1721925000,223.5800018310547,225.99000549316406,223.35400390625,223.8000030517578,9489761
1721928600,223.7700958251953,225.82000732421875,223.39999389648438,224.84100341796875,7035413
1721932200,224.8300018310547,225.47000122070312,222.3101043701172,224.2301025390625,8290726
1721935800,224.22999572753906,224.80999755859375,220.1699981689453,220.25,7546012
1722000600,221.19000244140625,222.2799072265625,215.72999572753906,216.74000549316406,29794607
1722004200,216.70030212402344,217.69000244140625,215.33999633789062,216.51669311523438,12768669
1722007800,216.49000549316406,220.60000610351562,216.49000549316406,219.63999938964844,11219473
1722011400,219.67999267578125,222.1300048828125,219.6717987060547,221.90499877929688,10404158
1722015000,221.89149475097656,222.18569946289062,219.42010498046875,220.46499633789062,10964294
1722018600,220.49000549316406,220.67999267578125,218.9199981689453,220.25010681152344,8988908
1722022200,220.3195037841797,220.4958953857422,219.1199951171875,219.9600067138672,5844514
1722259800,224.9980010986328,233.2100067138672,224.8699951171875,232.49000549316406,36409870
1722263400,232.47259521484375,234.27000427246094,228.19000244140625,229.322998046875,25476956
1722267000,229.3101043701172,231.3699951171875,227.08999633789062,230.94419860839844,16224532
1722270600,230.9600067138672,233.99000549316406,230.8511962890625,231.1750030517578,15968555
1722274200,231.1300048828125,232.9600067138672,230.8000030517578,231.3800048828125,11273953
1722277800,231.36000061035156,231.8800048828125,229.22000122070312,230.5,10459281
1722281400,230.49000549316406,232.69000244140625,230.30999755859375,232.1300048828125,7883344
1722346200,232.11000061035156,232.41000366210938,226.89999389648438,231.08999633789062,27811472
1722349800,231.0500030517578,231.88999938964844,226.24000549316406,226.70989990234375,15533367
1722353400,226.656494140625,226.9600067138672,221.3000030517578,221.9801025390625,14712048
1722357000,221.97999572753906,223.24989318847656,220.00999450683594,223.22000122070312,10708543
1722360600,223.22509765625,224.25,222.1656036376953,222.6750030517578,9011627
1722364200,222.64999389648438,223.139892578125,220.67999267578125,221.22999572753906,8314132
1722367800,221.26499938964844,224.1699981689453,220.4499969482422,222.5,8918631
1722432600,227.9199981689453,234.67999267578125,226.78750610351562,230.5,26163701
1722436200,230.5500030517578,232.10000610351562,230.39999389648438,231.7469940185547,8044026
1722439800,231.76820373535156,232.1699981689453,230.6999969482422,231.57000732421875,5001530
1722443400,231.5800018310547,232.25,230.82440185546875,231.00999450683594,3882591
1722447000,231.02000427246094,231.44000244140625,229.24000549316406,231.2100067138672,5356890
1722450600,231.22999572753906,233.4499969482422,230.5,231.2050018310547,7847766
1722454200,231.22999572753906,232.99000549316406,230.82000732421875,232.10000610351562,5073957
1722519000,227.67999267578125,231.86700439453125,226.42999267578125,226.8000030517578,19562544
1722522600,226.7899932861328,227.0800018310547,223.82679748535156,224.9398956298828,11793918
1722526200,224.91000366210938,225.25999450683594,221.97500610351562,222.29379272460938,8433570
1722529800,222.2790069580078,222.37680053710938,219.5200958251953,219.77999877929688,7936329
1722533400,219.82000732421875,220.58999633789062,217.13999938964844,217.60000610351562,9862869
1722537000,217.59930419921875,218.1199951171875,214.33279418945312,216.4600067138672,11885890
1722540600,216.4499969482422,217.4600067138672,215.52000427246094,216.75999450683594,7453786
1722605400,214.5,216.1300048828125,210.44500732421875,213.2675018310547,22183815
1722609000,213.15499877929688,214.52999877929688,207.1999969482422,208.9600067138672,16020906
1722612600,208.97000122070312,211.92990112304688,208.02999877929688,209.60000610351562,10036972
1722616200,209.55999755859375,210.36770629882812,207.5,207.5126953125,7143669
1722619800,207.49000549316406,208.35000610351562,205.8000030517578,208.32000732421875,7350847
1722623400,208.2899932861328,208.9499969482422,205.88999938964844,206.86000061035156,6573542
1722627000,206.85000610351562,208.07000732421875,205.77999877929688,207.60000610351562,7248617
1722864600,182.0,201.55999755859375,182.0,194.77499389648438,40424313
1722868200,194.80999755859375,203.87989807128906,194.7700958251953,201.41000366210938,15368467
1722871800,201.39500427246094,202.9384002685547,199.61000061035156,202.74009704589844,9424117
1722875400,202.7949981689453,202.8179931640625,198.75999450683594,199.88760375976562,7882360
1722879000,199.9199981689453,201.7299041748047,197.92999267578125,198.8300018310547,6426186
1722882600,198.76499938964844,199.4600067138672,196.0,198.23060607910156,7868143
1722886200,198.22000122070312,199.30999755859375,197.07000732421875,198.8699951171875,5550463
1722951000,199.64500427246094,200.7899932861328,192.6699981689453,196.0675048828125,24773593
1722954600,196.1699981689453,197.7899932861328,194.86000061035156,195.12010192871094,9952250
1722958200,195.14999389648438,201.2100067138672,195.1199951171875,200.28500366210938,10320734
1722961800,200.32000732421875,202.0800018310547,199.30999755859375,201.56500244140625,6132590
1722965400,201.58999633789062,202.47000122070312,200.83999633789062,202.2198944091797,5303094
1722969000,202.22000122070312,202.89999389648438,199.5,201.13499450683594,7527018
1722972600,201.14999389648438,201.8699951171875,200.02999877929688,200.36000061035156,5632714
1723037400,200.85000610351562,203.49000549316406,197.5218963623047,198.04989624023438,20213739
1723041000,197.97999572753906,200.4499969482422,197.17100524902344,198.88999938964844,9186186
1723044600,198.91009521484375,199.57000732421875,196.10000610351562,198.2100067138672,6462147
1723048200,198.2100067138672,198.5500030517578,195.22999572753906,195.86000061035156,6616771
1723051800,195.8300018310547,196.86000061035156,192.1199951171875,193.57989501953125,8488446
1723055400,193.5800018310547,194.4499969482422,191.86000061035156,193.2949981689453,8501010
1723059000,193.27000427246094,193.8000030517578,191.47999572753906,191.69000244140625,5648987
1723123800,195.6999969482422,197.44000244140625,192.0399932861328,197.39999389648438,18549200
1723127400,197.38999938964844,199.4586944580078,196.9499969482422,198.75990295410156,10656557
1723131000,198.80999755859375,199.0800018310547,196.92999267578125,197.43429565429688,6284871
1723134600,197.47999572753906,199.9499969482422,196.47000122070312,199.92999267578125,6660679
1723138200,199.94000244140625,200.6999969482422,199.0200958251953,200.03729248046875,6611382
1723141800,200.0699005126953,200.17999267578125,197.92010498046875,198.12989807128906,6251148
1723145400,198.13999938964844,199.44000244140625,197.63999938964844,199.01739501953125,5335514
1723210200,197.02000427246094,200.08999633789062,195.5800018310547,196.10000610351562,19575427
1723213800,196.11000061035156,199.17999267578125,195.11000061035156,197.74000549316406,9745314
1723217400,197.74000549316406,198.16000366210938,196.36000061035156,197.14999389648438,5554785
1723221000,197.13299560546875,200.23989868164062,197.11000061035156,200.2373046875,5149966
1723224600,200.22300720214844,200.8800048828125,199.16000366210938,199.49009704589844,6933667
1723228200,199.47000122070312,200.4600067138672,199.1800994873047,199.6300048828125,5342099
1723231800,199.61000061035156,200.14999389648438,199.39999389648438,200.02999877929688,3791396
1723469400,199.02000427246094,199.0850067138672,194.6750030517578,197.0,19474788
1723473000,197.0198974609375,198.3000030517578,195.9199981689453,196.6199951171875,9773737
1723476600,196.52000427246094,197.6699981689453,194.77999877929688,197.24009704589844,8079569
1723480200,197.25999450683594,197.99000549316406,196.22000122070312,197.42999267578125,6388532
1723483800,197.42999267578125,198.8300018310547,197.02000427246094,198.52999877929688,5629141
1723487400,198.47000122070312,198.47000122070312,197.4600067138672,197.67999267578125,4904156
1723491000,197.6999969482422,198.25999450683594,197.07000732421875,197.47999572753906,3796183
1723555800,198.77000427246094,205.8800048828125,197.05999755859375,205.1199951171875,25880045
1723559400,205.0800018310547,206.59019470214844,203.72999572753906,205.32000732421875,11426759
1723563000,205.32000732421875,205.5850067138672,204.25,205.3350067138672,6544179
1723566600,205.33999633789062,208.49000549316406,204.9199981689453,207.52000427246094,8609884
1723570200,207.52999877929688,207.6199951171875,205.77999877929688,207.05999755859375,6977880
1723573800,207.05999755859375,207.44000244140625,206.0500030517578,206.83009338378906,5924222
1723577400,206.83999633789062,208.4199981689453,206.76499938964844,207.92999267578125,6117019
1723642200,208.0399932861328,208.4398956298828,200.5,201.72219848632812,22552739
1723645800,201.67999267578125,202.34500122070312,199.80999755859375,202.07000732421875,11245196
1723649400,202.0800018310547,203.33999633789062,200.00999450683594,200.3795928955078,8315257
1723653000,200.36000061035156,200.75,198.75,200.72000122070312,8429152
1723656600,200.7100067138672,200.9600067138672,199.75999450683594,200.7301025390625,5828367
1723660200,200.72000122070312,200.87640380859375,199.6999969482422,200.24989318847656,5188418
1723663800,200.25010681152344,201.66000366210938,199.91000366210938,201.35000610351562,4611828
1723728600,205.02000427246094,214.67999267578125,204.82000732421875,214.47999572753906,32402752
1723732200,214.4600067138672,215.7899932861328,213.7100067138672,213.92999267578125,15140891
1723735800,213.9499969482422,214.50999450683594,212.86000061035156,213.92999267578125,9229338
1723739400,213.9456024169922,214.36000061035156,213.22999572753906,213.9250030517578,6059693
1723743000,213.94000244140625,215.8800048828125,213.87010192871094,214.03489685058594,8317936
1723746600,214.07000732421875,214.41000366210938,213.50999450683594,213.97000122070312,6949982
1723750200,213.97999572753906,215.05990600585938,213.6999969482422,214.13999938964844,6262977
1723815000,211.1199951171875,219.8000030517578,210.8000030517578,218.16000366210938,30918519
1723818600,218.168701171875,218.625,214.10009765625,214.72000122070312,15545035
1723822200,214.72999572753906,216.77999877929688,214.3300018310547,216.3350067138672,9435318
1723825800,216.32000732421875,217.66000366210938,215.97000122070312,217.63999938964844,6991370
1723829400,217.61000061035156,218.05999755859375,215.61000061035156,216.1199951171875,12098094
1723833000,216.1199951171875,216.64990234375,215.57000732421875,216.47000122070312,6529516
1723836600,216.4571990966797,216.68499755859375,215.956298828125,216.1199951171875,4610742
1724074200,219.34410095214844,221.95989990234375,214.08999633789062,221.86000061035156,30545235
1724077800,221.88400268554688,222.3800048828125,218.94239807128906,220.06500244140625,12758198
1724081400,220.07000732421875,221.36000061035156,219.52999877929688,220.94000244140625,6776894
1724085000,220.9001007080078,221.62750244140625,220.16000366210938,220.8300018310547,5262483
1724088600,220.85000610351562,221.38900756835938,220.39999389648438,221.3699951171875,4132438
1724092200,221.375,222.91990661621094,221.30999755859375,222.8699951171875,7639013
1724095800,222.8800048828125,222.97999572753906,222.2100067138672,222.83999633789062,4509379
1724160600,224.8800048828125,228.22000122070312,221.1999969482422,221.80499267578125,30218046
1724164200,221.80499267578125,222.69000244140625,219.55999755859375,221.41000366210938,12669569
1724167800,221.37010192871094,223.39999389648438,221.00999450683594,222.41000366210938,7069569
1724171400,222.42999267578125,223.42999267578125,220.07000732421875,221.02000427246094,6705494
1724175000,221.05999755859375,221.47999572753906,220.5800018310547,221.02000427246094,5122548
1724178600,221.02000427246094,222.14920043945312,221.02000427246094,221.5590057373047,5027763
1724182200,221.5500946044922,222.4600067138672,221.00799560546875,221.10000610351562,3876541
1724247000,222.64999389648438,224.65939331054688,218.86000061035156,220.7987060546875,24676894
1724250600,220.7899932861328,223.3300018310547,220.44000244140625,221.39010620117188,11618560
1724254200,221.41000366210938,221.45799255371094,219.30999755859375,221.22999572753906,7226905
1724257800,221.19000244140625,222.4499053955078,221.00999450683594,221.9597930908203,5733532
1724261400,221.99899291992188,223.57000732421875,221.99899291992188,223.5399932861328,6037421
1724265000,223.5399932861328,223.99000549316406,221.55499267578125,222.28500366210938,8398871
1724268600,222.2899932861328,223.39999389648438,222.05999755859375,223.22000122070312,3602472
1724333400,223.80999755859375,224.8000030517578,219.8699951171875,220.47999572753906,19018608
1724337000,220.44000244140625,220.5399932861328,217.5,218.33999633789062,12746713
1724340600,218.3459930419922,218.42999267578125,215.52000427246094,217.19000244140625,10246111
1724344200,217.19000244140625,217.85499572753906,215.60000610351562,215.66529846191406,6564971
1724347800,215.6300048828125,215.80990600585938,213.05999755859375,213.9499969482422,8558367
1724351400,213.88999938964844,214.14999389648438,212.75999450683594,212.8300018310547,6885961
1724355000,212.83999633789062,213.1699981689453,210.32000732421875,210.66000366210938,8267063
1724419800,214.4550018310547,220.94000244140625,214.2100067138672,220.69000244140625,25057699
1724423400,220.67999267578125,221.47000122070312,216.0,218.69500732421875,16100691
1724427000,218.72000122070312,219.5500030517578,216.11000061035156,216.69000244140625,9119092
1724430600,216.6999969482422,218.88999938964844,215.6699981689453,218.78160095214844,7192831
1724434200,218.8079071044922,219.9698944091797,218.6699981689453,219.57449340820312,5845184
1724437800,219.57000732421875,220.64999389648438,218.8300018310547,220.60000610351562,6610511
1724441400,220.5800018310547,220.88499450683594,219.75,220.2899932861328,5556601
1724679000,218.67999267578125,219.08999633789062,212.63009643554688,212.9600067138672,19424702
1724682600,212.9499969482422,213.85000610351562,211.58999633789062,213.50010681152344,10484785
1724686200,213.5,213.9499969482422,212.10000610351562,213.80999755859375,5751053
1724689800,213.80999755859375,214.36000061035156,212.63999938964844,212.75999450683594,4783173
1724693400,212.7899932861328,213.07000732421875,211.00999450683594,212.27999877929688,6574514
1724697000,212.25999450683594,213.27999877929688,212.15029907226562,212.84230041503906,4526793
1724700600,212.83999633789062,213.4499053955078,212.1999969482422,213.22999572753906,4318891
1724765400,213.22000122070312,215.64999389648438,206.94009399414062,209.11500549316406,24693434
1724769000,209.0800018310547,210.60989379882812,208.82130432128906,209.3300018310547,10962783
1724772600,209.35000610351562,210.45559692382812,208.45339965820312,209.25999450683594,7203350
1724776200,209.22999572753906,210.25999450683594,208.66419982910156,210.13999938964844,4452799
1724779800,210.13999938964844,210.5399932861328,209.05999755859375,209.36990356445312,4214157
1724783400,209.3699951171875,210.40069580078125,209.14999389648438,210.00999450683594,3977050
1724787000,209.99000549316406,210.25999450683594,209.08999633789062,209.1199951171875,3554501
1724851800,209.8280029296875,211.83999633789062,206.27000427246094,207.57000732421875,17528264
1724855400,207.59500122070312,207.89999389648438,204.27000427246094,205.1999969482422,11733506
1724859000,205.19000244140625,206.0699005126953,204.1999969482422,204.72999572753906,5187394
1724862600,204.72000122070312,207.10000610351562,204.64999389648438,206.0054931640625,4914451
1724866200,206.00999450683594,206.22000122070312,202.58999633789062,203.27499389648438,8448234
1724869800,203.25999450683594,205.46429443359375,202.77000427246094,205.4199981689453,7386627
1724873400,205.38999938964844,206.08560180664062,204.9499969482422,205.5500030517578,4681982
1724938200,209.5850067138672,214.88999938964844,209.52999877929688,211.50570678710938,22428022
1724941800,210.99000549316406,211.85000610351562,209.07000732421875,209.9499969482422,9242414
1724945400,209.9300994873047,212.42999267578125,209.8800048828125,212.30499267578125,4903077
1724949000,212.3000030517578,212.75999450683594,211.25,211.6999969482422,4309280
1724952600,211.6999969482422,212.67999267578125,208.89999389648438,209.04249572753906,4955417
1724956200,209.02000427246094,209.02000427246094,206.41000366210938,207.32000732421875,9042822
1724959800,207.35000610351562,208.07989501953125,205.97219848632812,206.28250122070312,4592002
1725024600,208.6300048828125,210.8300018310547,207.02999877929688,208.77999877929688,17862511
1725028200,208.75,210.10000610351562,208.3699951171875,209.63999938964844,7646326
1725031800,209.58999633789062,210.7698974609375,208.8802032470703,209.16990661621094,5965721
1725035400,209.14999389648438,210.639892578125,208.49000549316406,210.4774932861328,5763168
1725039000,210.47000122070312,212.02000427246094,210.4499969482422,211.0240020751953,6811587
1725042600,211.02000427246094,212.6199951171875,210.86000061035156,212.30599975585938,6318293
1725046200,212.3300018310547,214.57009887695312,211.78359985351562,214.0980987548828,6916235
1725370200,216.375,219.89999389648438,212.5308074951172,218.07989501953125,28106444
1725373800,218.00999450683594,218.0500030517578,213.22999572753906,213.39999389648438,12910588
1725377400,213.39500427246094,215.67999267578125,213.27000427246094,215.6300048828125,6565147
1725381000,215.6199951171875,215.6199951171875,213.8800048828125,215.06900024414062,4980610
1725384600,215.07000732421875,215.11990356445312,211.77999877929688,212.02999877929688,6364520
1725388200,212.0399932861328,212.4949951171875,210.42999267578125,211.47999572753906,7313319
1725391800,211.4600067138672,211.63999938964844,209.64010620117188,210.63999938964844,5605503
1725456600,210.75999450683594,219.49000549316406,210.6199951171875,219.4149932861328,27379447
1725460200,219.38009643554688,221.3300018310547,218.75999450683594,219.80999755859375,14812184
1725463800,219.81500244140625,220.83999633789062,218.51600646972656,220.74000549316406,7876736
1725467400,220.7200927734375,222.22000122070312,220.7200927734375,220.9550018310547,8637924
1725471000,220.91000366210938,221.58999633789062,220.14999389648438,221.2100067138672,5256322
1725474600,221.2100067138672,221.38999938964844,217.5399932861328,218.58999633789062,7428754
1725478200,218.58999633789062,220.4250030517578,217.83250427246094,219.4499969482422,5327801
1725543000,223.49000549316406,234.99000549316406,222.25,234.02999877929688,41644899
1725546600,234.1300048828125,234.77000427246094,227.5500030517578,227.66000366210938,19275001
1725550200,227.62600708007812,229.9698944091797,225.6199951171875,229.88099670410156,15945058
1725553800,229.89999389648438,230.57989501953125,227.3300018310547,227.47000122070312,11994494
1725557400,227.47999572753906,231.25990295410156,227.30999755859375,230.1300048828125,9779241
1725561000,230.1300048828125,231.14990234375,228.2100067138672,229.27859497070312,8871102
1725564600,229.2799072265625,230.19000244140625,228.52000427246094,230.17999267578125,6982518
1725629400,232.63999938964844,233.60000610351562,220.6699981689453,220.73500061035156,37356091
1725633000,220.6999969482422,221.22520446777344,216.4506072998047,216.83009338378906,19376181
1725636600,216.8699951171875,217.8699951171875,215.0800018310547,215.15570068359375,10578335
1725640200,215.1699981689453,216.9799041748047,214.30999755859375,215.87989807128906,9521040
1725643800,215.88499450683594,216.18960571289062,213.1300048828125,213.5800018310547,8708465
1725647400,213.58999633789062,215.1300048828125,213.1999969482422,213.610107421875,8030039
1725651000,213.66000366210938,213.66000366210938,210.55999755859375,210.7100067138672,9264732
1725888600,216.10000610351562,219.8699951171875,213.67999267578125,219.1699981689453,25086729
1725892200,219.0800018310547,219.10989379882812,214.3000030517578,215.61000061035156,11016612
1725895800,215.60000610351562,217.80999755859375,214.99009704589844,217.5500030517578,6868319
1725899400,217.55999755859375,218.83999633789062,217.0500030517578,217.71499633789062,5266704
1725903000,217.72000122070312,217.7899932861328,216.52999877929688,216.94970703125,5189522
1725906600,216.9001007080078,217.29510498046875,215.38499450683594,216.4199981689453,5135862
1725910200,216.43389892578125,217.17999267578125,216.1699981689453,216.47999572753906,4274786
1725975000,220.0,226.39999389648438,219.10000610351562,223.63999938964844,28728181
1725978600,223.61000061035156,224.36000061035156,221.3699951171875,223.74989318847656,10196863
1725982200,223.72999572753906,223.9799041748047,218.6376953125,219.0399932861328,9717439
1725985800,219.02999877929688,221.92999267578125,218.9199981689453,221.01400756835938,6931832
1725989400,221.0,223.1699981689453,220.9801025390625,222.9600067138672,5882772
1725993000,222.94000244140625,224.82000732421875,222.76409912109375,224.74000549316406,6412428
1725996600,224.66000366210938,226.3699951171875,224.25,226.1300048828125,6700484
1726061400,224.42999267578125,224.4499969482422,219.0,219.00999450683594,24339986
1726065000,219.0030059814453,220.47999572753906,216.80029296875,220.02000427246094,13646958
1726068600,220.00999450683594,223.13999938964844,219.8699951171875,222.42999267578125,10011195
1726072200,222.44000244140625,223.77000427246094,221.6699981689453,223.0299072265625,7143186
1726075800,223.17160034179688,225.5299072265625,222.82000732421875,225.3780975341797,7047758
1726079400,225.3699951171875,227.14999389648438,224.5601043701172,226.72000122070312,9993418
1726083000,226.7100067138672,228.41000366210938,226.20010375976562,228.08999633789062,7152150
1726147800,224.6300048828125,231.4499969482422,223.8300018310547,229.39999389648438,26237834
1726151400,229.36000061035156,230.24630737304688,226.4199981689453,228.1300048828125,12014203
1726155000,228.13999938964844,228.97999572753906,226.6999969482422,228.93499755859375,6663903
1726158600,228.9499969482422,230.63999938964844,227.80999755859375,230.16000366210938,6003037
1726162200,230.19000244140625,230.77999877929688,228.41000366210938,229.5500030517578,7052479
1726165800,229.52000427246094,230.16990661621094,227.35000610351562,229.7899932861328,6288366
1726169400,229.7899932861328,230.23989868164062,228.82000732421875,229.8300018310547,4539182
1726234200,227.9499969482422,232.66400146484375,226.5500030517578,227.75999450683594,20930898
1726237800,227.80999755859375,230.7299041748047,226.8300018310547,230.64500427246094,9437636
1726241400,230.63380432128906,230.95989990234375,227.82000732421875,228.5500030517578,6706123
1726245000,228.5500030517578,229.35000610351562,227.42999267578125,229.16119384765625,4804813
1726248600,229.14999389648438,230.20640563964844,228.45199584960938,229.03500366210938,5551878
1726252200,229.0467987060547,229.77000427246094,228.8000030517578,229.61500549316406,4184557
1726255800,229.61000061035156,230.38999938964844,229.58839416503906,230.27000427246094,4702045
1726493400,229.25,229.7899932861328,223.52999877929688,227.360107421875,17733737
1726497000,227.3699951171875,229.19000244140625,224.77999877929688,229.125,9074320
1726500600,229.13999938964844,229.9499969482422,227.44000244140625,228.1096954345703,7094727
1726504200,228.1199951171875,228.3300018310547,226.07000732421875,226.69000244140625,5460864
1726507800,226.69500732421875,227.6909942626953,226.3300018310547,227.55999755859375,4138800
1726511400,227.55999755859375,228.4499969482422,227.0,227.73500061035156,4765604
1726515000,227.68499755859375,227.92999267578125,226.63999938964844,226.74600219726562,3399798
1726579800,229.5,234.57000732421875,229.41000366210938,232.5800018310547,25871621
1726583400,232.56500244140625,233.1699981689453,230.83999633789062,231.97500610351562,8639712
1726587000,231.96200561523438,232.67999267578125,229.02000427246094,230.125,7277710
1726590600,230.10009765625,230.27999877929688,228.39999389648438,229.60000610351562,6241089
1726594200,229.59039306640625,230.0399932861328,227.14999389648438,227.78269958496094,5796328
1726597800,227.79820251464844,228.0800018310547,226.5532989501953,228.05999755859375,5467111
1726601400,228.0399932861328,228.42999267578125,227.52999877929688,227.88999938964844,3758499
1726666200,230.08999633789062,231.74000549316406,227.14999389648438,229.33999633789062,17294703
1726669800,229.3419952392578,229.97000122070312,227.82000732421875,228.22999572753906,6642908
1726673400,228.22999572753906,229.05999755859375,226.8800048828125,228.89999389648438,6231170
1726677000,228.8802032470703,230.44000244140625,228.57000732421875,230.14010620117188,5622019
1726680600,230.16000366210938,234.49000549316406,229.5800018310547,233.3699951171875,13517844
1726684200,233.34230041503906,235.67999267578125,228.1999969482422,231.13499450683594,17851579
1726687800,231.2100067138672,231.81759643554688,227.0,227.1699981689453,7027035
1726752600,233.99000549316406,239.6999969482422,232.13999938964844,239.47000122070312,30542461
1726756200,239.43499755859375,242.1699981689453,238.57000732421875,241.77000427246094,16809785
1726759800,241.7899932861328,243.66000366210938,241.72999572753906,242.5904998779297,14071583
1726763400,242.5800018310547,243.97000122070312,242.0800018310547,243.32009887695312,8538148
1726767000,243.26690673828125,244.24000549316406,242.8101043701172,243.9405059814453,8398381
1726770600,243.94000244140625,243.99000549316406,241.75,242.83999633789062,9308653
1726774200,242.84500122070312,244.0,242.22999572753906,243.85000610351562,7799629
1726839000,241.52000427246094,243.99000549316406,238.24000549316406,239.72999572753906,29619455
1726842600,239.77999877929688,239.86000061035156,235.9199981689453,238.1300048828125,12228284
1726846200,238.13999938964844,240.74000549316406,237.88999938964844,238.94000244140625,13005500
1726849800,238.89999389648438,239.47000122070312,237.92999267578125,238.2100067138672,6152181
1726853400,238.19500732421875,239.36000061035156,237.5500030517578,237.79269409179688,5357697
1726857000,237.8000030517578,240.19000244140625,237.4600067138672,239.9199981689453,6719865
1726860600,239.8800048828125,240.639892578125,237.80999755859375,238.25999450683594,6503656
1727098200,242.63999938964844,248.47999572753906,241.9199981689453,247.83999633789062,27832749
1727101800,247.83999633789062,249.41000366210938,247.05999755859375,248.22999572753906,14512551
1727105400,248.22500610351562,249.99000549316406,247.80999755859375,247.8699951171875,9771836
1727109000,247.889892578125,248.5800018310547,247.2100067138672,247.69500732421875,7656411
1727112600,247.64999389648438,249.39999389648438,247.44000244140625,249.3000030517578,6012349
1727116200,249.31500244140625,249.72000122070312,248.22000122070312,249.26170349121094,6167178
1727119800,249.25999450683594,250.0,248.8751983642578,250.0,6683879
1727184600,254.14999389648438,257.19000244140625,250.50999450683594,250.67999267578125,36532474
1727188200,250.7050018310547,254.3094024658203,249.0500946044922,253.4600067138672,16710557
1727191800,253.49659729003906,253.56500244140625,251.4199981689453,252.27499389648438,8416260
1727195400,252.27499389648438,252.72999572753906,251.17010498046875,252.42999267578125,4728119
1727199000,252.44000244140625,253.13999938964844,251.9300994873047,252.35000610351562,4285282
1727202600,252.36500549316406,253.23350524902344,251.72000122070312,252.56500244140625,5247545
1727206200,252.58999633789062,254.53990173339844,252.4499969482422,254.3800048828125,5222841
1727271000,252.5399932861328,256.4198913574219,252.27999877929688,254.64230346679688,22972264
1727274600,254.68930053710938,256.29998779296875,254.00999450683594,254.02999877929688,9949335
1727278200,254.00999450683594,256.909912109375,253.91000366210938,255.5,8655725
1727281800,255.5019989013672,256.218994140625,254.4600067138672,256.110107421875,5891774
1727285400,256.135009765625,256.32000732421875,255.02999877929688,256.0539855957031,4411989
1727289000,256.0599060058594,256.5400085449219,255.63999938964844,256.2257080078125,4499070
1727292600,256.2200012207031,257.04998779296875,255.82000732421875,256.989990234375,4492211
1727357400,260.67999267578125,261.75,256.1300048828125,256.19000244140625,23097654
1727361000,256.20001220703125,256.7200012207031,251.52999877929688,254.2899932861328,16475579
1727364600,254.2899932861328,255.88999938964844,253.4499969482422,254.60000610351562,6558513
1727368200,254.6678924560547,254.9893035888672,252.4199981689453,253.28500366210938,4879488
1727371800,253.27999877929688,254.75,253.17999267578125,254.30999755859375,4169574
1727375400,254.32000732421875,254.63999938964844,252.58999633789062,253.74270629882812,4483708
1727379000,253.72999572753906,254.33999633789062,253.19000244140625,254.1699981689453,3156281
1727443800,257.375,259.3799133300781,254.1199951171875,254.89010620117188,19839721
1727447400,254.69000244140625,257.139892578125,254.27999877929688,256.7799072265625,8755681
1727451000,256.74560546875,259.8699951171875,256.3973083496094,258.989990234375,11030257
1727454600,258.96539306640625,259.7200012207031,257.8500061035156,258.7900085449219,6601464
1727458200,258.7699890136719,260.3299865722656,258.1499938964844,258.7298889160156,6919569
1727461800,258.7099914550781,260.69989013671875,258.20001220703125,260.639892578125,6582622
1727465400,260.6199951171875,260.69000244140625,259.81500244140625,260.4649963378906,5404942
1727703000,259.0,264.8599853515625,258.1000061035156,259.6300048828125,25611591
1727706600,259.6300048828125,260.2900085449219,256.80999755859375,259.489990234375,15520045
1727710200,259.70001220703125,261.4800109863281,258.2300109863281,260.71820068359375,7941888
1727713800,260.6513977050781,260.8999938964844,258.45001220703125,258.5199890136719,5519846
1727717400,258.4877014160156,260.29998779296875,255.77000427246094,256.8699035644531,7360994
1727721000,256.82000732421875,259.2300109863281,256.1000061035156,258.7200012207031,7236084
1727724600,258.6600036621094,261.8699951171875,258.25518798828125,261.6050109863281,6621084
1727789400,262.7149963378906,263.9800109863281,250.11000061035156,250.1300048828125,25533756
1727793000,250.1699981689453,253.56410217285156,248.52999877929688,252.24000549316406,16978550
1727796600,252.24000549316406,255.139892578125,251.8007049560547,255.0500030517578,8572712
1727800200,255.02999877929688,255.8365020751953,252.20010375976562,253.0800018310547,8220133
1727803800,253.05999755859375,259.0491027832031,253.0283966064453,258.6700134277344,11075585
1727807400,258.625,259.1499938964844,257.739990234375,258.0871887207031,7420032
1727811000,258.07000732421875,258.1300048828125,256.6300048828125,258.010009765625,5730920
1727875800,247.52999877929688,250.77000427246094,241.5,243.1699981689453,38780956
1727879400,243.18600463867188,248.8800048828125,242.66000366210938,248.72999572753906,14268476
1727883000,248.7790985107422,251.1584930419922,248.5131072998047,249.3406982421875,11706297
1727886600,249.375,249.37989807128906,247.14999389648438,248.5800018310547,7627881
1727890200,248.5500030517578,249.7198944091797,247.3101043701172,249.091796875,6499943
1727893800,249.1199951171875,250.02999877929688,248.631103515625,249.96009826660156,6095623
1727897400,249.97000122070312,250.07899475097656,247.89999389648438,248.98219299316406,5282195
1727962200,245.6999969482422,249.7899932861328,244.43600463867188,245.94000244140625,21382081
1727965800,245.95989990234375,246.5399932861328,242.77999877929688,243.6291961669922,13135874
1727969400,243.61000061035156,244.74989318847656,242.9199981689453,243.00050354003906,5960441
1727973000,243.0500030517578,243.1652069091797,238.91000366210938,240.24989318847656,13960846
1727976600,240.17630004882812,240.7899932861328,238.41000366210938,238.6999053955078,8476158
1727980200,238.66000366210938,239.94000244140625,237.8300018310547,238.92239379882812,7536081
1727983800,238.8699951171875,241.16000366210938,238.8300018310547,240.6999969482422,5814880
1728048600,246.6999969482422,249.75,244.5800018310547,247.2100067138672,27428791
1728052200,247.19000244140625,250.9600067138672,246.6199951171875,247.75,16976679
1728055800,247.74000549316406,247.74009704589844,244.6300048828125,247.30999755859375,13744876
1728059400,247.3300018310547,249.23989868164062,247.0500030517578,248.64999389648438,6664747
1728063000,248.64999389648438,249.8300018310547,248.023193359375,249.17999267578125,6514835
1728066600,249.14999389648438,249.9600067138672,248.30999755859375,249.89999389648438,5356741
1728070200,249.91000366210938,250.2799072265625,249.6199951171875,249.97999572753906,5204598
1728307800,248.80999755859375,249.08999633789062,244.86000061035156,246.5399932861328,19605808
1728311400,246.5229034423828,246.63999938964844,242.52000427246094,244.21499633789062,13689540
1728315000,244.18780517578125,245.5500030517578,243.91000366210938,244.88999938964844,5670203
1728318600,244.89999389648438,245.3800048828125,243.9199981689453,243.9499969482422,4273085
1728322200,243.86500549316406,244.3699951171875,243.14999389648438,243.72120666503906,4769743
1728325800,243.7100067138672,243.7169952392578,240.97500610351562,241.74000549316406,8212124
1728329400,241.77999877929688,241.9499053955078,240.72000122070312,240.83999633789062,5332823
1728394200,243.76499938964844,246.2100067138672,240.57000732421875,244.1566925048828,19201124
1728397800,244.16000366210938,245.4600067138672,242.6999969482422,243.88999938964844,8835004
1728401400,243.86599731445312,245.64999389648438,243.6999969482422,245.1699981689453,6695488
1728405000,245.16000366210938,245.75,244.16000366210938,244.31300354003906,5474689
1728408600,244.31500244140625,245.34410095214844,244.14999389648438,244.39019775390625,3377468
1728412200,244.3939971923828,245.49000549316406,244.07009887695312,244.4499969482422,4512834
1728415800,244.4320068359375,245.42999267578125,244.2899932861328,244.5500030517578,3517557
1728480600,244.19830322265625,246.77830505371094,239.50999450683594,246.2100067138672,22030750
1728484200,246.25999450683594,247.42999267578125,244.08999633789062,244.27239990234375,11634940
1728487800,244.30419921875,245.05979919433594,242.8000030517578,244.6533966064453,7096345
1728491400,244.6501007080078,245.44000244140625,244.2899932861328,244.31039428710938,5334639
1728495000,244.3000030517578,244.52999877929688,242.5500946044922,243.46200561523438,5846460
1728498600,243.45440673828125,243.4799041748047,241.13009643554688,241.47999572753906,7464040
1728502200,241.5500030517578,242.22000122070312,241.0,241.02999877929688,4324251
1728567000,241.80999755859375,242.3300018310547,232.33999633789062,238.41810607910156,31783416
1728570600,238.41990661621094,239.86990356445312,236.8000030517578,238.91250610351562,12130769
1728574200,238.8699951171875,242.16000366210938,238.1999969482422,241.08880615234375,10157536
1728577800,241.11300659179688,242.78990173339844,240.3300018310547,241.8000030517578,7407800
1728581400,241.79490661621094,242.3800048828125,240.10000610351562,241.23500061035156,6348454
1728585000,241.18150329589844,242.42999267578125,240.89999389648438,240.92999267578125,5534164
1728588600,240.93499755859375,241.0500030517578,238.25,238.74000549316406,6562096
1728653400,219.3874969482422,221.5800018310547,214.39999389648438,220.5157012939453,63796985
1728657000,220.52999877929688,223.33999633789062,219.02000427246094,219.57000732421875,20995799
1728660600,219.5800018310547,220.94000244140625,218.5,220.55999755859375,12426407
1728664200,220.55999755859375,220.58999633789062,219.57000732421875,220.00469970703125,8141065
1728667800,220.00999450683594,220.35000610351562,218.44009399414062,219.29989624023438,8272650
1728671400,219.3000030517578,219.5699005126953,218.5500030517578,218.97689819335938,7703340
1728675000,218.9600067138672,218.97000122070312,217.2519073486328,217.69009399414062,11839411
1728912600,220.15499877929688,221.91000366210938,213.74000549316406,216.82009887695312,38071963
1728916200,216.83999633789062,220.0,216.6699981689453,218.5399932861328,17023336
1728919800,218.51559448242188,219.89999389648438,218.25100708007812,219.5050048828125,6938041
1728923400,219.52000427246094,220.37989807128906,219.2010040283203,219.2899932861328,5967933
1728927000,219.27999877929688,220.0,219.02999877929688,219.7899932861328,4388865
1728930600,219.78500366210938,219.83999633789062,218.360107421875,218.96499633789062,5457972
1728934200,218.9600067138672,219.60989379882812,218.72000122070312,219.1501007080078,4912280
1728999000,220.0,224.25999450683594,219.33509826660156,219.92869567871094,26328427
1729002600,219.9149932861328,220.25990295410156,217.1199951171875,219.98800659179688,12225213
1729006200,219.9499969482422,221.27000427246094,219.16000366210938,220.55999755859375,6164379
1729009800,220.5399932861328,221.03990173339844,219.6699981689453,219.8260040283203,3869126
1729013400,219.80999755859375,220.5399932861328,219.6300048828125,220.17010498046875,3355625
1729017000,220.1649932861328,220.58999633789062,218.9499969482422,219.39999389648438,3726799
1729020600,219.44000244140625,219.6699981689453,218.75999450683594,219.6699981689453,3473042
1729085400,221.39999389648438,222.8199005126953,218.92999267578125,221.1649932861328,20003609
1729089000,221.1750030517578,221.3498992919922,219.64999389648438,219.88290405273438,7110851
1729092600,219.8820037841797,220.99000549316406,219.00999450683594,220.86990356445312,5687800
1729096200,220.89649963378906,221.41000366210938,220.22000122070312,221.0,3892389
1729099800,221.00100708007812,221.97000122070312,220.5800018310547,221.71499633789062,3565405
1729103400,221.6999969482422,222.22000122070312,221.11000061035156,221.47000122070312,4163025
1729107000,221.46389770507812,221.77999877929688,221.13999938964844,221.36000061035156,2810027
1729171800,221.38999938964844,221.5800018310547,217.89999389648438,219.4243927001953,18122050
1729175400,219.66099548339844,220.4550018310547,218.89999389648438,219.52000427246094,6497607
1729179000,219.5399932861328,220.22000122070312,219.4199981689453,219.72000122070312,3849880
1729182600,219.7344970703125,221.12989807128906,219.05999755859375,221.08070373535156,4690009
1729186200,221.0511932373047,222.0800018310547,220.02000427246094,220.27000427246094,7359822
1729189800,220.2519989013672,220.6699981689453,219.8800048828125,220.0500030517578,3092418
1729193400,220.07000732421875,221.05999755859375,219.66000366210938,220.88999938964844,3380388
1729258200,220.72000122070312,221.94960021972656,219.22999572753906,220.24000549316406,17090920
1729261800,220.2200927734375,222.27999877929688,220.07000732421875,221.88400268554688,11168016
1729265400,221.88999938964844,222.0,220.63999938964844,221.4149932861328,4171515
1729269000,221.39999389648438,221.5800018310547,220.85000610351562,220.94500732421875,3759616
1729272600,220.94979858398438,221.61000061035156,220.83999633789062,221.35000610351562,2549461
1729276200,221.3699951171875,222.17999267578125,221.16070556640625,221.49000549316406,4764149
1729279800,221.49000549316406,221.49000549316406,220.44000244140625,220.71499633789062,3639006
1729517400,218.89999389648438,220.47999572753906,215.7259979248047,219.4031982421875,19608678
1729521000,219.41000366210938,220.0399932861328,217.52999877929688,217.77999877929688,7787934
1729524600,217.74000549316406,219.0,217.71670532226562,218.55999755859375,4468187
1729528200,218.5749969482422,218.72999572753906,217.85000610351562,218.2100067138672,2753522
1729531800,218.2100067138672,218.33999633789062,216.94000244140625,217.5399932861328,3804199
1729535400,217.50999450683594,218.11680603027344,217.5,217.86000061035156,3359088
1729539000,217.84010314941406,218.9600067138672,217.51010131835938,218.89999389648438,3389574
1729603800,217.0635986328125,217.85000610351562,215.83999633789062,216.68389892578125,13147497
1729607400,216.68499755859375,217.44000244140625,215.5500030517578,216.27999877929688,8018988
1729611000,216.3000030517578,216.42999267578125,215.25999450683594,215.57530212402344,4974738
1729614600,215.57000732421875,216.83999633789062,215.5,216.6999969482422,3976804
1729618200,216.6840057373047,218.1396026611328,216.39439392089844,217.73199462890625,4668562
1729621800,217.73500061035156,217.8800048828125,217.0,217.85499572753906,3186237
1729625400,217.85000610351562,218.1999969482422,217.52000427246094,217.91000366210938,2966370
1729690200,217.0749969482422,218.72000122070312,215.38999938964844,216.32000732421875,14735216
1729693800,216.2801055908203,216.6699981689453,214.6999969482422,214.77200317382812,7468268
1729697400,214.77000427246094,215.939697265625,214.77000427246094,214.80999755859375,4551521
1729701000,214.8000030517578,214.875,212.89999389648438,213.3800048828125,5983476
1729704600,213.3800048828125,213.77000427246094,212.11000061035156,213.60000610351562,7191665
1729708200,213.5863037109375,213.9600067138672,213.05999755859375,213.66990661621094,5146534
1729711800,213.67999267578125,214.74000549316406,213.52000427246094,213.55999755859375,5445301
1729776600,244.60000610351562,251.10000610351562,242.64999389648438,248.94000244140625,73391487
1729780200,248.94129943847656,254.28509521484375,248.86000061035156,254.1136932373047,25262449
1729783800,254.11000061035156,255.13999938964844,252.27999877929688,254.95989990234375,21752617
1729787400,254.9597930908203,257.989990234375,254.60009765625,256.8999938964844,18485256
1729791000,256.9100036621094,258.69000244140625,256.40008544921875,257.8500061035156,15696847
1729794600,257.82501220703125,260.3399963378906,257.5199890136719,259.9200134277344,17273735
1729798200,259.9200134277344,262.1199035644531,259.6000061035156,260.5400085449219,18507161
1729863000,257.7300109863281,269.44000244140625,255.32000732421875,267.4700012207031,58550919
1729866600,267.44110107421875,267.6300048828125,260.8500061035156,266.75799560546875,29439267
1729870200,266.7900085449219,267.989990234375,265.2099914550781,267.4800109863281,16074164
1729873800,267.5150146484375,269.1400146484375,266.25,267.1700134277344,13280607
1729877400,267.1700134277344,268.05999755859375,264.55999755859375,266.7650146484375,13619679
1729881000,266.7619934082031,267.7099914550781,265.29998779296875,267.55999755859375,12657059
1729884600,267.510009765625,269.489990234375,267.2799987792969,269.110107421875,11250439
1730122200,269.25,272.7799987792969,266.010009765625,271.989990234375,36117081
1730125800,271.989990234375,273.5360107421875,270.80999755859375,272.0,13501485
1730129400,272.05499267578125,272.25,269.25,270.25,10460370
1730133000,270.2499084472656,270.25,267.7200012207031,269.239990234375,10416846
1730136600,269.2900085449219,269.75,267.04998779296875,267.3399963378906,6205171
1730140200,267.3500061035156,267.4200134277344,263.5299987792969,264.4200134277344,13866012
1730143800,264.44000244140625,264.79998779296875,262.239990234375,262.6600036621094,7921676
1730208600,263.3399963378906,264.33599853515625,258.75,261.04998779296875,24343613
1730212200,261.08990478515625,262.9599914550781,257.42999267578125,259.8800048828125,14412690
1730215800,259.8699951171875,259.989990234375,256.8299865722656,257.3200988769531,10103830
1730219400,257.3688049316406,258.8999938964844,255.50999450683594,258.59149169921875,10834259
1730223000,258.6000061035156,259.5899963378906,257.70001220703125,259.1005859375,6432525
1730226600,259.09698486328125,259.739990234375,258.6300964355469,259.24029541015625,5177228
1730230200,259.2300109863281,259.8500061035156,258.0400085449219,259.3999938964844,4711000
1730295000,258.0350036621094,262.4599914550781,255.82009887695312,262.4100036621094,16915416
1730298600,262.3800048828125,263.3500061035156,260.760009765625,262.8599853515625,9871247
1730302200,262.8800048828125,263.30999755859375,260.3900146484375,261.0400085449219,6236988
1730305800,261.05999755859375,262.94989013671875,260.5633850097656,262.3399963378906,4185410
1730309400,262.385009765625,262.8627014160156,260.82501220703125,261.6700134277344,3888840
1730313000,261.6400146484375,262.6654052734375,259.0,259.5784912109375,4795475
1730316600,259.55999755859375,259.69000244140625,257.3900146484375,257.6499938964844,4722454
1730381400,258.0199890136719,259.75,252.64999389648438,254.5500030517578,19660364
1730385000,254.5500030517578,255.3800048828125,250.67999267578125,251.7899932861328,10176323
1730388600,251.77000427246094,253.29989624023438,251.0,252.85000610351562,6413528
1730392200,252.89999389648438,253.64999389648438,251.860107421875,252.635498046875,6132173
1730395800,252.58999633789062,252.81410217285156,249.6999969482422,250.27969360351562,6132932
1730399400,250.27000427246094,251.2198944091797,249.27999877929688,250.3101043701172,6172656
1730403000,250.32000732421875,251.5800018310547,249.4040069580078,249.7799072265625,4350029
1730467800,252.04299926757812,254.0,249.66000366210938,252.14669799804688,15793046
1730471400,252.1898956298828,253.4499969482422,250.63999938964844,252.6199951171875,7004714
1730475000,252.6320037841797,252.99000549316406,248.6999969482422,249.25,8280631
1730478600,248.25999450683594,249.2845001220703,246.6300048828125,248.54550170898438,8309136
1730482200,248.51010131835938,248.716796875,246.81179809570312,248.22500610351562,5199834
1730485800,248.1800994873047,249.5500030517578,247.4499969482422,249.16000366210938,4532592
1730489400,249.11500549316406,249.35989379882812,248.13999938964844,248.85000610351562,4040472
1730730600,244.55999755859375,246.9199981689453,238.8800048828125,246.27000427246094,24784421
1730734200,246.27000427246094,248.89999389648438,245.64010620117188,246.02000427246094,10813724
1730737800,246.00689697265625,246.25999450683594,243.41000366210938,244.58799743652344,9869888
1730741400,244.67999267578125,245.60000610351562,244.1999969482422,244.80990600585938,5064151
1730745000,244.80059814453125,245.2899932861328,243.5435028076172,243.72500610351562,4686767
1730748600,243.67999267578125,244.8300018310547,242.77000427246094,243.38999938964844,4669791
1730752200,243.35000610351562,243.39340209960938,241.89999389648438,242.83009338378906,4533775
1730817000,247.39999389648438,253.49989318847656,246.36000061035156,251.1230010986328,23729856
1730820600,251.1793975830078,252.27740478515625,250.36000061035156,251.9499969482422,8036269
1730824200,251.9499969482422,254.7100067138672,251.85000610351562,254.5240020751953,8140681
1730827800,254.50999450683594,254.92999267578125,253.86000061035156,254.14999389648438,4492670
1730831400,254.19000244140625,255.2799072265625,253.44009399414062,254.39999389648438,5454246
1730835000,254.39999389648438,254.57960510253906,251.3699951171875,252.1999969482422,7124220
1730838600,252.17999267578125,253.17999267578125,250.8300018310547,251.5,4887071
1730903400,283.06500244140625,289.5899963378906,275.6199951171875,281.2179870605469,77672528
1730907000,281.32501220703125,285.44000244140625,279.8399963378906,284.5768127441406,19108884
1730910600,284.54998779296875,287.5,283.239990234375,287.4049987792969,14173521
1730914200,287.4100036621094,289.25,286.3299865722656,289.2300109863281,11722317
1730917800,289.2099914550781,289.3299865722656,284.7572021484375,287.83551025390625,12697249
1730921400,287.8299865722656,289.4200134277344,286.8699951171875,288.6549987792969,10707228
1730925000,288.65130615234375,289.418701171875,287.7200012207031,288.4700012207031,8385264
1730989800,288.5799865722656,297.0723876953125,285.5199890136719,296.8500061035156,37395667
1730993400,296.8258056640625,298.3500061035156,296.010009765625,297.6449890136719,17769457
1730997000,297.5400085449219,299.739990234375,297.1499938964844,298.5950012207031,13977388
1731000600,298.57501220703125,299.0,295.29998779296875,296.8799133300781,10132483
1731004200,296.80999755859375,298.989990234375,295.4700012207031,297.5971984863281,9903320
1731007800,297.6131896972656,299.6600036621094,296.2799987792969,297.5716857910156,12994813
1731011400,297.5899963378906,299.0,296.67999267578125,296.75,7662936
1731076200,299.1600036621094,314.9800109863281,297.6600036621094,314.5400085449219,51742915
1731079800,314.55999755859375,319.44000244140625,311.6000061035156,317.7300109863281,40138473
1731083400,317.760009765625,318.989990234375,314.92010498046875,317.29998779296875,17232778
1731087000,317.281005859375,321.8399963378906,316.6199951171875,321.1000061035156,17376207
1731090600,321.0400085449219,328.70001220703125,320.8800048828125,326.7099914550781,28924244
1731094200,326.65740966796875,326.7204895019531,316.70001220703125,319.0487060546875,27340838
1731097800,319.05999755859375,322.70001220703125,317.79010009765625,321.260009765625,12738949
1731335400,343.010009765625,350.7099914550781,336.510009765625,344.9258117675781,70028742
1731339000,344.8299865722656,357.5,343.28009033203125,356.7936096191406,31536222
1731342600,356.7308044433594,358.6400146484375,342.7500915527344,344.3800048828125,30198680
1731346200,344.34210205078125,346.9800109863281,336.0,340.6400146484375,21029605
1731349800,340.6099853515625,349.9100036621094,340.43011474609375,345.42999267578125,19152030
1731353400,345.3599853515625,348.010009765625,342.1499938964844,346.7648010253906,14550598
1731357000,346.7449951171875,350.760009765625,345.82000732421875,350.6231994628906,12455699
1731421800,339.2500915527344,345.8399963378906,335.29998779296875,339.6007080078125,49876702
1731425400,339.70001220703125,345.54998779296875,339.1099853515625,340.4032897949219,15855845
1731429000,340.3832092285156,340.6492919921875,330.42999267578125,332.7200012207031,17943986
1731432600,332.7900085449219,334.75,323.30999755859375,325.07000732421875,20777906
1731436200,325.07000732421875,332.75,325.0303955078125,331.69500732421875,17358829
1731439800,331.6549987792969,334.17999267578125,327.5,328.3399963378906,13354846
1731443400,328.3999938964844,329.67999267578125,326.1099853515625,328.2300109863281,10202923
1731508200,337.1659851074219,344.59991455078125,327.3999938964844,331.0150146484375,47601829
1731511800,331.04998779296875,331.79998779296875,322.5,328.9020080566406,22922032
1731515400,328.6549987792969,333.75,326.5799865722656,331.760009765625,13159569
1731519000,331.75,331.8099060058594,327.79998779296875,330.2799987792969,9385410
1731522600,330.2699890136719,330.7298889160156,326.95001220703125,327.0953063964844,8084491
1731526200,327.0907897949219,329.010009765625,324.2099914550781,329.0,10129458
1731529800,329.0,332.25,328.2500915527344,330.19000244140625,8949404
1731594600,327.6650085449219,329.9800109863281,316.2799987792969,319.42498779296875,33559892
1731598200,319.4200134277344,321.1899108886719,316.9400939941406,320.2605895996094,13944281
1731601800,320.3500061035156,323.3999938964844,317.20001220703125,318.9059143066406,12560870
1731605400,318.75,319.3699951171875,314.260009765625,314.58990478515625,15031308
1731609000,314.5199890136719,315.84368896484375,310.3699951171875,313.02740478515625,14898607
1731612600,312.95001220703125,316.2699890136719,311.5600891113281,316.0497131347656,11948782
1731616200,316.07000732421875,316.25,310.3879089355469,311.17999267578125,10015968
1731681000,310.18011474609375,320.6600036621094,309.2200012207031,314.2898864746094,39399744
1731684600,314.1300048828125,322.6000061035156,314.080810546875,322.3299865722656,17961911
1731688200,322.3699951171875,324.6799011230469,317.7799987792969,318.6449890136719,17095462
1731691800,318.6449890136719,320.8810119628906,316.739990234375,319.85009765625,10935571
1731695400,319.860107421875,320.0,316.489990234375,318.377197265625,7901058
1731699000,318.4049987792969,321.6000061035156,317.95001220703125,319.9302978515625,8956828
1731702600,320.0,322.07000732421875,318.6199951171875,320.8299865722656,6760851
1731940200,340.7200012207031,347.34100341796875,335.0299987792969,346.7049865722656,45067823
1731943800,346.6700134277344,348.5498962402344,340.7099914550781,340.8599853515625,16405429
1731947400,340.9150085449219,344.59991455078125,340.3900146484375,344.0600891113281,12282477
1731951000,344.10369873046875,344.3988037109375,337.79010009765625,338.9200134277344,11160004
1731954600,338.9200134277344,339.4599914550781,330.4700012207031,330.6400146484375,14066728
1731958200,330.70989990234375,336.20001220703125,330.010009765625,336.11749267578125,11239755
1731961800,336.04998779296875,339.5,335.25,338.8699951171875,8047540
1732026600,335.42999267578125,344.3999938964844,332.75,344.364990234375,27783154
1732030200,344.33349609375,347.3799133300781,341.7601013183594,344.8099060058594,17909631
1732033800,344.69000244140625,346.7598876953125,342.75,343.8736877441406,10289532
1732037400,343.8500061035156,346.3800048828125,343.25,346.2200012207031,6746734
1732041000,346.2134094238281,346.3599853515625,342.3999938964844,342.67010498046875,7750983
1732044600,342.7195129394531,345.3299865722656,341.0101013183594,344.45001220703125,9256726
1732048200,344.4549865722656,346.3699951171875,344.1000061035156,346.0,5225947
1732113000,345.0799865722656,346.59991455078125,335.8999938964844,337.1499938964844,22032580
1732116600,337.1099853515625,340.510009765625,334.29998779296875,335.1700134277344,10218814
1732120200,335.19989013671875,338.94989013671875,334.53009033203125,338.05999755859375,7153706
1732123800,338.05499267578125,341.1300048828125,337.1300048828125,340.989990234375,6241489
1732127400,340.9700012207031,341.2933044433594,337.4200134277344,338.4750061035156,5562958
1732131000,338.44000244140625,341.3800048828125,338.17999267578125,341.3399963378906,4442967
1732134600,341.3399963378906,342.70001220703125,339.8999938964844,341.94000244140625,5215486
1732199400,343.99969482421875,347.9898986816406,336.7799987792969,337.19000244140625,22500104
1732203000,337.2099914550781,342.33990478515625,335.2799987792969,341.6852111816406,10127900
1732206600,341.69000244140625,344.3399963378906,338.82000732421875,343.7200012207031,6708555
1732210200,343.739990234375,344.6000061035156,342.3700866699219,343.4202880859375,5045252
1732213800,343.3500061035156,343.79998779296875,339.8500061035156,341.5801086425781,4327782
1732217400,341.6099853515625,342.1000061035156,340.04998779296875,340.56878662109375,3782542
1732221000,340.6499938964844,340.6700134277344,338.1000061035156,339.54998779296875,3726938
1732285800,341.0849914550781,344.9800109863281,337.70001220703125,343.3951110839844,21004015
1732289400,343.489990234375,356.639892578125,343.056396484375,354.260498046875,26299071
1732293000,354.26190185546875,355.45989990234375,351.4200134277344,354.0,10263993
1732296600,354.0,355.75,351.4200134277344,351.4244079589844,8115961
1732300200,351.45001220703125,354.5,350.7300109863281,353.8999938964844,7002834
1732303800,353.8999938964844,354.75,351.3699951171875,351.989990234375,5882421
1732307400,351.93499755859375,353.7799987792969,351.5,352.6000061035156,5566854
1732545000,360.5249938964844,361.9200134277344,347.65008544921875,349.57989501953125,32041892
1732548600,349.29998779296875,354.6600036621094,347.75,353.7099914550781,10810060
1732552200,353.8800048828125,354.7453918457031,346.8244934082031,347.2699890136719,9132389
1732555800,347.20001220703125,351.3599853515625,345.6199951171875,350.0111083984375,7742336
1732559400,350.04998779296875,350.9700012207031,346.15008544921875,347.5,4605935
1732563000,347.45989990234375,347.7699890136719,344.56201171875,346.6700134277344,5474543
1732566600,346.6000061035156,347.44989013671875,338.20001220703125,338.44000244140625,9453909
1732631400,341.44500732421875,346.3900146484375,338.4700012207031,346.20989990234375,21704507
1732635000,346.0700988769531,346.9599914550781,341.2200012207031,342.3599853515625,8469165
1732638600,342.3599853515625,344.6499938964844,341.3500061035156,344.54998779296875,5524512
1732642200,344.510009765625,345.3900146484375,342.1099853515625,342.9100036621094,4722946
1732645800,343.01361083984375,343.3999938964844,336.85009765625,338.3399963378906,7149271
1732649400,338.3800048828125,339.7099914550781,337.1000061035156,338.0692138671875,5208815
1732653000,338.010009765625,338.6000061035156,335.6600036621094,338.25,4540067
1732717800,340.9375,341.489990234375,329.17999267578125,329.9100036621094,18443164
1732721400,329.8999938964844,332.2298889160156,326.5899963378906,331.4104919433594,14584184
1732725000,331.3800048828125,333.36810302734375,329.3800048828125,331.30999755859375,6468621
1732728600,331.3158874511719,333.1700134277344,330.30010986328125,331.7012023925781,4168409
1732732200,331.67999267578125,334.3800048828125,331.3699951171875,333.17999267578125,4343757
1732735800,333.1499938964844,334.0400085449219,332.3399963378906,333.2296142578125,3782426
1732739400,333.20001220703125,333.5,332.0799865722656,332.7900085449219,2908255
1732890600,336.2300109863281,342.17999267578125,334.65008544921875,340.82989501953125,14317807
1732894200,340.82989501953125,341.33990478515625,337.7200012207031,339.1564025878906,6914568
1732897800,339.17999267578125,341.2699890136719,338.60009765625,339.75,5332859
1733149800,352.5150146484375,358.7799987792969,352.0600891113281,356.5697021484375,25381960
1733153400,356.6199951171875,357.3800048828125,351.15008544921875,352.2799987792969,10986629
1733157000,352.3800048828125,357.1199951171875,352.2200927734375,356.0400085449219,7586284
1733160600,356.07000732421875,359.44000244140625,355.79998779296875,356.0398864746094,9059211
1733164200,355.99688720703125,357.4800109863281,355.3500061035156,355.9200134277344,5187242
1733167800,355.9200134277344,359.29998779296875,355.8399963378906,359.14990234375,5377244
1733171400,359.17999267578125,360.0,356.20001220703125,357.0896911621094,6477717
1733236200,351.57501220703125,355.67999267578125,349.5,350.5199890136719,18361997
1733239800,350.4800109863281,352.6700134277344,348.20001220703125,352.1405944824219,10022860
1733243400,352.0793151855469,352.3799133300781,349.0299987792969,349.44000244140625,5737949
1733247000,349.44000244140625,351.1300048828125,348.7699890136719,349.07000732421875,5518399
1733250600,349.07000732421875,350.29998779296875,348.3999938964844,349.3411865234375,4027301
1733254200,349.3695068359375,350.25,348.5780029296875,349.1099853515625,4405700
1733257800,349.05999755859375,351.6099853515625,348.2200012207031,351.3800048828125,4678868
1733322600,353.0400085449219,353.4200134277344,348.6000061035156,351.44000244140625,13835859
1733326200,351.4158020019531,354.82000732421875,350.86029052734375,352.5400085449219,8681717
1733329800,352.5415954589844,353.0,350.5700988769531,351.18499755859375,4831033
1733333400,351.1600036621094,352.4100036621094,350.7300109863281,352.19000244140625,3056693
1733337000,352.1099853515625,353.95001220703125,351.2106018066406,353.8399963378906,4001867
1733340600,353.8410949707031,355.37640380859375,352.8500061035156,354.6600036621094,4755775
1733344200,354.62420654296875,358.1000061035156,354.2601013183594,357.92999267578125,5587388
1733409000,359.8699951171875,374.3599853515625,359.51019287109375,373.8699951171875,31697068
1733412600,373.9100036621094,375.4100036621094,368.0199890136719,371.125,13248693
1733416200,371.1499938964844,371.82000732421875,368.16009521484375,371.0,6596355
1733419800,371.0299987792969,373.3399963378906,368.17999267578125,369.2699890136719,7188302
1733423400,369.17999267578125,371.8800048828125,366.510009765625,371.44500732421875,7380172
1733427000,371.4100036621094,372.70001220703125,369.6000061035156,369.6499938964844,6330246
1733430600,369.6578063964844,371.7099914550781,369.0,369.489990234375,4461613
1733495400,377.2699890136719,377.5199890136719,370.79998779296875,373.9621887207031,23231521
1733499000,373.9621887207031,376.3299865722656,373.3500061035156,376.2200012207031,8567674
1733502600,376.29998779296875,376.6400146484375,373.2200012207031,374.5,5983337
1733506200,374.5198974609375,376.6400146484375,373.0700988769531,376.1099853515625,5209473
1733509800,376.13330078125,377.3900146484375,375.60009765625,376.49920654296875,5608867
1733513400,376.4682922363281,383.2900085449219,376.1499938964844,382.8999938964844,11405018
1733517000,382.8599853515625,389.489990234375,382.739990234375,389.3800048828125,13133052
1733754600,397.2500915527344,404.79998779296875,387.5600891113281,388.19000244140625,36402843
1733758200,388.2200012207031,389.2300109863281,378.010009765625,383.07000732421875,19942362
1733761800,382.95001220703125,384.9700012207031,380.79998779296875,381.6700134277344,8249013
1733765400,381.7449951171875,387.0400085449219,380.7500915527344,386.6499938964844,6082359
1733769000,386.6444091796875,387.85321044921875,384.7900085449219,385.7398986816406,6458672
1733772600,385.6700134277344,386.84991455078125,382.5,382.9360046386719,6161068
1733776200,382.9700012207031,390.0,382.60009765625,389.8576965332031,7105069
1733841000,392.5,407.8179931640625,390.8500061035156,403.70001220703125,31986429
1733844600,403.70001220703125,407.32000732421875,398.0199890136719,403.3399963378906,13234722
1733848200,403.3299865722656,406.6221008300781,400.5,405.6026916503906,9767002
1733851800,405.5849914550781,409.19000244140625,405.0,408.0,10869131
1733855400,408.010009765625,409.72491455078125,406.1400146484375,409.19659423828125,7233379
1733859000,409.20001220703125,409.29998779296875,399.5400085449219,403.7500915527344,12038060
1733862600,403.88861083984375,403.9800109863281,400.40008544921875,400.8800964355469,6449924
1733927400,409.79998779296875,412.5299987792969,402.3800048828125,409.95001220703125,27166795
1733931000,409.9010009765625,413.9800109863281,408.6600036621094,412.6600036621094,14257537
1733934600,412.5899963378906,415.0,410.8500061035156,413.43499755859375,10219649
1733938200,413.3999938964844,417.8500061035156,412.41009521484375,417.3594055175781,10949668
1733941800,417.3517150878906,419.909912109375,415.1000061035156,419.8100891113281,9637165
1733945400,419.8471984863281,420.69000244140625,418.3760070800781,419.92010498046875,12189683
1733949000,419.9200134277344,424.8800048828125,419.70001220703125,424.7950134277344,10471218
1734013800,424.8399963378906,426.9200134277344,416.7900085449219,425.3500061035156,32023065
1734017400,425.3500061035156,429.2699890136719,423.20001220703125,424.0299987792969,14358417
1734021000,424.1499938964844,425.3800048828125,418.29998779296875,420.6099853515625,9349583
1734024600,420.57501220703125,423.8500061035156,420.2500915527344,423.364990234375,5220578
1734028200,423.30999755859375,423.75,416.5950012207031,417.9100036621094,7396682
1734031800,417.87548828125,420.5398864746094,415.0,415.5450134277344,8239143
1734035400,415.5201110839844,421.0,415.5201110839844,417.6899108886719,6517800
1734100200,420.0,430.3999938964844,415.7099914550781,428.5362854003906,25402222
1734103800,428.5350036621094,431.6000061035156,421.5299987792969,424.7892150878906,14522032
1734107400,424.8500061035156,427.9800109863281,424.1000061035156,426.8399963378906,7220360
1734111000,426.8207092285156,429.70001220703125,425.739990234375,428.6099853515625,6826269
1734114600,428.6098937988281,434.3500061035156,428.25,433.0,11331537
1734118200,433.0849914550781,433.69000244140625,428.8999938964844,430.3800048828125,7727495
1734121800,430.3699951171875,436.29998779296875,429.4200134277344,436.19000244140625,8592526
1734359400,441.13250732421875,447.4100036621094,436.1499938964844,445.375,32720825
1734363000,445.3280029296875,458.9700012207031,444.6650085449219,458.3900146484375,21194265
1734366600,458.3673095703125,460.5199890136719,454.1300964355469,458.2215881347656,12979498
1734370200,458.260009765625,461.45001220703125,455.7900085449219,459.2298889160156,10823358
1734373800,459.1099853515625,461.2799987792969,456.7699890136719,458.4706115722656,7478682
1734377400,458.5,461.8399963378906,457.75,460.739990234375,8910350
1734381000,460.739990234375,463.19000244140625,457.6600036621094,463.19000244140625,8822583
1734445800,476.114990234375,483.989990234375,463.57000732421875,472.67999267578125,48299703
1734449400,472.7749938964844,480.6799011230469,470.05999755859375,471.5950012207031,16589860
1734453000,471.6300048828125,474.6299133300781,457.5101013183594,469.2499084472656,19406324
1734456600,469.25,476.2799987792969,467.80010986328125,474.00048828125,9600255
1734460200,474.0268859863281,475.5799865722656,469.0,475.1289978027344,7902871
1734463800,475.2149963378906,479.8900146484375,474.2200012207031,477.34100341796875,10803083
1734467400,477.3999938964844,482.44989013671875,477.0299987792969,479.8500061035156,9189649
1734532200,466.3599853515625,475.7699890136719,461.1099853515625,474.8099060058594,29685114
1734535800,474.7919921875,480.8999938964844,473.20001220703125,480.2449951171875,12440270
1734539400,480.25,488.5398864746094,477.17999267578125,478.260009765625,16423557
1734543000,478.260009765625,480.1991882324219,474.3554992675781,475.293212890625,8038563
1734546600,475.28009033203125,477.489990234375,466.75,469.2200927734375,13196833
1734550200,469.2099914550781,473.489990234375,437.3800048828125,437.8349914550781,29522396
1734553800,438.010009765625,448.1799011230469,427.0199890136719,440.1300048828125,23441133
1734618600,451.8599853515625,456.3599853515625,437.260009765625,438.17999267578125,36683349
1734622200,438.206298828125,446.2799987792969,434.3999938964844,441.1000061035156,15310512
1734625800,440.9200134277344,441.7598876953125,420.55010986328125,423.3299865722656,15430713
1734629400,423.4898986816406,434.8598937988281,420.0199890136719,433.9659118652344,16688028
1734633000,433.7200012207031,439.3399963378906,430.4200134277344,432.37908935546875,11549345
1734636600,432.2301025390625,440.889892578125,429.3500061035156,438.9399108886719,9385961
1734640200,438.8800048828125,440.40899658203125,432.55010986328125,436.1499938964844,8248784
1734705000,425.5050048828125,434.95001220703125,417.6400146484375,434.3900146484375,38459637
1734708600,434.29998779296875,444.3999938964844,434.1199951171875,440.94500732421875,16389263
1734712200,441.05999755859375,445.3299865722656,436.79998779296875,443.2099914550781,9910183
1734715800,443.0799865722656,447.0799865722656,439.7001037597656,443.45001220703125,9485817
1734719400,443.4590148925781,444.8999938964844,434.6200866699219,437.7572021484375,9529711
1734723000,437.75,441.3900146484375,434.44000244140625,434.8999938964844,7880311
1734726600,435.239990234375,435.79998779296875,420.1099853515625,420.6000061035156,13446521
1734964200,430.9624938964844,432.79998779296875,415.41119384765625,424.92498779296875,25287333
1734967800,424.8880920410156,434.20001220703125,424.010009765625,431.9556884765625,11742888
1734971400,431.9100036621094,434.510009765625,427.3500061035156,430.6700134277344,8442878
1734975000,430.6300048828125,434.05999755859375,429.3736877441406,433.4090881347656,5213538
1734978600,433.25,434.1559143066406,431.6600036621094,433.7041015625,3973037
1734982200,433.7391052246094,433.96990966796875,425.8999938964844,427.8200988769531,6573133
1734985800,427.9700012207031,431.25,427.6400146484375,431.239990234375,4660080
1735050600,435.2685852050781,451.95001220703125,435.1400146484375,449.54998779296875,24164695
1735054200,449.5780944824219,453.6199951171875,447.70001220703125,452.67999267578125,11448959
1735057800,452.5199890136719,455.6299133300781,450.79998779296875,455.5129089355469,8169148
1735223400,465.1499938964844,465.32989501953125,451.90008544921875,461.7500915527344,28068141
1735227000,461.7500915527344,463.17999267578125,453.5799865722656,455.05999755859375,10984691
1735230600,455.1000061035156,457.8799133300781,454.25,454.56500244140625,9440945
1735234200,454.5000915527344,456.29998779296875,451.0199890136719,455.80718994140625,7123845
1735237800,455.8999938964844,456.20001220703125,451.0400085449219,452.5801086425781,6119837
1735241400,452.69000244140625,458.0899963378906,451.8699951171875,457.55889892578125,6128525
1735245000,457.6000061035156,459.1099853515625,453.55010986328125,453.9599914550781,5827891
1735309800,449.49798583984375,449.8900146484375,426.5,434.0,27887011
1735313400,434.0935974121094,439.32989501953125,431.5101013183594,439.1199951171875,12778866
1735317000,439.2099914550781,439.31060791015625,431.6611022949219,433.59149169921875,9442354
1735320600,433.6344909667969,434.8800048828125,432.0299987792969,432.66729736328125,5577900
1735324200,432.5899963378906,435.19989013671875,429.1300048828125,429.70001220703125,6448906
1735327800,429.5799865722656,432.94000244140625,429.5299987792969,430.3699951171875,6680487
1735331400,430.30999755859375,431.9800109863281,428.6000061035156,431.7056884765625,6684724
1735569000,419.20001220703125,427.0,415.75,418.54998779296875,24020380
1735572600,418.6600036621094,423.29998779296875,417.3900146484375,421.5299987792969,8439762
1735576200,421.59820556640625,424.9800109863281,420.0299987792969,421.2799987792969,7313898
1735579800,421.3500061035156,423.3800048828125,419.6600036621094,422.0801086425781,5352922
1735583400,422.05999755859375,423.9800109863281,421.2001037597656,423.8724060058594,4325167
1735587000,423.8699951171875,424.489990234375,420.1700134277344,420.2300109863281,4311231
1735590600,420.2200012207031,420.9800109863281,416.8999938964844,417.2799987792969,5142685
1735655400,425.5,427.92999267578125,413.6962890625,422.322998046875,21387015
1735659000,422.4607849121094,422.97198486328125,412.135009765625,412.8100891113281,9981665
1735662600,412.8100891113281,416.8299865722656,412.32000732421875,412.69000244140625,6753654
1735666200,412.5799865722656,414.3999938964844,408.5799865722656,411.42999267578125,8498384
1735669800,411.42999267578125,412.6899108886719,405.37030029296875,405.972900390625,6939054
1735673400,405.81060791015625,409.9200134277344,403.1199951171875,409.67999267578125,9094005
1735677000,409.5799865722656,409.9700012207031,402.5400085449219,403.6400146484375,7106612
1735828200,389.6899108886719,391.17999267578125,373.4100036621094,380.33660888671875,42082406
1735831800,380.2699890136719,382.7239990234375,376.25,382.5249938964844,15683322
1735835400,382.489990234375,386.1499938964844,378.3500061035156,378.67999267578125,9901739
1735839000,378.6752014160156,379.05999755859375,373.04998779296875,377.7099914550781,12269777
1735842600,377.6199951171875,380.32989501953125,374.8699951171875,377.227294921875,8053698
1735846200,377.3399963378906,380.1400146484375,375.989990234375,379.55499267578125,6878141
1735849800,379.614990234375,381.2432861328125,376.8800048828125,379.0299987792969,7378899
1735914600,381.6549987792969,389.95001220703125,379.45001220703125,384.7817077636719,24376852
1735918200,384.8399963378906,396.25,383.4700012207031,396.0,12176792
1735921800,395.8999938964844,396.94970703125,393.3299865722656,393.934814453125,9628204
1735925400,394.0,399.7699890136719,393.8299865722656,398.9849853515625,7634438
1735929000,398.9200134277344,406.5400085449219,397.7300109863281,404.8699951171875,12242793
1735932600,404.9599914550781,409.69000244140625,403.8999938964844,408.6300048828125,10659058
1735936200,408.55999755859375,411.8799133300781,407.92010498046875,410.7699890136719,8961596
1736173800,422.04998779296875,426.42999267578125,411.2001037597656,416.3399963378906,30530722
1736177400,416.4800109863281,418.1300048828125,407.95001220703125,411.1000061035156,12232787
1736181000,411.07501220703125,411.7398986816406,406.8800048828125,409.2200012207031,9043377
1736184600,409.2950134277344,410.9200134277344,405.16778564453125,406.6499938964844,6524079
1736188200,406.6639099121094,407.1199951171875,401.70001220703125,404.05999755859375,8214105
1736191800,403.96099853515625,407.9198913574219,402.1199951171875,407.5,6809279
1736195400,407.5299987792969,411.3699951171875,403.67120361328125,411.04998779296875,8253417
1736260200,405.80999755859375,414.3299865722656,395.3800048828125,397.4100036621094,25285355
1736263800,393.9100036621094,400.0899963378906,391.20001220703125,398.79998779296875,13628310
1736267400,398.6300048828125,411.04998779296875,392.6499938964844,394.2200012207031,6701324
1736271000,394.17999267578125,398.95001220703125,392.9100036621094,398.4800109863281,5324015
1736274600,398.42291259765625,398.7398986816406,392.7200012207031,393.7099914550781,4972332
1736278200,393.6549987792969,394.6600036621094,390.7099914550781,391.07000732421875,6227239
1736281800,391.1600036621094,394.6199951171875,390.010009765625,394.5899963378906,7248405
1736346600,393.04998779296875,402.4999084472656,391.4100036621094,395.2200012207031,23220693
1736350200,395.2200012207031,398.46099853515625,392.989990234375,394.3399963378906,8752129
1736353800,394.3399963378906,397.2699890136719,388.2099914550781,388.4700012207031,8024446
1736357400,388.5199890136719,399.6098937988281,387.4292907714844,398.7130126953125,9075245
1736361000,398.7831115722656,400.5158996582031,394.04998779296875,399.635986328125,7331717
1736364600,399.5400085449219,399.5400085449219,394.55999755859375,396.2850036621094,5651230
1736368200,396.2699890136719,397.8900146484375,394.5,395.0,5044424
1736519400,389.17999267578125,399.25,383.489990234375,390.0950012207031,21051200
1736523000,390.1462097167969,396.1499938964844,387.6000061035156,388.1413879394531,10050184
1736526600,388.0849914550781,391.9599914550781,387.0,391.46990966796875,5850880
1736530200,391.25,398.2998962402344,391.0899963378906,397.3599853515625,7338083
1736533800,397.5,397.7900085449219,393.67010498046875,395.760009765625,5234008
1736537400,395.8110046386719,396.95001220703125,393.1311950683594,393.9599914550781,4660858
1736541000,393.79998779296875,395.5,392.55999755859375,394.8599853515625,4549472
1736778600,381.30499267578125,392.45001220703125,380.07000732421875,385.94000244140625,19645872
1736782200,385.9599914550781,394.67999267578125,385.5679016113281,388.1199951171875,10187951
1736785800,388.1199951171875,396.3999938964844,387.1400146484375,395.9200134277344,7622337
1736789400,395.881591796875,397.5899963378906,393.6517028808594,395.07000732421875,6529460
1736793000,395.05499267578125,396.1643981933594,391.3999938964844,393.75,4858015
1736796600,393.6700134277344,395.25,392.0299987792969,392.54998779296875,4881889
1736800200,392.6199951171875,403.7900085449219,392.0199890136719,403.3699951171875,6910009
1736865000,413.2049865722656,422.6400146484375,411.5820007324219,412.5635986328125,28896801
1736868600,412.57000732421875,413.3800048828125,404.25,407.6698913574219,13148538
1736872200,407.510009765625,409.3598937988281,402.6700134277344,405.05120849609375,7535585
1736875800,405.09381103515625,408.989990234375,402.1600036621094,408.96600341796875,5906166
1736879400,408.989990234375,411.80999755859375,408.4548034667969,410.2349853515625,6549334
1736883000,410.2900085449219,412.0,396.0002136230469,398.2099914550781,11248331
1736886600,398.20001220703125,399.04998779296875,394.5400085449219,396.20001220703125,6661740
1736951400,409.8599853515625,418.95989990234375,405.6610107421875,417.510009765625,23833567
1736955000,417.4200134277344,418.04998779296875,412.1499938964844,417.0400085449219,10341253
1736958600,416.9800109863281,419.9299011230469,413.79998779296875,419.7933044433594,8290853
1736962200,419.7799987792969,420.79998779296875,416.8500061035156,420.7774963378906,6048870
1736965800,420.7850036621094,424.1000061035156,418.53009033203125,423.7550048828125,6762154
1736969400,423.6925048828125,427.8800048828125,422.79998779296875,426.80999755859375,9127865
1736973000,426.7701110839844,429.79998779296875,425.9027099609375,428.17999267578125,8770535
1737037800,423.489990234375,423.56500244140625,413.1099853515625,415.5400085449219,22667271
1737041400,415.55999755859375,417.1795959472656,412.6600036621094,415.5589904785156,9309354
1737045000,415.59991455078125,415.7799987792969,410.4801025390625,412.4549865722656,7562936
1737048600,412.489990234375,415.04998779296875,411.17999267578125,411.8500061035156,5152491
1737052200,411.81500244140625,412.5,409.1300048828125,412.1077880859375,6934036
1737055800,412.0799865722656,415.760009765625,411.54998779296875,413.50799560546875,6089881
1737059400,413.5596923828125,415.8800048828125,413.1499938964844,413.510009765625,5365340
1737124200,421.7200012207031,433.8599853515625,419.7701110839844,428.68341064453125,28440359
1737127800,428.87310791015625,434.17999267578125,425.7200012207031,433.8175048828125,12168112
1737131400,433.889892578125,436.7900085449219,431.5,436.40948486328125,9871888
1737135000,436.4049987792969,439.20001220703125,433.1099853515625,437.114990234375,9068816
1737138600,437.0899963378906,439.739990234375,437.05010986328125,438.43499755859375,7885874
1737142200,438.489990234375,438.95001220703125,428.6300048828125,428.7799987792969,12646921
1737145800,428.7699890136719,432.6300048828125,426.2300109863281,426.4800109863281,8389476
1737469800,432.80999755859375,432.9845886230469,406.30999755859375,412.375,32462885
1737473400,412.3800048828125,417.489990234375,411.2099914550781,415.0799865722656,12869537
1737477000,415.1300048828125,416.9508972167969,412.510009765625,415.9949951171875,7712153
1737480600,415.8999938964844,420.3299865722656,415.64300537109375,418.84991455078125,6966628
1737484200,418.7850036621094,421.29998779296875,416.6600036621094,418.1300048828125,6650715
1737487800,418.0799865722656,420.69000244140625,415.5101013183594,420.4949951171875,6224189
1737491400,420.41009521484375,424.659912109375,419.1199951171875,424.0799865722656,7706082
1737556200,416.7200012207031,428.0,416.10009765625,423.42999267578125,20498042
1737559800,423.3800048828125,424.2998962402344,419.1000061035156,422.5953063964844,8274875
1737563400,422.6070861816406,423.4049987792969,419.5899963378906,420.20001220703125,5236994
1737567000,420.17999267578125,424.1400146484375,419.6700134277344,421.29998779296875,5078701
1737570600,421.30499267578125,421.4465026855469,417.29010009765625,418.1300048828125,5653604
1737574200,418.20001220703125,419.8699951171875,417.55999755859375,417.6559143066406,4058835
1737577800,417.6499938964844,419.2200012207031,414.5899963378906,415.1000061035156,6017585
1737642600,415.989990234375,420.7300109863281,410.3500061035156,414.3900146484375,17747077
1737646200,414.3262023925781,416.239990234375,412.340087890625,413.2799987792969,6808481
1737649800,413.20001220703125,414.0989990234375,410.8299865722656,410.8800048828125,4739334
1737653400,410.8301086425781,412.7423095703125,408.95001220703125,412.3800048828125,5708842
1737657000,412.3800048828125,413.4100036621094,410.3999938964844,410.8900146484375,3767157
1737660600,411.04998779296875,411.68939208984375,409.3299865722656,410.4849853515625,4204113
1737664200,410.46990966796875,412.3800048828125,409.4200134277344,412.3699951171875,4244509
1737729000,414.5199890136719,418.010009765625,411.7099914550781,414.5498962402344,18437059
1737732600,414.5299987792969,416.4093933105469,411.7099914550781,413.510009765625,7437862
1737736200,413.3800964355469,415.69000244140625,410.8399963378906,411.3999938964844,5493396
1737739800,411.34100341796875,412.3800048828125,407.7699890136719,410.2099914550781,5829460
1737743400,410.2099914550781,410.6300048828125,407.2601013183594,407.95001220703125,5381502
1737747000,407.92498779296875,409.75,406.79998779296875,406.8500061035156,4577294
1737750600,406.92510986328125,407.8500061035156,405.7799987792969,406.5350036621094,4577762
1737988200,394.5320129394531,405.7598876953125,393.39300537109375,402.2749938964844,20392868
1737991800,402.2300109863281,406.6698913574219,398.6199951171875,399.2799987792969,7667701
1737995400,399.3299865722656,401.5075988769531,395.05010986328125,397.15478515625,5533368
1737999000,397.06500244140625,398.81988525390625,393.8399963378906,393.9534912109375,4460309
1738002600,393.9599914550781,397.32000732421875,393.4200134277344,396.4599914550781,4002206
1738006200,396.45001220703125,396.6098937988281,389.0,394.5,7026302
1738009800,394.5,397.45001220703125,392.3999938964844,397.05999755859375,4426955
1738074600,395.0,396.5599060058594,386.5,393.04998779296875,13942036
1738078200,393.0799865722656,394.489990234375,387.510009765625,388.17999267578125,6949490
1738081800,388.1099853515625,394.2300109863281,387.4700012207031,393.5220031738281,5252923
1738085400,393.5199890136719,395.67999267578125,392.3500061035156,394.0342102050781,4123575
1738089000,394.1000061035156,396.5899963378906,392.42999267578125,396.3500061035156,3502718
1738092600,396.32000732421875,400.5899963378906,395.6099853515625,400.4100036621094,6238810
1738096200,400.29998779296875,400.30999755859375,397.34490966796875,398.1000061035156,3777704
1738161000,395.19000244140625,398.58990478515625,391.05169677734375,392.0400085449219,11559216
1738164600,392.05999755859375,393.70001220703125,389.4100036621094,389.7650146484375,5957156
1738168200,389.6639099121094,390.8999938964844,387.7348937988281,390.2550048828125,4995242
1738171800,390.2749938964844,391.510009765625,384.7200012207031,389.9989929199219,5691640
1738175400,389.9700012207031,390.55999755859375,385.05999755859375,385.05999755859375,4706590
1738179000,385.1099853515625,391.6899108886719,384.4800109863281,391.1400146484375,8361168
1738182600,391.2799987792969,391.8500061035156,386.8999938964844,388.0299987792969,5136360
1738247400,410.5,412.5,384.4100036621094,392.1300048828125,38277085
1738251000,392.3500061035156,397.5400085449219,388.9800109863281,397.114990234375,11751967
1738254600,397.07000732421875,401.17999267578125,395.80010986328125,399.1099853515625,9660590
1738258200,399.1199951171875,409.1000061035156,398.1650085449219,403.98748779296875,12022190
1738261800,403.8500061035156,406.2900085449219,401.30010986328125,404.1099853515625,6986207
1738265400,404.2049865722656,406.7445068359375,402.0400085449219,406.0277099609375,6968639
1738269000,405.8999938964844,407.5,398.9501037597656,400.4800109863281,7359961
1738333800,401.5150146484375,417.92999267578125,401.42498779296875,414.7785949707031,25170319
1738337400,414.6700134277344,418.44000244140625,413.8800048828125,415.0199890136719,9233301
1738341000,415.1419982910156,419.9800109863281,414.79998779296875,418.4599914550781,8663098
1738344600,418.54998779296875,419.805908203125,415.80999755859375,415.8970947265625,5981017
1738348200,415.8999938964844,416.95989990234375,407.29998779296875,408.5050048828125,12042768
1738351800,408.55938720703125,410.1499938964844,401.4400939941406,402.8500061035156,11400867
1738355400,402.7699890136719,405.3699951171875,402.25,404.5799865722656,6096507
1738593000,386.69000244140625,389.1700134277344,374.3900146484375,384.55999755859375,36603549
1738596600,384.4200134277344,389.1000061035156,382.2301025390625,384.29998779296875,14045165
1738600200,384.3037109375,387.1028137207031,379.29998779296875,379.4200134277344,10245819
1738603800,379.36749267578125,381.42999267578125,377.4100036621094,380.2807922363281,7289977
1738607400,380.385986328125,385.33990478515625,378.3299865722656,383.4664001464844,7021104
1738611000,383.489990234375,385.2991943359375,383.10540771484375,384.1900939941406,5588620
1738614600,384.3399963378906,385.06988525390625,381.3599853515625,383.8599853515625,5498643
1738679400,383.0,390.7300109863281,382.1300048828125,384.20001220703125,16974210
1738683000,384.2699890136719,386.5299987792969,381.3999938964844,383.4649963378906,7514180
1738686600,383.4624938964844,386.8999938964844,382.70001220703125,382.8599853515625,6459369
1738690200,382.95001220703125,387.45001220703125,382.67999267578125,386.82000732421875,4625665
1738693800,386.7799987792969,388.2298889160156,385.0799865722656,387.5398864746094,5080670
1738697400,387.4599914550781,389.9800109863281,385.5191955566406,389.80999755859375,6099070
1738701000,389.7799987792969,394.0,388.8700866699219,392.3999938964844,6908873
1738765800,387.510009765625,388.3900146484375,380.5199890136719,381.09991455078125,17273766
1738769400,380.9949951171875,384.4800109863281,380.0199890136719,382.29998779296875,7226674
1738773000,382.3240051269531,384.9560852050781,381.0199890136719,382.3299865722656,5334918
1738776600,382.3500061035156,382.8399963378906,380.04998779296875,380.4739990234375,4592583
1738780200,380.45001220703125,381.4800109863281,378.0,379.8971862792969,6455253
1738783800,379.8999938964844,380.2900085449219,377.5,377.8399963378906,5386645
1738787400,377.82000732421875,379.3500061035156,375.5299987792969,378.1700134277344,6869429
1738852200,373.1050109863281,375.3999938964844,363.17999267578125,367.57080078125,27724738
1738855800,367.7099914550781,369.14910888671875,363.8500061035156,366.0299987792969,11635831
1738859400,366.05499267578125,370.19000244140625,364.82000732421875,369.54010009765625,8413894
1738863000,369.5400085449219,371.7699890136719,368.3399963378906,371.7699890136719,6189988
1738866600,371.760009765625,374.0899963378906,369.80999755859375,370.1050109863281,7364740
1738870200,370.0899963378906,378.1700134277344,367.4200134277344,369.3599853515625,6654280
1738873800,369.42999267578125,374.32000732421875,369.4200134277344,374.30999755859375,6196275
1738938600,370.17999267578125,380.5458984375,369.1099853515625,372.30999755859375,20544879
1738942200,372.1600036621094,374.7699890136719,367.2799987792969,369.17669677734375,11276843
1738945800,369.17498779296875,370.25,366.30999755859375,368.7983093261719,7246299
1738949400,368.68450927734375,371.260009765625,367.55999755859375,369.5,4641968
1738953000,369.55419921875,370.0,363.4400939941406,363.86370849609375,6280189
1738956600,363.82000732421875,365.57000732421875,361.20001220703125,361.8699951171875,8026032
1738960200,361.8528137207031,362.8399963378906,360.3399963378906,361.489990234375,6786259
1739197800,356.239990234375,361.75,350.54998779296875,360.8999938964844,26149683
1739201400,360.9200134277344,362.70001220703125,358.6249084472656,360.7510070800781,9997298
1739205000,360.7449951171875,362.19989013671875,358.20001220703125,358.4696960449219,6630048
1739208600,358.4599914550781,361.3999938964844,357.6000061035156,359.9504089355469,5833230
1739212200,359.95001220703125,360.0,356.510009765625,357.6600036621094,5767250
1739215800,357.6400146484375,357.7300109863281,352.90008544921875,354.989990234375,8312971
1739219400,354.9800109863281,355.0,350.510009765625,350.6400146484375,8336029
1739284200,344.760009765625,349.3699951171875,341.79998779296875,343.99029541015625,24873778
1739287800,343.92999267578125,345.1658020019531,335.7121887207031,337.3699951171875,18757988
1739291400,337.3299865722656,337.55999755859375,332.70001220703125,334.93499755859375,15643896
1739295000,335.0,335.05999755859375,329.1199951171875,329.69781494140625,13216361
1739298600,329.7298889160156,334.6000061035156,329.1499938964844,332.4849853515625,12201626
1739302200,332.4814147949219,332.7300109863281,326.1099853515625,326.41729736328125,14682047
1739305800,326.5299987792969,328.6499938964844,325.1000061035156,328.6400146484375,11779313
1739370600,329.9800109863281,339.3299865722656,329.1199951171875,338.3208923339844,35586318
1739374200,338.30999755859375,341.1600036621094,336.5199890136719,337.20001220703125,13170245
1739377800,337.20001220703125,343.70001220703125,337.1499938964844,343.360107421875,10429678
1739381400,343.3949890136719,345.6199951171875,342.69000244140625,344.92999267578125,9990698
1739385000,345.0199890136719,345.5799865722656,342.0799865722656,344.92999267578125,7854229
1739388600,344.9490051269531,346.3999938964844,343.9601135253906,345.81500244140625,7971880
1739392200,345.75,345.9798889160156,335.6600036621094,336.4599914550781,12397101
1739457000,345.0400085449219,355.839599609375,342.864990234375,354.92999267578125,28332106
1739460600,355.0,358.69000244140625,352.2200012207031,352.7550048828125,15808870
1739464200,352.75,352.97900390625,348.1700134277344,350.20001220703125,11211954
1739467800,350.19000244140625,352.34991455078125,348.4288024902344,350.4150085449219,7751443
1739471400,350.44000244140625,352.9849853515625,349.92999267578125,352.25,6714390
1739475000,352.25,355.07989501953125,351.78839111328125,355.0199890136719,6512988
1739478600,354.9800109863281,356.8999938964844,353.85009765625,356.0299987792969,7327935
1739543400,360.6199951171875,361.989990234375,351.6000061035156,352.4179992675781,23812203
1739547000,352.4798889160156,353.07000732421875,347.5,351.54998779296875,14124181
1739550600,351.54998779296875,352.739990234375,348.6200866699219,349.1099853515625,6574475
1739554200,349.1300048828125,351.84991455078125,348.8800048828125,351.2296142578125,4948936
1739557800,351.2217102050781,354.54998779296875,351.2001037597656,353.1400146484375,5499643
1739561400,353.1099853515625,356.17999267578125,352.30999755859375,355.8667907714844,5968838
1739565000,355.8299865722656,356.44000244140625,354.2799987792969,355.8999938964844,4756780
1739889000,355.2799987792969,359.1000061035156,352.54998779296875,353.94171142578125,19484469
1739892600,353.95001220703125,357.1799011230469,353.4599914550781,356.2550048828125,6364794
1739896200,356.1400146484375,357.1700134277344,353.79998779296875,354.4200134277344,4488174
1739899800,354.3999938964844,355.2598876953125,350.0199890136719,351.2900085449219,5938609
1739903400,351.29071044921875,353.468994140625,350.5,352.6700134277344,4616889
1739907000,352.67999267578125,354.6700134277344,352.3660888671875,352.760009765625,3772401
1739910600,352.760009765625,354.3299865722656,352.3299865722656,354.04998779296875,3271751
1739975400,353.9700012207031,367.3399963378906,353.7349853515625,363.32000732421875,23980440
1739979000,363.3299865722656,364.2499084472656,359.1400146484375,359.96600341796875,9909197
1739982600,359.9100036621094,365.1376953125,358.260009765625,364.60760498046875,8911581
1739986200,364.6242980957031,364.639892578125,361.590087890625,362.8699951171875,4999031
1739989800,362.9599914550781,364.25,359.6499938964844,362.55499267578125,5514769
1739993400,362.4599914550781,363.3399963378906,357.8699951171875,358.1091003417969,5095267
1739997000,358.0899963378906,361.94000244140625,357.35089111328125,360.6000061035156,4928309
1740061800,361.5400085449219,362.29998779296875,348.0,352.14410400390625,18238926
1740065400,352.05999755859375,354.2799987792969,349.79998779296875,354.19500732421875,7417614
1740069000,354.2300109863281,354.95001220703125,352.6000061035156,353.8999938964844,4266175
1740072600,353.9175109863281,355.32989501953125,351.67999267578125,353.4544982910156,3327636
1740076200,353.42999267578125,353.6499938964844,352.3609924316406,352.9800109863281,2440689
1740079800,352.9200134277344,354.7300109863281,350.8999938964844,353.70001220703125,3939279
1740083400,353.6451110839844,354.8799133300781,352.75,354.3800048828125,2811368
1740148200,353.1600036621094,354.9800109863281,348.610107421875,348.6499938964844,12870148
1740151800,348.6029052734375,348.69000244140625,344.80999755859375,346.0899963378906,10776053
1740155400,346.0400085449219,346.29998779296875,340.1017150878906,340.8900146484375,9198838
1740159000,340.8960876464844,341.2699890136719,337.2109069824219,340.1180114746094,9258720
1740162600,340.1400146484375,342.77911376953125,335.40008544921875,335.6513977050781,8243187
1740166200,335.6300048828125,338.7900085449219,334.4200134277344,336.4049987792969,9707201
1740169800,336.4200134277344,338.25,334.9200134277344,337.5400085449219,7027669
1740407400,340.1499938964844,342.3973083496094,324.70001220703125,326.6000061035156,30995350
1740411000,326.6000061035156,334.20001220703125,326.5,333.8399963378906,9822524
1740414600,333.8891906738281,338.9588928222656,331.8399963378906,337.0299987792969,8532793
1740418200,337.0899963378906,338.8800048828125,335.8999938964844,338.3999938964844,5038472
1740421800,338.3999938964844,338.54998779296875,333.3399963378906,333.4104919433594,5140634
1740425400,333.43499755859375,335.6000061035156,331.7300109863281,331.8680114746094,5546074
1740429000,331.8599853515625,333.6000061035156,329.8900146484375,330.3800048828125,5350028
1740493800,327.1300048828125,327.45001220703125,305.3900146484375,306.3699951171875,37458260
1740497400,306.44000244140625,308.760009765625,300.1099853515625,301.30999755859375,27200545
1740501000,301.3399963378906,306.4656982421875,298.7799987792969,303.4200134277344,17005802
1740504600,303.4949951171875,306.3699951171875,301.7200012207031,302.3699951171875,10123536
1740508200,302.3999938964844,304.2980041503906,297.2511901855469,298.30499267578125,11817592
1740511800,298.30499267578125,304.04998779296875,298.16009521484375,302.70001220703125,12451411
1740515400,302.67999267578125,303.739990234375,298.3500061035156,302.489990234375,10453529
1740580200,303.7149963378906,309.0,294.2301025390625,295.25,26876505
1740583800,295.29998779296875,301.0,295.29998779296875,298.781005859375,14767907
1740587400,298.7799987792969,302.260009765625,297.7502136230469,300.67999267578125,8179642
1740591000,300.6400146484375,301.29998779296875,293.4200134277344,293.4374084472656,10463098
1740594600,293.4396057128906,294.8999938964844,289.4100036621094,290.25,13888438
1740598200,290.25,292.6300048828125,288.0802001953125,289.01959228515625,11429741
1740601800,289.0,292.67999267578125,288.0400085449219,290.8900146484375,8686402
1740666600,291.0,297.2300109863281,280.8800048828125,293.3599853515625,34451993
1740670200,293.32000732421875,293.5199890136719,285.8500061035156,288.3999938964844,13645607
1740673800,288.5174865722656,289.19000244140625,284.3399963378906,285.95001220703125,8878072
1740677400,286.0,291.6698913574219,284.69000244140625,291.30999755859375,9536680
1740681000,291.3299865722656,291.82440185546875,284.6300048828125,284.93890380859375,8688742
1740684600,284.95001220703125,285.92999267578125,281.5,281.9299011230469,12162673
1740688200,281.92999267578125,284.6600036621094,281.2699890136719,281.9599914550781,7161280
1740753000,277.1199951171875,292.55999755859375,273.6000061035156,292.35260009765625,38676673
1740756600,292.3949890136719,293.0,287.42279052734375,287.94000244140625,14240424
1740760200,287.8901062011719,291.92999267578125,287.2001037597656,290.2699890136719,8115386
1740763800,290.239990234375,290.8489074707031,281.3500061035156,286.1199951171875,11343881
1740767400,286.05999755859375,287.4800109863281,282.80999755859375,285.9150085449219,8862670
1740771000,285.9100036621094,293.39691162109375,285.17999267578125,293.26220703125,12087085
1740774600,293.260009765625,293.6099853515625,288.8900146484375,293.30999755859375,9448612
1741012200,300.36749267578125,303.94000244140625,291.70001220703125,300.7300109863281,35304647
1741015800,300.7799987792969,301.69000244140625,294.8599853515625,298.94500732421875,12487012
1741019400,298.989990234375,302.47900390625,297.44110107421875,298.4800109863281,10050129
1741023000,298.4849853515625,298.69989013671875,285.0299987792969,285.4150085449219,16508753
1741026600,285.5086975097656,289.8089904785156,284.7099914550781,286.42498779296875,10088160
1741030200,286.42498779296875,290.260009765625,279.05999755859375,280.0924072265625,13903470
1741033800,280.05999755859375,284.9800109863281,277.29998779296875,284.7799987792969,10701428
1741098600,270.79998779296875,278.2799987792969,261.840087890625,265.6099853515625,43130221
1741102200,265.57000732421875,267.81561279296875,262.0751953125,262.760498046875,14951434
1741105800,262.67999267578125,273.010009765625,262.6117858886719,271.9891052246094,13398335
1741109400,271.9100036621094,274.45001220703125,268.6600036621094,271.135986328125,11449807
1741113000,271.1075134277344,281.489990234375,270.1199951171875,279.1600036621094,12348615
1741116600,279.239990234375,284.3299865722656,277.67999267578125,283.0299987792969,12299820
1741120200,282.9549865722656,283.31988525390625,270.33099365234375,272.0,12383747
1741185000,272.9599914550781,278.2698974609375,267.7099914550781,270.239990234375,30324652
1741188600,270.25,274.4599914550781,268.79998779296875,270.6000061035156,12730856
1741192200,270.54998779296875,274.1488952636719,268.0,273.18670654296875,10689026
1741195800,273.12750244140625,276.05999755859375,271.0,272.431884765625,9153503
1741199400,272.375,279.1600036621094,271.20001220703125,276.9800109863281,9379582
1741203000,277.0,278.139892578125,273.5199890136719,276.82000732421875,8850682
1741206600,276.739990234375,279.5400085449219,275.260009765625,279.260009765625,7015037
1741271400,272.0,272.1180114746094,264.3999938964844,270.6925048828125,26702168
1741275000,270.69500732421875,272.6499938964844,267.5799865722656,269.30999755859375,11485501
1741278600,269.3299865722656,271.239501953125,262.8500061035156,263.29998779296875,12655085
1741282200,263.3399963378906,264.7300109863281,261.7699890136719,262.95001220703125,9098353
1741285800,263.0,263.55029296875,260.0199890136719,260.55999755859375,10864097
1741289400,260.45001220703125,266.6099853515625,260.0199890136719,261.1650085449219,12802598
1741293000,261.1700134277344,264.3399963378906,260.54998779296875,263.42999267578125,8703774
1741357800,259.2749938964844,266.2499084472656,259.090087890625,260.9493103027344,26537801
1741361400,260.8999938964844,261.6000061035156,254.30999755859375,254.38999938964844,15854379
1741365000,254.4199981689453,256.0950012207031,250.72999572753906,256.0400085449219,15145976
1741368600,256.0899963378906,262.8699951171875,254.89999389648438,260.2049865722656,13885689
1741372200,260.2699890136719,264.2684020996094,259.6715087890625,263.1217956542969,9663231
1741375800,263.1499938964844,263.56939697265625,259.2300109863281,261.68609619140625,9220298
1741379400,261.5199890136719,263.5,258.4599914550781,262.6300048828125,8113322
1741613400,252.60000610351562,253.3699951171875,238.88999938964844,239.72999572753906,40927577
1741617000,239.91000366210938,241.49000549316406,237.60000610351562,240.16000366210938,19495395
1741620600,240.14999389648438,243.1092987060547,233.02999877929688,234.3000030517578,20551680
1741624200,234.3300018310547,234.94949340820312,225.58999633789062,227.0500030517578,27825802
1741627800,227.15989685058594,228.85000610351562,224.1300048828125,225.99920654296875,18614538
1741631400,226.02999877929688,227.10000610351562,220.66000366210938,221.5800018310547,23296862
1741635000,221.57000732421875,224.8000030517578,220.19000244140625,222.0800018310547,21582826
1741699800,225.2700958251953,236.2895965576172,222.0,222.6501007080078,58854090
1741703400,222.60000610351562,230.98989868164062,218.02999877929688,228.39999389648438,29364038
1741707000,228.38999938964844,232.6999969482422,225.91000366210938,228.23500061035156,16280892
1741710600,228.3300018310547,230.4499053955078,223.5500030517578,223.80999755859375,12475120
1741714200,223.75,234.44000244140625,223.5800018310547,233.22799682617188,15121712
1741717800,233.1699981689453,237.0648956298828,230.82000732421875,232.6820068359375,20248023
1741721400,232.72999572753906,234.99000549316406,229.6199951171875,230.5,11862356
1741786200,244.65280151367188,251.69000244140625,244.3000030517578,246.89500427246094,50358750
1741789800,247.0,247.36000061035156,241.10000610351562,244.8206024169922,21409822
1741793400,244.8800048828125,249.99000549316406,244.52999877929688,249.3000030517578,13996209
1741797000,249.30999755859375,251.83999633789062,247.39999389648438,250.23989868164062,13689525
1741800600,250.1199951171875,251.10000610351562,245.75,249.36990356445312,11225241
1741804200,249.42999267578125,249.82000732421875,247.4499969482422,247.70350646972656,9348190
1741807800,247.75999450683594,248.3800048828125,245.97999572753906,248.27999877929688,10404480
1741872600,248.125,248.2899932861328,234.0,239.4600067138672,40937913
1741876200,239.4774932861328,240.6999969482422,235.6999969482422,236.14999389648438,14679164
1741879800,236.1300048828125,236.44000244140625,233.52999877929688,235.3699951171875,12748608
1741883400,235.39999389648438,238.49000549316406,234.60009765625,236.07000732421875,10729898
1741887000,236.0399932861328,241.33999633789062,235.4499969482422,240.7100067138672,10646258
1741890600,240.75,242.60000610351562,239.27000427246094,239.7100067138672,10381525
1741894200,239.89999389648438,240.92999267578125,238.1510009765625,240.69000244140625,7160974
1741959000,247.30999755859375,250.639892578125,240.74000549316406,241.0399932861328,30773216
1741962600,241.1300048828125,248.72999572753906,240.8800048828125,248.5950927734375,15845456
1741966200,248.5800018310547,249.75999450683594,246.410400390625,246.80999755859375,12018596
1741969800,246.7899932861328,249.66000366210938,246.42149353027344,247.981201171875,8209748
1741973400,247.99000549316406,249.89999389648438,247.4199981689453,249.10000610351562,7760011
1741977000,249.11500549316406,251.5800018310547,248.0,248.49000549316406,11058332
1741980600,248.50999450683594,250.32989501953125,247.7899932861328,249.98049926757812,8356801
1742218200,244.97000122070312,245.01499938964844,237.1999969482422,237.33799743652344,30737986
1742221800,237.34500122070312,240.44000244140625,234.39999389648438,235.60000610351562,18107269
1742225400,235.60000610351562,236.1300048828125,233.02000427246094,233.3699951171875,14003139
1742229000,233.39999389648438,236.7093963623047,232.8000946044922,236.35499572753906,10683442
1742232600,236.35569763183594,239.32000732421875,235.79010009765625,239.2949981689453,10663875
1742236200,239.2899932861328,240.4199981689453,237.27999877929688,237.45010375976562,10107467
1742239800,237.4499969482422,239.89999389648438,237.14059448242188,237.8000030517578,7704728
1742304600,229.18499755859375,230.10000610351562,222.27999877929688,225.08999633789062,37621940
1742308200,225.0500030517578,228.8800048828125,223.0500030517578,227.9199981689453,17023578
1742311800,227.9199981689453,229.5500030517578,226.91009521484375,229.1699981689453,11342686
1742315400,229.19000244140625,229.24000549316406,226.1300048828125,226.99549865722656,9359556
1742319000,226.9550018310547,227.49920654296875,223.30059814453125,225.13999938964844,10875787
1742322600,225.13499450683594,227.9698944091797,225.125,226.41720581054688,9622196
1742326200,226.4257049560547,226.86000061035156,224.72000122070312,225.47999572753906,6744236
1742391000,231.61000061035156,234.1300048828125,229.2010040283203,231.3332977294922,31129548
1742394600,231.30999755859375,235.5,230.4199981689453,235.4149932861328,13355247
1742398200,235.42999267578125,237.07000732421875,234.6199951171875,235.17999267578125,11939188
1742401800,235.13999938964844,235.20449829101562,233.3699951171875,234.35079956054688,7932142
1742405400,234.3350067138672,235.14999389648438,232.07000732421875,233.4149932861328,10568906
1742409000,233.4199981689453,241.41000366210938,233.4199981689453,235.2969970703125,19909166
1742412600,235.3249969482422,238.14999389648438,235.13999938964844,235.72999572753906,9655736
1742477400,233.34500122070312,238.0,232.1300048828125,236.5399932861328,29460042
1742481000,236.5,237.07989501953125,233.77000427246094,234.07440185546875,11641985
1742484600,234.0399932861328,234.0399932861328,230.0500946044922,231.90980529785156,17476389
1742488200,231.85890197753906,235.6898956298828,231.85890197753906,234.2700958251953,9749691
1742491800,234.35000610351562,236.64999389648438,232.35000610351562,232.47500610351562,9434422
1742495400,232.44000244140625,235.0800018310547,231.88999938964844,233.69000244140625,9232350
1742499000,233.7100067138672,236.25999450683594,233.6800994873047,236.25,6303791
1742563800,234.98500061035156,243.75999450683594,234.5625,238.92990112304688,39806149
1742567400,238.9199981689453,242.6790008544922,237.85800170898438,240.25,14483529
1742571000,240.3000030517578,245.00999450683594,239.27999877929688,244.9499969482422,12846317
1742574600,244.9199981689453,246.8800048828125,244.44000244140625,245.36000061035156,15455552
1742578200,245.3699951171875,247.55999755859375,245.16000366210938,246.0749969482422,10491404
1742581800,246.07000732421875,247.41000366210938,244.52000427246094,245.02499389648438,11428643
1742585400,245.0,249.49000549316406,244.60000610351562,249.11500549316406,12216546
1742823000,258.07501220703125,274.3999938964844,256.3299865722656,274.2099914550781,54989616
1742826600,274.2025146484375,274.7200012207031,270.70050048828125,271.92999267578125,24990314
1742830200,271.92498779296875,273.2799987792969,270.0199890136719,272.31500244140625,15608681
1742833800,272.3312072753906,275.7699890136719,271.7699890136719,274.0400085449219,14529904
1742837400,274.0899963378906,275.45001220703125,273.30999755859375,275.2300109863281,12401941
1742841000,275.239990234375,276.3500061035156,273.6499938964844,276.1700134277344,13880558
1742844600,276.1499938964844,278.6400146484375,275.3800048828125,278.44000244140625,16044092
1742909400,283.5,283.5849914550781,271.2799987792969,277.154296875,53567044
1742913000,277.19000244140625,279.7099914550781,276.1700134277344,277.7300109863281,18994471
1742916600,277.7200012207031,279.20001220703125,275.1499938964844,278.07000732421875,12938374
1742920200,278.1199951171875,280.7200012207031,277.0,277.2441101074219,12487543
1742923800,277.260009765625,280.627685546875,277.1499938964844,279.6700134277344,9764616
1742927400,279.7300109863281,284.8699951171875,279.4410095214844,284.54998779296875,17869280
1742931000,284.5400085449219,288.20001220703125,284.35418701171875,288.1499938964844,15352239
1742995800,282.36151123046875,284.8999938964844,272.6000061035156,275.8699951171875,43411866
1742999400,275.8550109863281,279.3280029296875,275.07000732421875,276.4800109863281,19623500
1743003000,276.5299987792969,277.7799987792969,272.79998779296875,274.3800048828125,15272398
1743006600,274.3800048828125,275.0,269.6499938964844,270.8949890136719,16690062
1743010200,270.8949890136719,273.49969482421875,268.6600036621094,271.67999267578125,15624876
1743013800,271.6216125488281,272.46990966796875,267.2500915527344,267.75421142578125,14116239
1743017400,267.7799987792969,272.57281494140625,266.510009765625,271.989990234375,13813701
1743082200,272.4800109863281,282.5497131347656,271.82159423828125,282.38079833984375,39865040
1743085800,282.4789123535156,291.8399963378906,282.2099914550781,286.9200134277344,32836779
1743089400,286.9700012207031,287.17999267578125,280.260009765625,280.4100036621094,22768054
1743093000,280.42999267578125,281.9104919433594,273.79998779296875,273.92999267578125,20001861
1743096600,273.9599914550781,278.6000061035156,273.7251892089844,276.05999755859375,13066682
1743100200,276.04998779296875,279.6700134277344,275.260009765625,278.20001220703125,12845491
1743103800,278.19000244140625,278.6400146484375,272.05999755859375,273.2300109863281,11541953
1743168600,275.5,276.1000061035156,264.1499938964844,265.0,37328818
1743172200,265.0,267.3233947753906,260.7900085449219,265.8562927246094,23256140
1743175800,265.75,268.1099853515625,261.75,263.5,13777917
1743179400,263.5484924316406,266.0,262.85009765625,263.2799987792969,9844478
1743183000,263.2900085449219,265.3999938964844,262.3599853515625,264.6700134277344,10344490
1743186600,264.75,265.1733093261719,262.3500061035156,263.05499267578125,11184014
1743190200,263.05499267578125,264.70001220703125,260.5799865722656,263.489990234375,10402229
1743427800,249.1699981689453,252.0800018310547,243.360107421875,245.38999938964844,41651785
1743431400,245.36000061035156,252.3000030517578,245.2100067138672,250.85000610351562,18533744
1743435000,250.90249633789062,255.25,250.17999267578125,254.83999633789062,14804221
1743438600,254.83999633789062,256.8999938964844,253.66000366210938,254.25,12407319
1743442200,254.3000030517578,258.7799072265625,252.6201934814453,258.5458984375,12451271
1743445800,258.5799865722656,260.3500061035156,256.5,256.706787109375,14638550
1743449400,256.69000244140625,260.55999755859375,256.3500061035156,259.2699890136719,10888065
1743514200,263.7349853515625,268.1199951171875,259.25,265.989990234375,36961818
1743517800,265.8900146484375,274.8299865722656,265.70001220703125,274.1700134277344,25912140
1743521400,274.19000244140625,277.45001220703125,272.5299987792969,273.7301025390625,19176163
1743525000,273.7900085449219,275.5,271.0,273.3384094238281,15736633
1743528600,273.29998779296875,275.9100036621094,269.1700134277344,269.8500061035156,15097651
1743532200,269.79998779296875,271.0799865722656,267.0899963378906,269.04998779296875,14511371
1743535800,269.0799865722656,271.05999755859375,268.20001220703125,268.4800109863281,10506787
1743600600,254.60000610351562,266.48919677734375,251.27000427246094,263.0299987792969,47891682
1743604200,262.9949951171875,276.9800109863281,260.1300048828125,275.5166015625,31555016
1743607800,275.5,284.389892578125,273.54998779296875,283.2200012207031,36251594
1743611400,283.2099914550781,284.20001220703125,268.4599914550781,283.5799865722656,26505661
1743615000,283.5849914550781,283.9100036621094,268.4599914550781,278.6400146484375,17370739
1743618600,278.6099853515625,283.260009765625,278.3800048828125,280.6700134277344,16539074
1743622200,280.6199951171875,284.989990234375,278.5299987792969,282.6700134277344,15968073
1743687000,265.239990234375,276.29998779296875,264.0,267.3575134277344,42989378
1743690600,267.29998779296875,268.4798889160156,261.510009765625,265.5799865722656,22322398
1743694200,265.5400085449219,271.489990234375,265.0299987792969,270.8800048828125,16312651
1743697800,270.9599914550781,271.6000061035156,267.0,268.2799987792969,13889973
1743701400,268.2650146484375,270.5,266.5799865722656,267.0877990722656,9511327
1743705000,267.0801086425781,270.2200012207031,265.2099914550781,265.8999938964844,13470195
1743708600,265.9549865722656,268.3800048828125,264.8599853515625,267.1400146484375,10037129
1743773400,255.3699951171875,261.0,242.30999755859375,242.4136962890625,51747871
1743777000,242.47999572753906,249.02999877929688,236.0,243.75,36682565
1743780600,243.82000732421875,245.82980346679688,240.6999969482422,241.4199981689453,18147517
1743784200,241.41000366210938,243.19000244140625,239.36000061035156,241.01690673828125,16075365
1743787800,240.9600067138672,246.22999572753906,239.74099731445312,240.23500061035156,14242706
1743791400,240.27000427246094,243.9302978515625,238.4199981689453,242.7899932861328,16660250
1743795000,242.6699981689453,245.2626953125,238.7100067138672,239.33999633789062,14746733
1744032600,223.0,252.0,214.25,228.19000244140625,70541293
1744036200,228.15719604492188,237.19000244140625,224.19500732421875,225.82000732421875,28647416
1744039800,225.7082061767578,231.639892578125,225.13999938964844,228.85000610351562,16177634
1744043400,228.8699951171875,234.65769958496094,225.67010498046875,233.16990661621094,14899541
1744047000,233.0449981689453,237.3699951171875,230.52000427246094,231.55499267578125,15566365
1744050600,231.5574951171875,234.89990234375,227.75010681152344,229.4499969482422,15140109
1744054200,229.44000244140625,234.66000366210938,228.17010498046875,233.2899932861328,11034151
1744119000,245.0500030517578,249.94000244140625,241.343994140625,247.96600341796875,40574099
1744122600,247.97999572753906,250.44000244140625,242.42010498046875,243.4499969482422,22794506
1744126200,243.34500122070312,246.90989685058594,236.60009765625,237.81500244140625,17545794
1744129800,237.77999877929688,238.60000610351562,228.1999969482422,229.64999389648438,22849481
1744133400,229.57000732421875,235.19979858398438,228.84010314941406,229.0863037109375,15928357
1744137000,229.0449981689453,233.61990356445312,220.61599731445312,222.97940063476562,22599545
1744140600,222.97999572753906,223.19000244140625,217.8000030517578,221.5800018310547,18316517
1744205400,224.5625,234.6511993408203,223.88999938964844,231.58999633789062,43055288
1744209000,231.6999969482422,234.27999877929688,226.6300048828125,230.8000030517578,19809688
1744212600,230.82000732421875,233.8300018310547,227.42689514160156,232.65499877929688,14833847
1744216200,232.61000061035156,253.8000030517578,231.8699951171875,246.27310180664062,26109122
1744219800,246.39999389648438,266.8900146484375,232.5500030517578,265.0899963378906,40318863
1744223400,265.05999755859375,269.20989990234375,259.3822021484375,268.4800109863281,31867215
1744227000,268.4599914550781,274.69000244140625,267.20001220703125,272.0,20202687
1744291800,260.0299987792969,262.489990234375,252.80419921875,254.38999938964844,41933295
1744295400,254.55999755859375,257.54998779296875,251.19000244140625,251.25079345703125,18379734
1744299000,251.28550720214844,251.75,239.3300018310547,241.27499389648438,28476084
1744302600,241.27999877929688,250.1300048828125,240.89999389648438,245.85000610351562,23933820
1744306200,245.77499389648438,254.5800018310547,245.0200958251953,254.10000610351562,21021581
1744309800,254.13999938964844,256.5400085449219,247.7100067138672,247.75750732421875,21399172
1744313400,247.7899932861328,253.4398956298828,245.13999938964844,252.39999389648438,14548739
1744378200,251.83999633789062,257.739990234375,244.5800018310547,244.85000610351562,36039860
1744381800,244.89500427246094,249.75,242.15499877929688,243.89999389648438,19844440
1744385400,243.9499969482422,246.0,241.36289978027344,242.22000122070312,14209301
1744389000,242.22500610351562,251.22000122070312,242.2010040283203,245.52499389648438,19611723
1744392600,245.52980041503906,250.4199981689453,245.05999755859375,248.52999877929688,13344535
1744396200,248.57000732421875,251.46200561523438,246.57000732421875,250.4149932861328,11321490
1744399800,250.3699951171875,252.32000732421875,248.70010375976562,252.17999267578125,8993721
1744637400,258.32501220703125,261.79998779296875,252.4600067138672,257.2650146484375,27632331
1744641000,257.2650146484375,258.57000732421875,248.58999633789062,248.93499755859375,15832725
1744644600,248.9499969482422,250.47000122070312,246.2801055908203,247.0050048828125,14600593
1744648200,246.9499969482422,249.67999267578125,245.92999267578125,247.99000549316406,10166294
1744651800,247.97000122070312,249.89999389648438,247.1999969482422,249.19000244140625,7042681
1744655400,249.23289489746094,254.14999389648438,248.85000610351562,253.43609619140625,11169743
1744659000,253.44000244140625,256.0,251.9199981689453,252.36000061035156,8545474
1744723800,249.86000061035156,257.8599853515625,247.5500030517578,254.11000061035156,28038577
1744727400,254.14920043945312,258.75,254.14920043945312,255.22579956054688,13615895
1744731000,255.2899932861328,256.29998779296875,254.0500030517578,255.22000122070312,7756420
1744734600,255.22999572753906,255.64999389648438,251.58999633789062,252.14990234375,7887018
1744738200,252.0800018310547,253.92990112304688,250.83999633789062,251.9217071533203,7150101
1744741800,251.88250732421875,253.64199829101562,251.66000366210938,252.12969970703125,6358032
1744745400,252.11500549316406,254.2342987060547,252.05999755859375,254.1199951171875,4775502
1744810200,247.69000244140625,250.83999633789062,247.0301055908203,250.04710388183594,20622783
1744813800,250.0500030517578,251.35000610351562,248.1699981689453,250.79989624023438,10807537
1744817400,250.8000030517578,251.97000122070312,246.67999267578125,247.31500244140625,10165100
1744821000,247.30999755859375,248.25999450683594,245.1999969482422,246.6199951171875,8708344
1744824600,246.6699981689453,246.7220001220703,239.3699951171875,240.74000549316406,18905899
1744828200,240.72500610351562,240.99000549316406,233.88999938964844,234.3800048828125,18134989
1744831800,234.40499877929688,241.74000549316406,234.39999389648438,241.5500030517578,14481295
1744896600,243.39500427246094,244.33999633789062,238.65109252929688,238.8000946044922,23277613
1744900200,238.8800048828125,242.25,237.6833038330078,239.4499969482422,12291126
1744903800,239.5,242.10000610351562,238.47000122070312,241.781005859375,9929995
1744907400,241.83349609375,242.55999755859375,239.3009033203125,239.34339904785156,7433686
1744911000,239.39999389648438,242.16000366210938,238.75,241.24000549316406,7071337
1744914600,241.27000427246094,242.10000610351562,238.89999389648438,239.23980712890625,7811255
1744918200,239.27439880371094,241.75,239.14500427246094,241.5399932861328,8322309
1745242200,229.5,232.2100067138672,223.6699981689453,225.00999450683594,29074210
1745245800,225.00999450683594,226.85000610351562,223.94000244140625,224.73500061035156,11873070
1745249400,224.7899932861328,225.5500030517578,223.42999267578125,224.82000732421875,9585570
1745253000,224.81500244140625,226.07000732421875,223.17320251464844,223.4600067138672,7918037
1745256600,223.4499969482422,224.61000061035156,222.8000030517578,224.42320251464844,7392789
1745260200,224.36000061035156,225.22000122070312,223.25,224.57000732421875,8761204
1745263800,224.52999877929688,227.8699951171875,224.52000427246094,227.4499969482422,9457202
1745328600,230.34140014648438,237.80999755859375,230.10000610351562,235.96009826660156,25643137
1745332200,235.9683074951172,239.3800048828125,234.62890625,238.11000061035156,13692143
1745335800,238.13999938964844,242.7899932861328,237.65109252929688,241.83999633789062,14784535
1745339400,241.88900756835938,242.07989501953125,235.64999389648438,235.8699951171875,12002774
1745343000,235.86500549316406,238.49000549316406,234.46270751953125,238.25999450683594,11098805
1745346600,238.24000549316406,238.5,235.25,235.38999938964844,9141686
1745350200,235.38999938964844,238.33999633789062,235.1300048828125,238.14999389648438,10096132
1745415000,254.86000061035156,255.47000122070312,244.42999267578125,254.63499450683594,51992931
1745418600,254.58999633789062,259.44000244140625,254.11000061035156,254.74879455566406,27652558
1745422200,254.75,256.07000732421875,251.0800018310547,252.6199951171875,15951477
1745425800,252.625,257.34039306640625,252.2012939453125,255.9149932861328,12332601
1745429400,255.99000549316406,258.2298889160156,254.7899932861328,256.5,11448301
1745433000,256.5199890136719,257.85211181640625,252.05999755859375,252.3800048828125,12131548
1745436600,252.4199981689453,253.4499969482422,250.33999633789062,250.7899932861328,10336844
1745501400,249.5050048828125,258.1494140625,249.1999969482422,256.389892578125,29388587
1745505000,256.2950134277344,257.510009765625,253.69009399414062,254.80369567871094,14371735
1745508600,254.80569458007812,255.39999389648438,252.47000122070312,254.84939575195312,11479866
1745512200,254.8300018310547,256.1000061035156,253.61000061035156,255.36000061035156,7701678
1745515800,255.36000061035156,257.239990234375,254.57009887695312,257.1680908203125,6987829
1745519400,257.1700134277344,257.989990234375,254.90499877929688,255.95010375976562,9138897
1745523000,256.0,259.5400085449219,255.9600067138672,259.510009765625,8359222
1745587800,263.0950012207031,271.2200012207031,259.6300048828125,270.625,37287923
1745591400,270.6499938964844,279.989990234375,269.739990234375,279.5201110839844,34773861
1745595000,279.5451965332031,284.55999755859375,278.90008544921875,284.3999938964844,24202519
1745598600,284.4100036621094,286.8500061035156,283.760009765625,286.6499938964844,17486483
1745602200,286.6400146484375,286.6400146484375,281.04998779296875,284.2308044433594,17487896
1745605800,284.2349853515625,286.0,282.2601013183594,282.55999755859375,13080832
1745609400,282.55499267578125,285.42999267578125,281.70001220703125,284.875,12767488
1745847000,289.0398864746094,294.8599853515625,283.4100036621094,286.4750061035156,48056437
1745850600,286.4237976074219,287.5,273.7799987792969,274.07000732421875,28147697
1745854200,274.0199890136719,277.7699890136719,272.4200134277344,274.6083068847656,18574605
1745857800,274.6400146484375,278.4200134277344,274.4306945800781,276.51409912109375,12190401
1745861400,276.55499267578125,281.82000732421875,275.3900146484375,280.94281005859375,12914397
1745865000,280.95001220703125,285.17999267578125,280.2300109863281,284.6492004394531,13648053
1745868600,284.6300048828125,286.7200012207031,283.8999938964844,285.8789978027344,10158741
1745933400,285.4775085449219,289.29998779296875,279.7099914550781,281.3999938964844,33674447
1745937000,281.4056091308594,283.6328125,279.4695129394531,281.9100036621094,16042828
1745940600,281.9100036621094,284.79998779296875,280.8999938964844,282.760009765625,10652401
1745944200,282.7369079589844,285.67999267578125,282.70001220703125,284.8900146484375,10573605
1745947800,284.9100036621094,286.8699951171875,284.1499938964844,285.74560546875,8851568
1745951400,285.75,286.8595886230469,284.9200134277344,286.8595886230469,7790412
1745955000,286.8599853515625,293.2900085449219,286.8453063964844,292.0104064941406,14073915
1746019800,279.8699951171875,280.44000244140625,270.7900085449219,277.0815124511719,38781428
1746023400,277.06988525390625,281.4200134277344,274.3500061035156,279.04998779296875,18497602
1746027000,279.0325012207031,279.79998779296875,275.989990234375,276.17999267578125,11836499
1746030600,276.17498779296875,278.1400146484375,275.1600036621094,278.0299987792969,10865425
1746034200,277.989990234375,281.1600036621094,277.7300109863281,279.2080078125,12331311
1746037800,279.1199951171875,282.6993103027344,277.8399963378906,281.3999938964844,13397450
1746041400,281.4200134277344,284.45001220703125,281.3599853515625,282.1171875,9906858
1746106200,280.0799865722656,287.2189025878906,279.9800109863281,286.2200012207031,27371768
1746109800,286.2699890136719,290.8688049316406,285.9599914550781,287.25,19656421
1746113400,287.30499267578125,287.4397888183594,282.29998779296875,284.130615234375,13206331
1746117000,284.14990234375,285.760009765625,282.5199890136719,284.0899963378906,9096670
1746120600,284.1199951171875,284.2900085449219,281.760009765625,283.1400146484375,8738330
1746124200,283.1400146484375,284.5799865722656,282.54998779296875,283.44500732421875,6746317
1746127800,283.4197998046875,284.6492919921875,279.80999755859375,280.510009765625,7919923
1746192600,285.010009765625,287.94000244140625,279.80999755859375,283.23431396484375,24841291
1746196200,283.2699890136719,287.3999938964844,282.010009765625,285.25,16073738
1746199800,285.260009765625,290.3299865722656,285.0058898925781,289.0799865722656,14822734
1746203400,289.1000061035156,294.489990234375,288.79998779296875,292.20001220703125,18122414
1746207000,292.1700134277344,294.7799987792969,291.6099853515625,293.1600036621094,11107638
1746210600,293.1549987792969,294.08709716796875,288.6199951171875,289.755615234375,14162950
1746214200,289.739990234375,289.80999755859375,285.7699890136719,287.25,10741485
1746451800,284.57000732421875,284.79998779296875,275.625,276.14801025390625,26861246
1746455400,276.1700134277344,277.5799865722656,274.3999938964844,276.7900085449219,15605339
1746459000,276.7699890136719,277.8500061035156,274.79998779296875,277.26971435546875,10012743
1746462600,277.2528991699219,280.92449951171875,277.1000061035156,280.4800109863281,10448583
1746466200,280.5400085449219,282.04998779296875,279.6099853515625,281.8299865722656,7912573
1746469800,281.82000732421875,283.389892578125,280.5899963378906,281.74920654296875,10907702
1746473400,281.7200012207031,282.2699890136719,279.30999755859375,280.20001220703125,6865353
1746538200,273.0899963378906,277.7300109863281,271.3599853515625,274.614990234375,25773518
1746541800,274.6340026855469,275.94989013671875,273.70001220703125,275.7349853515625,9700783
1746545400,275.66009521484375,276.1499938964844,272.25,273.44000244140625,10679924
1746549000,273.2699890136719,274.54998779296875,272.9800109863281,273.7156982421875,6590006
1746552600,273.7200012207031,275.1726989746094,272.75,275.0,6816119
1746556200,274.94000244140625,276.4794921875,274.3500061035156,276.0199890136719,6484599
1746559800,275.989990234375,276.7096862792969,275.0299987792969,275.25,5056103
1746624600,276.81500244140625,277.9200134277344,273.760009765625,276.4599914550781,18179042
1746628200,276.4543151855469,277.1700134277344,272.95001220703125,273.3450012207031,10340514
1746631800,273.28570556640625,273.88519287109375,272.1300964355469,272.7699890136719,6927070
1746635400,272.7799987792969,275.57000732421875,272.6401062011719,275.3699951171875,5370625
1746639000,275.37030029296875,275.989990234375,271.010009765625,273.4508056640625,9540816
1746642600,273.3900146484375,275.8599853515625,272.9100036621094,273.1300048828125,9470886
1746646200,273.14990234375,277.25,272.5000915527344,276.17999267578125,7385022
1746711000,279.6300048828125,286.739990234375,279.4100036621094,281.8999938964844,28056268
1746714600,281.9200134277344,287.1199951171875,280.6099853515625,286.6700134277344,14141596
1746718200,286.69000244140625,289.79998779296875,286.31109619140625,287.29998779296875,16579504
1746721800,287.3290100097656,288.67999267578125,286.1199951171875,287.07159423828125,8013585
1746725400,287.1099853515625,288.5599060058594,286.25,287.5201110839844,7341108
1746729000,287.57000732421875,289.7900085449219,286.8299865722656,289.0199890136719,9029018
1746732600,289.0199890136719,289.4599914550781,284.6099853515625,284.8900146484375,7436297
1746797400,292.0899963378906,307.0400085449219,290.03900146484375,302.17999267578125,50352062
1746801000,302.2049865722656,304.2598876953125,297.2300109863281,298.6600036621094,25052984
1746804600,298.6329040527344,299.9798889160156,296.3299865722656,296.6300048828125,12846873
1746808200,296.7298889160156,298.6000061035156,296.3399963378906,297.8999938964844,8692841
1746811800,297.9599914550781,301.0799865722656,297.5199890136719,298.4549865722656,11375914
1746815400,298.45220947265625,298.96990966796875,296.510009765625,297.80999755859375,9619696
1746819000,297.79998779296875,299.6199951171875,296.85009765625,298.1017150878906,8265009
1747056600,321.93499755859375,322.20001220703125,311.5,315.17999267578125,45262031
1747060200,315.2300109863281,320.30999755859375,313.8500061035156,319.7799987792969,16901927
1747063800,319.7672119140625,320.8699951171875,317.510009765625,318.5899963378906,10245416
1747067400,318.69500732421875,319.45001220703125,317.010009765625,318.29058837890625,7895396
1747071000,318.3349914550781,319.83819580078125,316.989990234375,317.0199890136719,7564254
1747074600,317.0899963378906,318.091796875,316.1401062011719,316.3450012207031,9148837
1747078200,316.3450012207031,318.7699890136719,316.1400146484375,318.6199951171875,7404623
1747143000,319.9549865722656,326.06988525390625,316.79998779296875,322.4949951171875,35114363
1747146600,322.4700927734375,324.5,318.78271484375,321.5150146484375,16894545
1747150200,321.6000061035156,322.9700012207031,320.42999267578125,321.7200012207031,8656624
1747153800,321.7200012207031,329.489990234375,321.4700012207031,329.44000244140625,16172144
1747157400,329.3900146484375,337.5893859863281,328.6700134277344,336.05120849609375,27225445
1747161000,336.1099853515625,337.1199951171875,333.8800048828125,334.9901123046875,14391115
1747164600,335.0299987792969,336.1820068359375,331.80999755859375,333.92999267578125,10716982
1747229400,342.4599914550781,345.5,337.0,340.28009033203125,41076412
1747233000,340.3900146484375,343.4800109863281,337.45001220703125,342.7322082519531,15960512
1747236600,342.739990234375,350.0,342.5299987792969,347.2300109863281,22342627
1747240200,347.2369079589844,349.2099914550781,343.239990234375,344.57000732421875,14152641
1747243800,344.5950012207031,349.29998779296875,343.3100891113281,346.726806640625,13128387
1747247400,346.7099914550781,350.0,346.41070556640625,347.92999267578125,13117562
1747251000,347.8999938964844,348.8900146484375,345.510009765625,347.4327087402344,9744188
1747315800,340.3450012207031,342.25,336.32000732421875,338.0375061035156,31813999
1747319400,338.0350036621094,339.69000244140625,334.7153015136719,339.1600036621094,15402099
1747323000,339.10009765625,343.1300048828125,338.4200134277344,342.44500732421875,10298326
1747326600,342.42999267578125,346.1393127441406,341.8299865722656,345.3800048828125,10960248
1747330200,345.44000244140625,345.4800109863281,341.6499938964844,343.2900085449219,8985220
1747333800,343.25,344.0199890136719,339.6000061035156,339.8399963378906,9021958
1747337400,339.8399963378906,344.1600036621094,339.8399963378906,342.7283935546875,7517899
1747402200,347.8450012207031,351.6199951171875,342.8800048828125,346.2200012207031,31585009
1747405800,346.19000244140625,347.8999938964844,342.3299865722656,347.7049865722656,14940828
1747409400,347.6600036621094,349.29998779296875,346.94000244140625,347.6600036621094,10295194
1747413000,347.6499938964844,348.4200134277344,346.2900085449219,347.8699951171875,6430939
1747416600,347.9200134277344,348.760009765625,346.8599853515625,347.3299865722656,5388465
1747420200,347.3800048828125,349.42999267578125,346.95001220703125,348.80999755859375,8362872
1747423800,348.8299865722656,349.92999267578125,347.8599853515625,349.79998779296875,7963739
1747661400,338.0,343.0,333.3800048828125,339.9028015136719,32190525
1747665000,339.88079833984375,340.6382141113281,337.2200012207031,337.5150146484375,10486033
1747668600,337.5,339.55999755859375,333.79998779296875,338.6449890136719,8595650
1747672200,338.69000244140625,342.85040283203125,337.760009765625,342.00738525390625,9882764
1747675800,342.0,342.3900146484375,334.7799987792969,339.8299865722656,7609617
1747679400,339.8299865722656,342.0899963378906,339.6600036621094,341.3450012207031,6813756
1747683000,341.3299865722656,342.7699890136719,341.2200012207031,341.92999267578125,6759962
1747747800,347.94000244140625,354.57330322265625,342.86749267578125,345.5400085449219,40152062
1747751400,345.5199890136719,347.07000732421875,344.6300048828125,346.2950134277344,10530582
1747755000,346.29998779296875,350.13958740234375,345.8800048828125,349.2900085449219,14257122
1747758600,349.29998779296875,352.1499938964844,349.2312927246094,350.3599853515625,13888892
1747762200,350.3399963378906,354.98040771484375,349.0,349.8900146484375,17710461
1747765800,349.79998779296875,350.1600036621094,341.6300048828125,344.7349853515625,20995600
1747769400,344.79998779296875,345.8599853515625,342.7699890136719,343.760009765625,8610508
1747834200,344.42999267578125,347.2200012207031,342.1199951171875,342.6199035644531,25194933
1747837800,342.6300048828125,346.20001220703125,341.54998779296875,345.3399963378906,13507862
1747841400,345.3399963378906,346.79998779296875,343.5799865722656,346.375,9339085
1747845000,346.3900146484375,347.3500061035156,335.5400085449219,336.0,13507219
1747848600,336.0263977050781,340.22979736328125,334.5,337.1300048828125,14353158
1747852200,337.17999267578125,338.4898986816406,332.20001220703125,333.3299865722656,11817469
1747855800,333.3299865722656,336.7799987792969,333.2325134277344,334.5299987792969,7846882
1747920600,331.94000244140625,341.0899963378906,331.3900146484375,340.69500732421875,29844638
1747924200,340.67999267578125,344.5299987792969,338.8599853515625,342.9518127441406,16192574
1747927800,342.9100036621094,344.010009765625,341.70001220703125,342.239990234375,9117127
1747931400,342.25,345.1499938964844,341.510009765625,344.7799987792969,7964980
1747935000,344.760009765625,345.989990234375,343.9800109863281,345.135009765625,8170798
1747938600,345.135009765625,347.2699890136719,344.94281005859375,346.4700012207031,10391308
1747942200,346.4700012207031,346.510009765625,340.6499938964844,340.9800109863281,9884659
1748007000,337.5150146484375,338.6499938964844,333.2099914550781,335.6499938964844,29400172
1748010600,335.6499938964844,338.8500061035156,335.1600036621094,337.2900085449219,11702741
1748014200,337.2300109863281,340.6400146484375,336.27069091796875,339.17999267578125,9549923
1748017800,339.20001220703125,343.17999267578125,338.3118896484375,343.03948974609375,9352345
1748021400,343.0299987792969,343.08990478515625,339.3371887207031,340.5199890136719,8429223
1748025000,340.4649963378906,341.7699890136719,339.6335144042969,340.3550109863281,6739873
1748028600,340.30999755859375,341.2900085449219,339.0199890136719,339.3900146484375,6055857
1748352600,347.3500061035156,357.6000061035156,347.32000732421875,356.32989501953125,36070780
1748356200,356.32000732421875,357.4599914550781,354.3900146484375,355.1099853515625,12519857
1748359800,355.0950012207031,359.3039855957031,354.8299865722656,358.30999755859375,12077050
1748363400,358.2908020019531,363.0,358.1300048828125,361.5075988769531,13683368
1748367000,361.489990234375,363.7900085449219,360.8999938964844,362.0,11094675
1748370600,362.0,362.4700012207031,358.6000061035156,359.8900146484375,13018958
1748374200,359.8999938964844,363.0,357.79998779296875,362.7510070800781,11523217
1748439000,364.8399963378906,365.0,358.6400146484375,361.6300048828125,31479971
1748442600,361.7008972167969,363.3799133300781,360.4306945800781,362.95001220703125,10593414
1748446200,363.010009765625,363.3799133300781,360.79998779296875,361.1300048828125,7382718
1748449800,361.1099853515625,362.8699951171875,360.510009765625,362.6199951171875,6467960
1748453400,362.5799865722656,363.989990234375,361.2601013183594,361.4200134277344,7489665
1748457000,361.4599914550781,361.69989013671875,357.3599853515625,359.03900146484375,10922682
1748460600,359.0,359.1000061035156,355.9100036621094,356.9200134277344,7592388
1748525400,365.0,367.7099914550781,359.4400939941406,362.0299987792969,27014785
1748529000,361.9599914550781,364.75,361.75,364.0820007324219,12177062
1748532600,364.04449462890625,364.3800048828125,360.3999938964844,362.43011474609375,8935970
1748536200,362.44000244140625,363.6600036621094,360.6600036621094,361.114990234375,6682661
1748539800,361.14990234375,362.4100036621094,356.0,357.260009765625,11660498
1748543400,357.32000732421875,359.95001220703125,357.2850036621094,358.1499938964844,8270734
1748547000,358.1300048828125,359.6199035644531,357.0400085449219,358.45001220703125,6049230
1748611800,356.3598937988281,361.95001220703125,353.82000732421875,361.8550109863281,22830464
1748615400,361.8299865722656,363.67999267578125,359.3500061035156,360.9100036621094,14514629
1748619000,360.8800048828125,361.5694885253906,353.6000061035156,354.07501220703125,11651497
1748622600,354.0199890136719,354.20001220703125,345.2900085449219,348.4064025878906,19292699
1748626200,348.375,351.8994140625,347.5799865722656,350.6000061035156,11240404
1748629800,350.6300048828125,352.42999267578125,348.45001220703125,351.6683044433594,10941828
1748633400,351.6700134277344,352.2799987792969,345.45001220703125,345.760009765625,12567137
1748871000,342.75,348.010009765625,335.5,338.5028076171875,28160125
1748874600,338.539794921875,339.0,333.3299865722656,336.1099853515625,15018003
1748878200,336.1086120605469,338.8493957519531,335.3800048828125,338.6700134277344,7815688
1748881800,338.5899963378906,339.010009765625,337.0299987792969,338.2099914550781,5922392
1748885400,338.2449951171875,341.25,337.8699951171875,341.05999755859375,8055883
1748889000,341.072998046875,342.599609375,339.760009765625,342.1000061035156,7170455
1748892600,342.07000732421875,343.05999755859375,340.67999267578125,342.70001220703125,6050064
1748957400,346.5950012207031,350.2200012207031,343.85009765625,346.0299987792969,24175853
1748961000,346.0299987792969,351.76470947265625,345.6000061035156,350.8699951171875,12799034
1748964600,350.8299865722656,352.67999267578125,349.8599853515625,352.526611328125,8022436
1748968200,352.510009765625,355.3999938964844,352.4200134277344,354.4800109863281,9301525
1748971800,354.49920654296875,354.53460693359375,344.7200012207031,347.55560302734375,17085583
1748975400,347.5299987792969,350.2799987792969,347.45001220703125,348.6000061035156,10710680
1748979000,348.5799865722656,348.5899963378906,343.0400085449219,344.4700012207031,10878002
1749043800,345.0950012207031,345.6000061035156,327.3341064453125,332.20098876953125,37390308
1749047400,332.2099914550781,334.6000061035156,329.5,333.1600036621094,15307673
1749051000,333.2099914550781,335.04998779296875,330.79998779296875,331.7950134277344,10783022
1749054600,331.79998779296875,333.6000061035156,331.67999267578125,332.8550109863281,5775918
1749058200,332.8699951171875,335.6199951171875,331.95001220703125,333.1300048828125,9066966
1749061800,333.0899963378906,335.29998779296875,332.6705017089844,333.9200134277344,7540067
1749065400,333.94500732421875,335.05999755859375,332.0,332.2099914550781,6809129
1749130200,322.489990234375,324.5498962402344,312.3599853515625,317.5889892578125,46036914
1749133800,317.5400085449219,322.4224853515625,314.55010986328125,321.68499755859375,18233900
1749137400,321.67999267578125,322.9800109863281,312.25,313.6700134277344,22716903
1749141000,313.6700134277344,313.8193054199219,301.5,302.3500061035156,38223989
1749144600,302.3599853515625,305.0,297.30999755859375,297.53961181640625,25452297
1749148200,297.53961181640625,298.79449462890625,273.2099914550781,281.75,74198499
1749151800,281.66009521484375,288.3692932128906,281.2001037597656,284.731689453125,38989144
1749216600,297.4700012207031,302.54998779296875,291.1401062011719,295.25,62623386
1749220200,295.5097961425781,305.5,295.3750915527344,301.5400085449219,30732496
1749223800,301.5392150878906,302.5,299.30999755859375,300.4549865722656,13612285
1749227400,300.8283996582031,302.04998779296875,299.12689208984375,300.06500244140625,9565690
1749231000,300.0643005371094,301.739990234375,299.1700134277344,300.2900085449219,8608433
1749234600,300.30999755859375,302.0,296.55999755859375,297.9898986816406,13412582
1749238200,297.94000244140625,298.2900085449219,293.1400146484375,295.125,15789319
1749475800,285.6028137207031,296.260009765625,281.8500061035156,292.4100036621094,44636282
1749479400,292.4599914550781,297.73870849609375,291.95001220703125,294.6355895996094,16416385
1749483000,294.70001220703125,296.8800048828125,293.79998779296875,295.0400085449219,10141301
1749486600,295.06988525390625,297.8500061035156,294.9100036621094,297.05999755859375,8301356
1749490200,297.0899963378906,300.95001220703125,296.8900146484375,299.5,11684136
1749493800,299.45001220703125,302.7998962402344,298.84259033203125,302.4599914550781,12413703
1749497400,302.4599914550781,309.8299865722656,302.0,308.65728759765625,22346933
1749562200,315.07000732421875,317.67999267578125,310.6669921875,313.86639404296875,41262264
1749565800,313.8717956542969,321.2200012207031,312.79998779296875,318.54998779296875,22313996
1749569400,318.5884094238281,320.2698974609375,315.6400146484375,318.3500061035156,14256619
1749573000,318.3399963378906,320.4200134277344,315.75,319.9800109863281,12775332
1749576600,320.0050048828125,322.67999267578125,318.26080322265625,321.9200134277344,15812783
1749580200,321.9599914550781,325.94000244140625,321.6300048828125,325.6400146484375,18025834
1749583800,325.6300048828125,327.8299865722656,324.3599853515625,326.1499938964844,15827237
1749648600,334.05499267578125,335.5,328.20001220703125,333.1199951171875,44002747
1749652200,333.0799865722656,334.2900085449219,330.1700134277344,331.9988098144531,14645333
1749655800,331.32000732421875,331.94000244140625,326.0299987792969,328.95001220703125,14866015
1749659400,328.8599853515625,331.30950927734375,328.57000732421875,330.92999267578125,9414147
1749663000,330.9200134277344,331.0799865722656,322.7699890136719,324.7200012207031,15737528
1749666600,324.7099914550781,326.489990234375,323.80999755859375,324.94000244140625,10820353
1749670200,324.7850036621094,326.739990234375,323.2200012207031,326.489990234375,8294492
1749735000,323.07501220703125,329.3528137207031,322.7699890136719,326.489990234375,27103832
1749738600,326.5299987792969,328.7499084472656,323.8900146484375,326.3999938964844,13670520
1749742200,326.3599853515625,332.54998779296875,325.04998779296875,326.3699951171875,16206774
1749745800,326.3800048828125,326.5293884277344,323.510009765625,325.09210205078125,11616958
1749749400,325.0849914550781,325.7699890136719,319.1000061035156,319.6600036621094,10941760
1749753000,319.69500732421875,320.7699890136719,316.8800048828125,319.5,14058786
1749756600,319.4342041015625,319.7900085449219,318.3599853515625,319.17498779296875,6655412
1749821400,314.6650085449219,320.3399963378906,313.6099853515625,314.45001220703125,28356816
1749825000,314.3450012207031,320.3900146484375,314.0199890136719,318.8500061035156,13601373
1749828600,318.8999938964844,325.6600036621094,318.6600036621094,324.55999755859375,14653438
1749832200,324.54998779296875,332.9700012207031,323.3299865722656,332.1600036621094,22673876
1749835800,332.1993103027344,332.9800109863281,326.2799987792969,326.9159851074219,16818005
1749839400,326.8599853515625,329.6400146484375,323.25,327.0450134277344,18451483
1749843000,327.0400085449219,327.989990234375,324.20001220703125,325.3500061035156,9496959
1750080600,331.17999267578125,332.04998779296875,326.4100036621094,330.04998779296875,25815590
1750084200,330.0,331.3340148925781,328.3500061035156,330.2206115722656,12435413
1750087800,330.25,331.7300109863281,328.718505859375,331.32000732421875,8207304
1750091400,331.0199890136719,331.2699890136719,328.7500915527344,329.239990234375,7568396
1750095000,329.1650085449219,330.5799865722656,327.2099914550781,330.3999938964844,8908582
1750098600,330.3999938964844,330.6784973144531,327.8909912109375,329.6199951171875,7869034
1750102200,329.54998779296875,329.95001220703125,328.5199890136719,329.1099853515625,5945865
1750167000,326.2749938964844,326.5,320.760009765625,322.95001220703125,20928901
1750170600,322.8999938964844,324.489990234375,319.45001220703125,320.1199951171875,11446482
1750174200,320.114990234375,321.7298889160156,317.5,320.94000244140625,13130339
1750177800,320.989990234375,321.2799987792969,317.3399963378906,318.5849914550781,8621615
1750181400,318.5299987792969,320.69000244140625,314.75,315.54998779296875,12330545
1750185000,315.55999755859375,317.6300048828125,315.4200134277344,317.30999755859375,8497030
1750188600,317.3399963378906,318.70001220703125,316.19000244140625,316.2799987792969,7096714
1750253400,317.29998779296875,325.0899963378906,315.45001220703125,323.3699951171875,25046480
1750257000,323.4200134277344,325.39990234375,322.25,324.989990234375,11278607
1750260600,324.8299865722656,329.29998779296875,324.4451904296875,324.79998779296875,14282459
1750264200,324.75,325.1499938964844,321.4779968261719,321.9649963378906,10500640
1750267800,322.0400085449219,325.0,320.3500061035156,323.94000244140625,11175979
1750271400,323.8775939941406,325.20001220703125,320.0899963378906,322.21710205078125,11617416
1750275000,322.2099914550781,324.3399963378906,321.75,322.0950012207031,6538903
1750426200,327.80999755859375,332.3599853515625,318.4200134277344,320.193603515625,34193830
1750429800,320.1400146484375,321.0,317.7799987792969,319.7200012207031,14393220
1750433400,319.8034973144531,323.8500061035156,319.8034973144531,323.3450012207031,11305944
1750437000,323.3399963378906,325.9200134277344,321.44000244140625,321.4800109863281,11858956
1750440600,321.4814147949219,324.260009765625,319.70001220703125,323.3550109863281,9721700
1750444200,323.3599853515625,324.6499938964844,320.7207946777344,321.2900085449219,9591097
1750447800,321.28009033203125,322.79998779296875,319.6300964355469,322.1700134277344,7901547
1750685400,330.9383850097656,353.1900939941406,330.510009765625,353.0150146484375,61263949
1750689000,353.0331115722656,357.4700012207031,350.04998779296875,353.3900146484375,35558670
1750692600,353.5199890136719,356.2492980957031,348.1499938964844,349.5,21292404
1750696200,349.4324951171875,351.5,344.3999938964844,351.1199951171875,22949088
1750699800,351.19500732421875,354.8500061035156,350.3266906738281,350.46759033203125,14378647
1750703400,350.5199890136719,352.4784851074219,348.3999938964844,348.75201416015625,12417805
1750707000,348.7349853515625,349.889892578125,346.44000244140625,348.7099914550781,11198543
1750771800,353.4601135253906,354.0168151855469,340.739990234375,341.55999755859375,42681663
1750775400,341.5899963378906,344.8599853515625,340.44000244140625,343.8349914550781,18386088
1750779000,343.75,344.57000732421875,341.6000061035156,342.2200012207031,12081057
1750782600,342.2149963378906,344.3999938964844,341.29998779296875,342.239990234375,9432881
1750786200,342.2099914550781,343.2799987792969,341.1700134277344,342.4599914550781,8426028
1750789800,342.5,343.7099914550781,341.739990234375,341.8500061035156,7579924
1750793400,341.8500061035156,343.6000061035156,340.4800109863281,340.480712890625,8040310
1750858200,341.7900085449219,341.989990234375,320.3999938964844,321.489990234375,46140050
1750861800,321.5299987792969,327.0199890136719,321.07000732421875,326.07000732421875,20513458
1750865400,326.07000732421875,327.1000061035156,324.6807861328125,325.8450012207031,10689391
1750869000,325.8500061035156,327.6099853515625,324.85009765625,326.9849853515625,7522555
1750872600,327.0249938964844,327.19000244140625,324.8399963378906,325.20001220703125,6596218
1750876200,325.20001220703125,328.3900146484375,322.6000061035156,327.5,14143715
1750879800,327.54730224609375,328.0799865722656,326.4700012207031,327.5899963378906,7672390
1750944600,326.54998779296875,331.04998779296875,324.80999755859375,326.18231201171875,25644183
1750948200,325.92999267578125,330.1700134277344,324.2008972167969,325.76129150390625,17040562
1750951800,325.7900085449219,328.8399963378906,325.3900146484375,327.80999755859375,7550519
1750955400,327.8500061035156,329.55999755859375,327.6400146484375,329.00439453125,6599329
1750959000,329.010009765625,329.1300048828125,326.4100036621094,326.77178955078125,6185721
1750962600,326.79998779296875,327.91900634765625,324.75,327.80999755859375,7807367
1750966200,327.7799987792969,328.6600036621094,325.6400146484375,325.7699890136719,6203064
1751031000,324.4700012207031,329.33929443359375,320.07000732421875,326.5400085449219,24310144
1751034600,326.5700988769531,327.6499938964844,324.0907897949219,325.5299987792969,11069127
1751038200,325.57000732421875,326.3800048828125,323.2200012207031,324.739990234375,7324330
1751041800,324.739990234375,325.3695983886719,324.2699890136719,324.5050048828125,6717449
1751045400,324.3904113769531,325.8877868652344,320.6600036621094,320.7560119628906,9696017
1751049000,320.7850036621094,321.95001220703125,317.4949951171875,321.20001220703125,15547078
1751052600,321.1995849609375,323.989990234375,320.8500061035156,323.79998779296875,7513695
1751290200,323.92999267578125,325.57989501953125,317.80999755859375,319.456787109375,23640088
1751293800,319.4750061035156,322.260009765625,319.0799865722656,320.5899963378906,9166933
1751297400,320.5466003417969,322.7629089355469,319.5,320.8999938964844,6947163
1751301000,320.8599853515625,321.3500061035156,319.510009765625,319.8008117675781,5501706
1751304600,319.82000732421875,320.1000061035156,318.1499938964844,318.2300109863281,6290202
1751308200,318.2099914550781,319.28961181640625,316.6000061035156,317.5436096191406,9299221
1751311800,317.489990234375,318.760009765625,316.8800048828125,317.6199951171875,6027666
1751376600,296.25,305.8800048828125,293.2099914550781,303.1899108886719,57483253
1751380200,303.1899108886719,305.0,297.1199951171875,300.7773132324219,22050189
1751383800,300.7049865722656,304.3800048828125,300.2500915527344,303.25,12407710
1751387400,303.20001220703125,304.626708984375,301.95001220703125,302.1000061035156,9504799
1751391000,302.1499938964844,302.25,298.3219909667969,301.0400085449219,14043307
1751394600,301.0,303.1600036621094,300.3299865722656,302.8900146484375,10610815
1751398200,302.9100036621094,304.4299011230469,300.4800109863281,300.7099914550781,10331262
1751463000,312.57501220703125,314.44000244140625,303.82000732421875,311.9200134277344,47456766
1751466600,311.9100036621094,316.8320007324219,310.17999267578125,313.82000732421875,22821767
1751470200,313.8599853515625,314.82000732421875,311.8900146484375,313.3550109863281,10017813
1751473800,313.389892578125,315.9800109863281,312.1199951171875,315.5267028808594,8184714
1751477400,315.527587890625,316.1698913574219,314.0799865722656,315.877197265625,6815402
1751481000,315.86920166015625,316.3800048828125,314.5899963378906,315.4100036621094,8108775
1751484600,315.0849914550781,315.69000244140625,312.68060302734375,315.6499938964844,8588119
1751549400,317.95001220703125,318.0,312.760009765625,313.8731994628906,24503067
1751553000,313.8800048828125,317.8999938964844,312.79998779296875,316.35009765625,14433610
1751556600,316.375,318.45001220703125,315.69000244140625,317.08990478515625,9600374
1751895000,294.4088134765625,296.1499938964844,288.7701110839844,293.17999267578125,53720290
1751898600,293.2200012207031,294.3854064941406,290.55999755859375,292.809814453125,17609979
1751902200,293.0050048828125,294.5199890136719,291.1000061035156,292.6099853515625,11698276
1751905800,292.6007080078125,293.0,291.1499938964844,291.3399963378906,9085336
1751909400,291.30999755859375,294.1499938964844,291.20001220703125,291.3840026855469,9572924
1751913000,291.42999267578125,294.3900146484375,291.3575134277344,293.9715881347656,9909853
1751916600,293.9599914550781,295.5299987792969,293.0,293.9200134277344,10470609
1751981400,296.8800048828125,300.3699951171875,295.6416015625,298.92999267578125,25485595
1751985000,298.95001220703125,304.0494079589844,298.8601989746094,301.9150085449219,19387942
1751988600,301.909912109375,302.989990234375,300.82000732421875,302.25,8552507
1751992200,302.260009765625,302.3999938964844,300.7300109863281,301.5339050292969,7002953
1751995800,301.5199890136719,303.4599914550781,300.42999267578125,302.9299011230469,8442336
1751999400,302.94000244140625,303.5799865722656,296.8599853515625,296.9555969238281,15089755
1752003000,296.9411926269531,298.5150146484375,294.3500061035156,297.8349914550781,13997477
1752067800,297.6050109863281,300.1499938964844,294.760009765625,295.4527893066406,22643247
1752071400,295.4700012207031,296.55999755859375,293.54998779296875,295.92999267578125,15031861
1752075000,295.9700012207031,296.3999938964844,294.3699951171875,294.8500061035156,6776530
1752078600,294.8599853515625,296.17999267578125,294.29998779296875,294.510009765625,5953681
1752082200,294.522705078125,297.1289978027344,293.9100036621094,296.57501220703125,7606437
1752085800,296.5899963378906,297.82000732421875,296.0,296.94000244140625,6656923
1752089400,296.9200134277344,297.7427978515625,295.75,295.82000732421875,7294086
1752154200,300.13018798828125,307.7799987792969,300.0,304.3500061035156,33785270
1752157800,304.3500061035156,306.79998779296875,303.75,304.6860046386719,10949399
1752161400,304.6007995605469,304.92999267578125,303.1199951171875,304.0199890136719,7555008
1752165000,304.0155029296875,304.8799133300781,301.54998779296875,301.8865966796875,8207409
1752168600,301.8830871582031,307.260009765625,301.79998779296875,306.5299987792969,10750123
1752172200,306.52459716796875,310.4800109863281,306.1700134277344,309.239990234375,15157424
1752175800,309.19488525390625,310.29998779296875,308.45001220703125,309.93499755859375,10510130
1752240600,307.6199951171875,311.9100036621094,305.6600036621094,310.97918701171875,20852964
1752244200,310.92999267578125,311.019287109375,306.6400146484375,307.71038818359375,11700813
1752247800,307.7200012207031,310.0199890136719,306.9599914550781,309.85009765625,8213403
1752251400,309.87200927734375,311.57000732421875,309.75,310.8599853515625,7575924
1752255000,310.8399963378906,312.79998779296875,309.8599853515625,311.9599914550781,7360569
1752258600,311.9750061035156,313.4289855957031,310.29998779296875,312.67999267578125,10291474
1752262200,312.6549987792969,314.0899963378906,312.62060546875,313.5,8371920
1752499800,317.7300109863281,322.5986022949219,313.5299987792969,314.24969482421875,27158668
1752503400,314.2200012207031,315.6499938964844,312.6700134277344,314.3800048828125,11019327
1752507000,314.3999938964844,315.53961181640625,313.8800048828125,314.94000244140625,6751162
1752510600,314.92999267578125,316.659912109375,314.7099914550781,315.33758544921875,6665380
1752514200,315.3699951171875,315.92498779296875,312.8500061035156,315.02398681640625,7864917
1752517800,315.0249938964844,316.7650146484375,314.8299865722656,316.3251953125,7517769
1752521400,316.3349914550781,317.2699890136719,315.67999267578125,316.9100036621094,6255543
1752586200,319.67498779296875,321.20001220703125,316.4200134277344,317.6600036621094,21535742
1752589800,317.510009765625,317.5116882324219,312.70001220703125,314.07049560546875,14279261
1752593400,314.1199951171875,315.48431396484375,313.41009521484375,314.32000732421875,7386549
1752597000,314.30999755859375,315.09259033203125,312.80999755859375,314.0799865722656,6146924
1752600600,314.04998779296875,315.239990234375,313.3399963378906,314.6531982421875,5498863
1752604200,314.6195983886719,314.6400146484375,310.5,311.4549865722656,10182641
1752607800,311.4700012207031,312.3800048828125,310.6600036621094,310.6600036621094,6387722
1752672600,312.79998779296875,318.9100036621094,312.6300048828125,318.17999267578125,28056734
1752676200,318.17498779296875,321.1199951171875,317.739990234375,319.5080871582031,19139758
1752679800,319.5050048828125,321.70001220703125,316.0799865722656,321.2049865722656,13345444
1752683400,321.2200012207031,321.55999755859375,319.6099853515625,320.19500732421875,7360546
1752687000,320.2441101074219,320.989990234375,318.6600036621094,319.4800109863281,6952406
1752690600,319.4455871582031,322.95001220703125,319.4455871582031,322.0260925292969,9473650
1752694200,322.0400085449219,323.5,321.3800048828125,321.6700134277344,7666792
1752759000,323.1099853515625,324.3399963378906,319.8999938964844,321.8949890136719,23287077
1752762600,321.8599853515625,323.4710998535156,321.29998779296875,322.1202087402344,9789891
1752766200,322.1300048828125,322.3999938964844,319.75,320.52880859375,9499470
1752769800,320.5260009765625,321.8439025878906,317.69500732421875,319.4599914550781,7203699
1752773400,319.4801025390625,319.6698913574219,317.060302734375,319.010009765625,10048703
1752777000,319.0249938964844,319.8194885253906,318.28009033203125,318.92999267578125,5592454
1752780600,318.9049987792969,319.7099914550781,318.44000244140625,319.3699951171875,5454882
1752845400,322.0,330.7099914550781,321.4200134277344,327.07000732421875,31429456
1752849000,327.0799865722656,329.1000061035156,325.5,327.1606140136719,13983212
1752852600,327.20001220703125,329.0199890136719,327.1300964355469,328.05499267578125,7971654
1752856200,328.0044860839844,328.1099853515625,324.840087890625,327.57000732421875,11164943
1752859800,327.55999755859375,330.8599853515625,327.12060546875,329.80999755859375,10533493
1752863400,329.79998779296875,330.8999938964844,328.7799987792969,328.8399963378906,8622278
1752867000,328.8299865722656,329.8599853515625,328.1000061035156,329.54998779296875,6554328
1753104600,334.3599853515625,338.0,328.5,330.0994873046875,26985026
1753108200,330.1000061035156,330.3299865722656,327.79998779296875,329.1528015136719,11644305
1753111800,329.1199951171875,330.260009765625,326.8800048828125,328.72149658203125,8753831
1753115400,328.7699890136719,330.3599853515625,328.7401123046875,329.7300109863281,6428226
1753119000,329.7200012207031,330.8299865722656,329.1499938964844,329.70001220703125,6012774
1753122600,329.70001220703125,330.30999755859375,327.79998779296875,329.37921142578125,6644113
1753126200,329.3800048828125,329.8500061035156,327.9599914550781,328.5299987792969,4614530
1753191000,329.739990234375,330.4700012207031,321.54998779296875,327.6700134277344,19259194
1753194600,327.6700134277344,331.6000061035156,327.3305969238281,329.6600036621094,12351453
1753198200,329.6499938964844,332.3500061035156,329.4307861328125,330.1400146484375,9253227
1753201800,330.135009765625,332.2300109863281,329.6499938964844,331.8815002441406,6364568
1753205400,331.8599853515625,334.24530029296875,329.8299865722656,333.6449890136719,10487550
1753209000,333.5899963378906,335.4097900390625,333.114990234375,333.5065002441406,10487103
1753212600,333.5,333.7699890136719,332.0,332.0799865722656,5520347
1753277400,330.8699951171875,334.6000061035156,329.010009765625,333.45001220703125,18113998
1753281000,333.44000244140625,334.20001220703125,332.0799865722656,333.1099853515625,9376308
1753284600,333.04010009765625,336.1700134277344,332.75,333.2749938964844,8817832
1753288200,333.2749938964844,333.57000732421875,328.6700134277344,330.8599853515625,9914543
1753291800,330.8559875488281,333.6600036621094,329.4100036621094,332.8192138671875,9327558
1753295400,332.7875061035156,335.70001220703125,332.0,333.81500244140625,10175207
1753299000,333.81500244140625,334.3500061035156,332.0799865722656,333.0,6599207
1753363800,310.06500244140625,310.06500244140625,301.0,303.79998779296875,58076008
1753367400,303.75,305.489990234375,301.30999755859375,302.3052978515625,23008506
1753371000,302.2860107421875,303.3799133300781,300.4100036621094,301.25,15257797
1753374600,301.25,304.989990234375,301.02349853515625,304.2732849121094,12970749
1753378200,304.2799987792969,305.760009765625,302.17999267578125,303.82000732421875,11789127
1753381800,303.81500244140625,306.7099914550781,303.5505065917969,306.6499938964844,12919705
1753385400,306.6400146484375,307.4800109863281,305.0,305.07000732421875,11708131
1753450200,308.739990234375,314.20001220703125,308.010009765625,313.6499938964844,33831108
1753453800,313.67999267578125,318.7300109863281,312.1300048828125,318.4389953613281,19799265
1753457400,318.43170166015625,323.6300048828125,317.7699890136719,323.2900085449219,24842645
1753461000,323.2850036621094,323.29998779296875,317.0,317.7850036621094,19852089
1753464600,317.7900085449219,318.5799865722656,315.3699951171875,318.3900146484375,16300803
1753468200,318.3999938964844,318.5094909667969,312.70001220703125,314.21051025390625,16995740
1753471800,314.239990234375,316.7699890136719,313.80999755859375,316.1050109863281,10074181
1753709400,319.0801086425781,326.3999938964844,315.69000244140625,325.1387939453125,32710654
1753713000,325.1499938964844,328.95001220703125,322.6300048828125,327.3900146484375,19940849
1753716600,327.3999938964844,330.4800109863281,326.75,328.9649963378906,15029955
1753720200,328.97869873046875,329.30999755859375,326.8999938964844,328.1499938964844,10486336
1753723800,328.1600036621094,329.4656066894531,326.1499938964844,326.989990234375,10017533
1753727400,327.0199890136719,328.3699951171875,326.0600891113281,326.2300109863281,8332680
1753731000,326.20709228515625,327.20001220703125,325.3399963378906,325.5400085449219,8039572
1753795800,325.6524963378906,326.25,318.25,319.3299865722656,24067224
1753799400,319.32000732421875,322.6300048828125,318.3699951171875,318.5101013183594,14247050
1753803000,318.5400085449219,322.2250061035156,318.3590087890625,320.5539855957031,13021355
1753806600,320.54998779296875,321.75,319.6499938964844,320.44000244140625,6635866
1753810200,320.42999267578125,323.7799987792969,320.0921936035156,322.6300048828125,9133778
1753813800,322.6300048828125,324.05999755859375,322.20001220703125,322.3800048828125,7726183
1753817400,322.3999938964844,322.5422058105469,320.7699890136719,321.3999938964844,6389846
1753882200,322.19500732421875,324.44989013671875,320.0,322.2149963378906,18151148
1753885800,322.2395935058594,322.3999938964844,316.9100036621094,317.6698913574219,13822394
1753889400,317.6449890136719,319.3900146484375,317.3999938964844,317.68438720703125,8074813
1753893000,317.68438720703125,318.8800048828125,317.3399963378906,317.8660888671875,6002686
1753896600,317.8699951171875,318.8500061035156,315.8550109863281,316.6700134277344,8411105
1753900200,316.6600036621094,317.8298034667969,311.6174011230469,315.5899963378906,16091330
1753903800,315.6099853515625,319.260009765625,315.1400146484375,319.0400085449219,8661054
1753968600,319.7799987792969,321.3699035644531,316.0299987792969,316.2900085449219,17499945
1753972200,316.2900085449219,317.3999938964844,311.5,312.4200134277344,13931655
1753975800,312.44989013671875,314.1000061035156,311.7300109863281,313.5899963378906,9088220
1753979400,313.6000061035156,314.0799865722656,309.5899963378906,309.8840026855469,8250697
1753983000,309.85009765625,311.6499938964844,306.1000061035156,308.43499755859375,13304064
1753986600,308.3900146484375,310.989990234375,308.3301086425781,310.2001037597656,9202235
1753990200,310.2900085449219,310.7464904785156,307.94000244140625,308.19000244140625,6588832
1754055000,306.7200012207031,308.7598876953125,297.82000732421875,304.5450134277344,27589787
1754058600,304.57000732421875,307.364990234375,303.8800048828125,304.8550109863281,11502966
1754062200,304.8550109863281,309.30999755859375,304.75,307.17999267578125,9716761
1754065800,307.19500732421875,307.239990234375,302.739990234375,303.23638916015625,8847095
1754069400,303.2349853515625,304.8599853515625,301.3800048828125,303.29998779296875,10531506
1754073000,303.2615966796875,304.6000061035156,301.1600036621094,301.9800109863281,7831289
1754076600,301.8900146484375,303.6700134277344,301.1000061035156,302.6099853515625,7145836
1754314200,309.05499267578125,312.114990234375,305.55010986328125,309.0400085449219,23374894
1754317800,309.0567932128906,309.07000732421875,303.0000915527344,306.19500732421875,16039049
1754321400,306.1300048828125,308.989990234375,305.6200866699219,308.65008544921875,8853940
1754325000,308.6700134277344,309.75,306.79998779296875,308.489990234375,8158255
1754328600,308.4800109863281,310.1799011230469,307.48699951171875,309.39080810546875,6043622
1754332200,309.385009765625,310.8299865722656,308.92010498046875,308.99249267578125,6327458
1754335800,308.9649963378906,309.95001220703125,308.05999755859375,309.2998962402344,5121919
1754400600,307.2049865722656,312.44989013671875,305.5,307.9649963378906,18192096
1754404200,307.94110107421875,308.4999084472656,305.6199951171875,306.9599914550781,9123703
1754407800,306.8999938964844,308.1899108886719,306.3999938964844,307.0799865722656,5008661
1754411400,307.0295104980469,308.1698913574219,306.0317077636719,308.07000732421875,4816012
1754415000,308.1000061035156,310.9142150878906,308.0013122558594,309.25,7136367
1754418600,309.2699890136719,310.625,308.65008544921875,309.635009765625,5238186
1754422200,309.6600036621094,310.1199951171875,308.4100036621094,308.67999267578125,4602111
1754487000,307.8900146484375,317.3500061035156,306.93450927734375,314.86090087890625,21248663
1754490600,314.8900146484375,319.5,314.5700988769531,318.4949951171875,13465860
1754494200,318.489990234375,319.55999755859375,316.70001220703125,317.2049865722656,9756646
1754497800,317.2049865722656,318.7099914550781,316.2099914550781,318.53350830078125,6401192
1754501400,318.54998779296875,319.75,317.8599853515625,319.5899963378906,7170602
1754505000,319.5799865722656,320.4700012207031,318.8399963378906,319.2951965332031,8317323
1754508600,319.2699890136719,320.135009765625,318.4200134277344,319.9599914550781,6303663
1754573400,319.6099853515625,322.3999938964844,318.1000061035156,319.29998779296875,18459664
1754577000,318.86138916015625,320.2900085449219,317.6199951171875,317.935302734375,9751098
1754580600,317.94000244140625,320.9599914550781,317.67999267578125,320.82501220703125,8224665
1754584200,320.81500244140625,321.15948486328125,317.94000244140625,318.3900146484375,7676656
1754587800,318.3900146484375,318.8500061035156,316.1600036621094,317.34649658203125,6561795
1754591400,317.260009765625,319.1435852050781,316.67999267578125,318.95001220703125,5407177
1754595000,318.94500732421875,322.3599853515625,318.8399963378906,322.2900085449219,6650824
1754659800,321.42999267578125,333.92999267578125,320.9800109863281,331.7908935546875,31363311
1754663400,331.80999755859375,334.989990234375,330.94000244140625,333.19000244140625,16250012
1754667000,333.1600036621094,333.3500061035156,329.9200134277344,330.3192138671875,9348487
1754670600,330.29998779296875,331.760009765625,328.510009765625,328.6600036621094,8177271
1754674200,328.6980895996094,330.45001220703125,328.20001220703125,329.510498046875,6817637
1754677800,329.5299987792969,330.8800048828125,328.4750061035156,328.6300048828125,6954136
1754681400,328.6300048828125,329.7298889160156,327.2200012207031,329.67999267578125,7748147
1754919000,335.0,343.1600036621094,334.1499938964844,341.3349914550781,32449482
1754922600,341.364990234375,344.2900085449219,340.29998779296875,344.07000732421875,14819866
1754926200,344.05499267578125,346.4490051269531,343.3999938964844,346.3900146484375,14047983
1754929800,346.4100036621094,346.6400146484375,342.239990234375,342.4100036621094,10725540
1754933400,342.4115905761719,343.32989501953125,341.6000061035156,342.1600036621094,8329378
1754937000,342.1650085449219,344.0899963378906,340.650390625,341.9700012207031,10520859
1754940600,342.010009765625,342.0799865722656,338.7900085449219,339.18499755859375,8402070
1755005400,345.04998779296875,345.260009765625,332.94000244140625,334.9549865722656,27750007
1755009000,334.95928955078125,338.17999267578125,333.1199951171875,337.2650146484375,12941582
1755012600,337.30999755859375,339.0,336.25,338.031494140625,8193448
1755016200,338.031494140625,340.08990478515625,337.6200866699219,338.7900085449219,7377272
1755019800,338.760009765625,339.6736145019531,337.0299987792969,339.4136962890625,6436199
1755023400,339.42999267578125,341.44989013671875,338.92999267578125,340.8599853515625,7404982
1755027000,340.8800048828125,342.42999267578125,340.3800048828125,340.7550048828125,6284590
1755091800,341.8800048828125,348.9800109863281,340.239990234375,345.08990478515625,23273591
1755095400,345.1000061035156,345.5624084472656,338.54998779296875,340.7850036621094,12224375
1755099000,340.81500244140625,342.3299865722656,340.20001220703125,341.30010986328125,6451030
1755102600,341.29998779296875,341.659912109375,339.25,341.5050048828125,6283472
1755106200,341.5050048828125,341.8197937011719,338.2300109863281,340.2250061035156,6884780
1755109800,340.260009765625,341.4549865722656,339.20001220703125,340.7200012207031,5159534
1755113400,340.760009765625,341.25,339.20001220703125,339.3399963378906,4064061
1755178200,335.760009765625,338.3999938964844,334.80670166015625,337.1650085449219,17215391
1755181800,337.1935119628906,340.46990966796875,331.2821960449219,332.5498962402344,13347549
1755185400,332.5356140136719,333.2900085449219,330.3999938964844,331.4067077636719,12304838
1755189000,331.55999755859375,334.1300048828125,330.8517150878906,333.96270751953125,7861433
1755192600,333.9750061035156,334.5799865722656,332.760009765625,332.9700012207031,6702659
1755196200,332.9460144042969,334.87060546875,332.92999267578125,334.3699951171875,7062040
1755199800,334.3800048828125,336.0299987792969,334.010009765625,335.57000732421875,5623605
1755264600,337.6549987792969,339.29998779296875,331.8500061035156,332.8999938964844,18871909
1755268200,332.885009765625,333.7998962402344,331.8800048828125,332.9057922363281,8164869
1755271800,332.875,333.55499267578125,327.0199890136719,327.94000244140625,12912763
1755275400,327.93499755859375,331.4295959472656,327.93499755859375,330.8999938964844,9426179
1755279000,330.8800964355469,331.69989013671875,329.3399963378906,329.8299865722656,6017263
1755282600,329.8327941894531,330.1199951171875,328.0,329.05999755859375,7713775
1755286200,329.0899963378906,330.6700134277344,328.57000732421875,330.6000061035156,6091565
1755523800,329.5899963378906,334.2698974609375,329.5899963378906,333.69500732421875,17979032
1755527400,333.6700134277344,333.9800109863281,331.79998779296875,333.0249938964844,6680538
1755531000,333.0400085449219,335.349609375,332.70001220703125,334.8334045410156,6114542
1755534600,334.8793029785156,335.2900085449219,333.1700134277344,334.76251220703125,6094697
1755538200,334.7749938964844,335.75,333.66009521484375,334.2300109863281,4912974
1755541800,334.2300109863281,336.2699890136719,334.0400085449219,334.8500061035156,5708419
1755545400,334.82000732421875,335.3299865722656,333.8616943359375,335.1499938964844,4677572
1755610200,335.7900085449219,340.54998779296875,333.29998779296875,338.75,22451810
1755613800,338.82000732421875,339.2799987792969,330.6499938964844,332.1700134277344,15938726
1755617400,332.1499938964844,333.989990234375,331.95001220703125,333.1600036621094,6942597
1755621000,333.1549987792969,333.39990234375,327.8500061035156,329.70001220703125,9513454
1755624600,329.6199951171875,330.8599853515625,329.0,329.70941162109375,5363450
1755628200,329.6650085449219,330.2349853515625,328.0,329.94000244140625,6345459
1755631800,329.8999938964844,330.5899963378906,329.07501220703125,329.32000732421875,4661536
1755696600,329.922607421875,331.3699951171875,316.6600036621094,317.3399963378906,24423830
1755700200,317.3599853515625,320.3900146484375,314.6000061035156,320.0566101074219,14091946
1755703800,320.0299987792969,322.0899963378906,317.489990234375,321.7546081542969,9793867
1755707400,321.760009765625,322.3399963378906,320.0780029296875,321.05499267578125,5893268
1755711000,321.04998779296875,324.05999755859375,319.55010986328125,319.8067932128906,8181865
1755714600,319.79998779296875,323.6700134277344,319.79998779296875,322.9800109863281,6530945
1755718200,322.97088623046875,324.7900085449219,322.6400146484375,323.9150085449219,5150852
1755783000,322.0,324.8999938964844,319.6600036621094,324.239990234375,17132751
1755786600,324.25,324.260009765625,321.1000061035156,321.9006042480469,7350445
1755790200,321.8800048828125,323.20001220703125,320.0400085449219,320.2200012207031,6354906
1755793800,320.2300109863281,321.0899963378906,318.67999267578125,319.3599853515625,6398413
1755797400,319.3299865722656,321.3399963378906,319.1300048828125,320.489990234375,5051208
1755801000,320.5249938964844,322.6000061035156,320.1199951171875,322.0150146484375,5827069
1755804600,322.0299987792969,322.1095886230469,320.0299987792969,320.0400085449219,4170369
1755869400,320.1199951171875,337.4599914550781,319.69000244140625,334.7099914550781,30347060
1755873000,334.760009765625,337.69989013671875,334.6200866699219,335.55999755859375,13700473
1755876600,335.5450134277344,336.3299865722656,333.760009765625,335.11700439453125,7922225
1755880200,335.114990234375,338.3299865722656,335.0675048828125,338.02178955078125,10529920
1755883800,338.0350036621094,338.75,337.1300048828125,338.30999755859375,7311225
1755887400,338.32000732421875,339.54998779296875,338.0201110839844,338.5000915527344,8601614
1755891000,338.510009765625,340.25,337.3399963378906,340.010009765625,9317874
1756128600,338.8900146484375,342.14990234375,335.0299987792969,340.82000732421875,22841923
1756132200,340.7799987792969,343.44000244140625,339.6099853515625,343.3399963378906,10212703
1756135800,343.364990234375,346.4200134277344,343.1400146484375,345.7699890136719,12230959
1756139400,345.7099914550781,348.70001220703125,344.70001220703125,348.34991455078125,10365280
1756143000,348.3500061035156,348.67999267578125,346.05999755859375,346.8299865722656,8939240
1756146600,346.8599853515625,349.5299987792969,346.260009765625,348.4601135253906,9890900
1756150200,348.5,348.7049865722656,346.5,346.5950012207031,7634926
1756215000,345.9700012207031,349.1400146484375,344.29998779296875,346.0899963378906,20712891
1756218600,346.04278564453125,347.7900085449219,345.1400146484375,347.07000732421875,8927284
1756222200,347.0400085449219,347.12701416015625,343.7200012207031,346.2799987792969,8505132
1756225800,346.30999755859375,347.2799987792969,345.7099914550781,347.1000061035156,5829459
1756229400,347.135009765625,347.20989990234375,345.07501220703125,346.94000244140625,5358454
1756233000,346.94000244140625,350.0,346.8999938964844,349.70001220703125,9711597
1756236600,349.7200012207031,351.8999938964844,349.1199951171875,351.7699890136719,9820010
1756301400,351.94000244140625,355.3900146484375,349.7799987792969,352.7532043457031,20984934
1756305000,352.7850036621094,354.1199951171875,351.20001220703125,352.9800109863281,9289833
1756308600,353.010009765625,353.32000732421875,349.156005859375,350.6401062011719,8480485
1756312200,350.635009765625,351.5,350.0,350.9849853515625,5661442
1756315800,350.9873962402344,352.0299987792969,350.30999755859375,351.3399963378906,4580631
1756319400,351.2929992675781,351.79998779296875,349.32000732421875,349.9115905761719,6536458
1756323000,349.9200134277344,351.1000061035156,349.45001220703125,349.5,5456036
1756387800,350.9849853515625,353.54998779296875,344.909912109375,345.0950012207031,18828815
1756391400,345.1099853515625,346.1299133300781,341.6099853515625,341.92999267578125,12406434
1756395000,341.9549865722656,343.25,340.2699890136719,343.20001220703125,10131733
1756398600,343.1700134277344,344.32000732421875,342.44000244140625,343.4549865722656,5722743
1756402200,343.4599914550781,345.20989990234375,343.4599914550781,345.0050048828125,4827917
1756405800,345.0,346.5,343.67999267578125,346.45001220703125,6486520
1756409400,346.44000244140625,346.8699951171875,345.79998779296875,345.79998779296875,5673146
1756474200,347.2300109863281,348.7499084472656,337.4800109863281,339.7091064453125,22126965
1756477800,339.7149963378906,340.16729736328125,337.70001220703125,338.9200134277344,8839259
1756481400,338.90008544921875,339.0899963378906,334.7799987792969,335.8851013183594,12176779
1756485000,335.9100036621094,336.59991455078125,332.6499938964844,333.7449951171875,8565346
1756488600,333.7474060058594,334.4100036621094,332.44000244140625,332.67999267578125,6382419
1756492200,332.69000244140625,333.06988525390625,331.70001220703125,332.114990234375,8068499
1756495800,332.12091064453125,334.4800109863281,332.1156921386719,333.9700012207031,8965451
1756819800,327.0,333.3283996582031,325.6000061035156,332.7550048828125,18522989
1756823400,332.7749938964844,332.7900085449219,327.8999938964844,328.40850830078125,8457833
1756827000,328.3800048828125,329.8689880371094,327.0299987792969,329.25,6914884
1756830600,329.2300109863281,330.3900146484375,328.45001220703125,329.79998779296875,5065715
1756834200,329.82000732421875,330.6400146484375,327.92999267578125,328.17999267578125,5076802
1756837800,328.20001220703125,329.489990234375,327.8699951171875,329.2850036621094,5045024
1756841400,329.2850036621094,329.877197265625,328.94000244140625,329.3699951171875,4153662
1756906200,335.1000061035156,337.30999755859375,328.510009765625,336.0799865722656,23334852
1756909800,336.08990478515625,342.5299987792969,336.010009765625,340.1499938964844,19473135
1756913400,340.1700134277344,343.3299865722656,339.3399963378906,341.7149963378906,10627653
1756917000,341.739990234375,342.5599060058594,340.52191162109375,341.7449951171875,6317426
1756920600,341.7611999511719,342.0299072265625,336.3900146484375,336.82000732421875,8432413
1756924200,336.7900085449219,336.8081970214844,334.6199951171875,335.6278076171875,10187732
1756927800,335.6283874511719,337.1487121582031,334.010009765625,334.0400085449219,6772611
1756992600,336.1700134277344,337.635009765625,331.4800109863281,333.760009765625,19435646
1756996200,333.7349853515625,334.9800109863281,332.4211120605469,334.7909851074219,8847257
1756999800,334.7703857421875,336.1000061035156,332.8601989746094,333.1825866699219,6692219
1757003400,333.20001220703125,335.1050109863281,333.0600891113281,335.0799865722656,4903020
1757007000,335.0516052246094,336.3299865722656,334.7572937011719,335.39910888671875,4814049
1757010600,335.3984069824219,337.7300109863281,335.38861083984375,336.8500061035156,6327169
1757014200,336.8800048828125,338.8900146484375,336.739990234375,338.56451416015625,5320932
1757079000,350.25830078125,355.8699951171875,346.2300109863281,347.8599853515625,41713898
1757082600,347.8699951171875,349.1700134277344,344.68011474609375,348.55999755859375,15547953
1757086200,348.57000732421875,349.5,345.8399963378906,347.793701171875,9176713
1757089800,347.80999755859375,353.0,346.840087890625,352.07501220703125,9524856
1757093400,352.04998779296875,352.2892150878906,349.260009765625,351.17999267578125,9246120
1757097000,351.17999267578125,351.5400085449219,347.864990234375,348.82000732421875,10606400
1757100600,348.83880615234375,351.2699890136719,348.0400085449219,350.79998779296875,7999249
1757338200,354.68798828125,358.0,350.20001220703125,352.3299865722656,24325676
1757341800,352.32000732421875,352.4599914550781,347.45001220703125,349.283203125,12792337
1757345400,349.2799987792969,350.29998779296875,346.6300048828125,348.0,9348763
1757349000,347.9700012207031,348.0899963378906,344.8399963378906,347.42999267578125,8078343
1757352600,347.4800109863281,347.6300048828125,344.8999938964844,346.53851318359375,6495908
1757356200,346.5299987792969,347.2200012207031,345.4800109863281,346.1000061035156,5775860
1757359800,346.1300048828125,346.95001220703125,345.75,346.3999938964844,5156464
1757424600,347.2669982910156,350.760009765625,345.5,346.614990234375,17961191
1757428200,346.6400146484375,347.3699035644531,343.82000732421875,346.3800048828125,9666021
1757431800,346.3500061035156,348.5,346.0705871582031,347.6929931640625,5907576
1757435400,347.69000244140625,348.20001220703125,346.20001220703125,346.894287109375,4794972
1757439000,346.92999267578125,347.8399963378906,345.95001220703125,346.5849914550781,4079299
1757442600,346.6000061035156,347.156005859375,345.70001220703125,346.3500061035156,5327950
1757446200,346.3599853515625,347.20001220703125,346.0849914550781,347.0400085449219,4181752
1757511000,350.70001220703125,352.20001220703125,346.07000732421875,349.1600036621094,17505161
1757514600,349.0899963378906,356.32000732421875,349.07000732421875,354.6702880859375,15561690
1757518200,354.7200012207031,355.79998779296875,353.5,354.2330017089844,6879827
1757521800,354.239990234375,355.3815002441406,352.69000244140625,354.260009765625,6016079
1757525400,354.260986328125,356.2799987792969,353.2099914550781,353.6542053222656,6397367
1757529000,353.639892578125,354.4432067871094,347.1600036621094,347.45001220703125,9736011
1757532600,347.4800109863281,350.260009765625,347.3949890136719,347.7900085449219,6718007
1757597400,350.2200012207031,359.2799072265625,347.6000061035156,358.8800048828125,24289250
1757601000,358.8500061035156,363.29998779296875,357.0199890136719,361.6300048828125,10856523
1757604600,361.6099853515625,363.57000732421875,360.32000732421875,360.40899658203125,19537555
1757608200,360.4100036621094,364.32000732421875,360.17999267578125,364.089111328125,9235800
1757611800,364.0849914550781,367.6400146484375,363.6600036621094,365.260009765625,13779548
1757615400,365.2200012207031,368.3500061035156,364.9200134277344,367.06500244140625,10986615
1757619000,367.07000732421875,368.989990234375,365.82000732421875,368.7950134277344,8326710
1757683800,371.87530517578125,392.4288024902344,371.75,391.7650146484375,53519551
1757687400,391.79998779296875,394.19000244140625,386.8999938964844,388.2250061035156,26676814
1757691000,388.2250061035156,392.6700134277344,387.79998779296875,391.6650085449219,13875018
1757694600,391.6650085449219,395.989990234375,391.0799865722656,393.6000061035156,19010027
1757698200,393.57000732421875,395.5,393.20001220703125,394.95001220703125,12428407
1757701800,394.9750061035156,396.6899108886719,392.6099853515625,393.9800109863281,19328869
1757705400,393.9599914550781,396.5,391.8800964355469,396.0,12162526
1757943000,423.20001220703125,425.69989013671875,414.29998779296875,416.55999755859375,67189807
1757946600,416.54998779296875,424.1272888183594,415.8031921386719,422.3999938964844,19601078
1757950200,422.4100036621094,422.7300109863281,417.4056091308594,418.5,12007689
1757953800,418.510009765625,420.17999267578125,415.7900085449219,417.5249938964844,10289334
1757957400,417.5,418.20001220703125,406.6000061035156,406.6792907714844,16641777
1757961000,406.6600036621094,409.8500061035156,402.43011474609375,407.7300109863281,20903461
1757964600,407.7099914550781,411.239990234375,406.4100036621094,410.2449951171875,10594928
1758029400,414.4949951171875,419.5799865722656,411.42999267578125,416.1700134277344,32714090
1758033000,416.2085876464844,421.1499938964844,416.01129150390625,418.5801086425781,17115869
1758036600,418.6000061035156,420.6300048828125,417.0600891113281,420.1328125,10964806
1758040200,420.1400146484375,422.1199951171875,418.090087890625,418.77508544921875,10772313
1758043800,418.7749938964844,420.1400146484375,417.5,418.875,6886985
1758047400,418.860107421875,420.95001220703125,418.3599853515625,420.5530090332031,7600818
1758051000,420.54998779296875,423.25,420.5,421.54998779296875,9887949
1758115800,415.6050109863281,417.20001220703125,409.6700134277344,412.6200866699219,25362516
1758119400,412.6600036621094,418.6099853515625,411.9200134277344,417.20001220703125,11648950
1758123000,417.1700134277344,419.9595947265625,416.80999755859375,419.5364990234375,7865506
1758126600,419.55499267578125,420.4200134277344,416.6099853515625,419.73260498046875,6866508
1758130200,419.76141357421875,424.69000244140625,411.7699890136719,418.94500732421875,18409039
1758133800,418.9100036621094,427.92999267578125,414.45001220703125,427.135009765625,20703538
1758137400,427.135009765625,428.3121032714844,425.29998779296875,425.5899963378906,10716030
1758202200,428.864990234375,431.54998779296875,421.95001220703125,428.94000244140625,26176824
1758205800,428.9150085449219,432.21990966796875,424.58660888671875,424.7742004394531,13713048
1758209400,424.8299865722656,426.82000732421875,420.8299865722656,422.2121887207031,12120717
1758213000,422.20001220703125,426.32000732421875,421.79998779296875,423.4200134277344,8551866
1758216600,423.3830871582031,424.8500061035156,421.92999267578125,423.20001220703125,6944905
1758220200,423.2449951171875,424.760009765625,420.0,422.4599914550781,7991100
1758223800,422.3800048828125,422.489990234375,416.55999755859375,416.7099914550781,8578246
1758288600,421.9700012207031,429.4700012207031,421.7200012207031,426.7701110839844,30192173
1758292200,426.67999267578125,427.4100036621094,422.5799865722656,423.8244934082031,11591602
1758295800,423.82000732421875,424.9599914550781,421.8699951171875,422.7455139160156,9274622
1758299400,422.7449951171875,424.8800048828125,422.1499938964844,423.53729248046875,6665750
1758303000,423.55499267578125,426.1807861328125,423.0,425.69989013671875,6785589
1758306600,425.6600036621094,426.7099914550781,423.6343994140625,425.9573974609375,6737319
1758310200,426.010009765625,427.0,425.20001220703125,425.8699951171875,6152943
1758547800,431.1600036621094,444.9158935546875,429.1300048828125,444.260009765625,34135635
1758551400,444.34991455078125,444.9798889160156,439.9100036621094,442.5400085449219,12069885
1758555000,442.54998779296875,442.7699890136719,437.7799987792969,438.1496887207031,9340094
1758558600,438.1300048828125,438.510009765625,429.8999938964844,433.0299987792969,14678435
1758562200,432.989990234375,435.04998779296875,432.6000061035156,433.239990234375,8485436
1758565800,433.21160888671875,436.0,433.04998779296875,435.7749938964844,7073459
1758569400,435.8045959472656,436.29998779296875,433.3299865722656,434.0,6180090
1758634200,440.0150146484375,440.9700012207031,431.19171142578125,433.489990234375,17019032
1758637800,433.6000061035156,435.1799011230469,430.875,432.510009765625,8044015
1758641400,432.510009765625,435.46868896484375,432.4100036621094,434.1300048828125,5413128
1758645000,434.1799011230469,436.0400085449219,432.9200134277344,433.6650085449219,6031085
1758648600,433.6199951171875,434.7799987792969,423.7200012207031,425.6400146484375,13088705
1758652200,425.57000732421875,429.1400146484375,425.3399963378906,428.17999267578125,21250231
1758655800,428.2200012207031,429.4599914550781,425.54998779296875,425.8299865722656,6584979
1758720600,429.8299865722656,440.5400085449219,429.03009033203125,440.4544982910156,20691824
1758724200,440.4599914550781,440.464111328125,437.75,439.3299865722656,9278520
1758727800,439.3428955078125,440.5,433.2799987792969,437.1199951171875,10541613
1758731400,437.1300048828125,440.0899963378906,436.6700134277344,439.50689697265625,5749049
1758735000,439.5,440.510009765625,437.7200012207031,439.25,6739611
1758738600,439.4100036621094,443.95001220703125,439.0199890136719,443.4949951171875,9633583
1758742200,443.4700012207031,444.2099914550781,442.1700134277344,442.7699890136719,6702598
1758807000,435.239990234375,435.239990234375,423.41290283203125,429.159912109375,24690464
1758810600,429.1600036621094,430.3598937988281,425.9381103515625,426.8399963378906,9220566
1758814200,426.8299865722656,430.1700134277344,426.75,428.6600036621094,6289679
1758817800,428.7099914550781,429.67999267578125,425.8999938964844,426.9371032714844,5343186
1758821400,426.9100036621094,427.6000061035156,419.0799865722656,424.0299987792969,11524865
1758825000,423.9800109863281,427.0299072265625,423.0,425.79998779296875,7365559
1758828600,425.80499267578125,426.5400085449219,422.9800109863281,423.2300109863281,5175650
1758893400,428.385009765625,434.6000061035156,421.0199890136719,423.30999755859375,22810487
1758897000,423.30999755859375,429.6700134277344,422.4129943847656,429.6127014160156,10193884
1758900600,429.6000061035156,431.42999267578125,427.20001220703125,431.25,7014852
1758904200,431.32000732421875,433.2699890136719,430.3599853515625,433.0899963378906,5886172
1758907800,433.0906066894531,439.8699951171875,432.7405090332031,439.79998779296875,10396706
1758911400,439.7900085449219,440.25,437.260009765625,439.4100036621094,9460104
1758915000,439.4599914550781,440.4700012207031,437.9100036621094,440.4198913574219,6673146
1759152600,444.3550109863281,450.9800109863281,441.1499938964844,443.7950134277344,23576012
1759156200,443.8699951171875,445.239990234375,440.80999755859375,442.2650146484375,8550547
1759159800,442.32000732421875,442.55999755859375,439.5,441.88031005859375,7604385
1759163400,441.95001220703125,442.7300109863281,439.67999267578125,441.760009765625,5096735
1759167000,441.8299865722656,443.8500061035156,441.0799865722656,443.1449890136719,4868455
1759170600,443.1499938964844,443.84930419921875,440.3999938964844,440.75,4688920
1759174200,440.760009765625,443.6400146484375,440.7190856933594,443.2099914550781,3918174
1759239000,441.5899963378906,443.57989501953125,436.7099914550781,438.6600036621094,14153282
1759242600,438.6449890136719,440.7998962402344,436.7799987792969,437.9750061035156,7401204
1759246200,437.92999267578125,438.3500061035156,433.1199951171875,434.8900146484375,7672621
1759249800,434.79998779296875,437.9200134277344,434.7900085449219,437.4599914550781,4698599
1759253400,437.5,444.4100036621094,436.4497985839844,443.3900146484375,7500932
1759257000,443.3500061035156,444.25,441.2550048828125,444.0400085449219,7490436
1759260600,444.0299987792969,445.0,443.0,444.5400085449219,5238816
1759325400,443.739990234375,456.2900085449219,440.760009765625,455.6700134277344,22939924
1759329000,455.69500732421875,458.8699951171875,453.1199951171875,454.8550109863281,12718795
1759332600,454.8500061035156,456.42999267578125,452.4800109863281,456.2099914550781,6736158
1759336200,456.25,459.1000061035156,455.54998779296875,458.4700012207031,8551058
1759339800,458.4830017089844,461.1866149902344,457.8999938964844,459.3598937988281,24496802
1759343400,459.3456115722656,461.42999267578125,459.1900939941406,460.19500732421875,8283212
1759347000,460.2200012207031,462.2900085449219,459.010009765625,459.4700012207031,8367870
1759411800,470.5400085449219,470.75,453.3800048828125,454.75,44827170
1759415400,454.74700927734375,456.04998779296875,449.340087890625,450.3039855957031,17800295
1759419000,450.3492126464844,451.1400146484375,444.7300109863281,447.38299560546875,16576158
1759422600,447.37200927734375,447.79998779296875,441.4599914550781,445.8900146484375,13221154
1759426200,445.8900146484375,446.7799987792969,439.0799865722656,441.2484130859375,13814391
1759429800,441.19110107421875,444.20001220703125,438.45001220703125,442.7799987792969,12917989
1759433400,442.7850036621094,443.0400085449219,435.57000732421875,435.9700012207031,11471953
1759498200,443.2850036621094,446.7699890136719,427.79998779296875,428.1300048828125,34831930
1759501800,428.1199951171875,431.6899108886719,424.7200012207031,430.82000732421875,23119722
1759505400,430.8349914550781,431.84991455078125,426.8399963378906,427.9400939941406,11629010
1759509000,428.0,428.29998779296875,419.55999755859375,420.93499755859375,16584375
1759512600,420.92999267578125,424.3900146484375,416.57501220703125,424.24249267578125,16636800
1759516200,424.260009765625,429.2398986816406,421.5400085449219,428.1650085449219,15598449
1759519800,428.17498779296875,430.2273864746094,426.5889892578125,429.8399963378906,9199674
1759757400,440.9100036621094,447.0400085449219,436.82000732421875,443.0592956542969,28035298
1759761000,443.0450134277344,447.42999267578125,442.590087890625,446.07000732421875,11299527
1759764600,446.1099853515625,448.8599853515625,444.70111083984375,448.0,9690004
1759768200,448.0,449.989990234375,447.2300109863281,448.80950927734375,6834800
1759771800,448.7950134277344,449.7864990234375,447.79998779296875,449.3550109863281,5269533
1759775400,449.3949890136719,453.5198974609375,449.30621337890625,452.0899963378906,9913100
1759779000,452.1000061035156,453.54998779296875,449.82000732421875,453.3599853515625,7434737
1759843800,447.8599853515625,452.67999267578125,442.2930908203125,447.37249755859375,22299936
1759847400,447.42999267578125,448.9800109863281,439.7699890136719,443.5799865722656,13225428
1759851000,443.423095703125,443.8192138671875,436.3210144042969,443.072509765625,11589608
1759854600,443.07000732421875,448.93011474609375,442.9566955566406,448.6499938964844,8457802
1759858200,448.6000061035156,450.19989013671875,442.5201110839844,443.52740478515625,9851760
1759861800,443.4767150878906,445.1700134277344,432.79998779296875,434.6180114746094,19569242
1759865400,434.6099853515625,438.05999755859375,432.4501037597656,432.8699951171875,9974029
1759930200,437.75799560546875,437.7699890136719,425.2300109863281,434.54998779296875,24367840
1759933800,434.54998779296875,436.19000244140625,431.40008544921875,433.9800109863281,9184169
1759937400,433.93310546875,435.3125,432.1401062011719,433.89959716796875,6091445
1759941000,433.95001220703125,436.9989929199219,432.9599914550781,435.7025146484375,5884273
1759944600,435.739990234375,441.3299865722656,434.1499938964844,438.2699890136719,8632119
1759948200,438.2900085449219,439.7528991699219,435.80999755859375,437.93499755859375,7060812
1759951800,437.8399963378906,440.0899963378906,437.4800109863281,438.6000061035156,5391436
1760016600,431.70001220703125,434.3399963378906,427.510009765625,432.5840148925781,19222511
1760020200,432.5799865722656,432.5799865722656,426.17999267578125,429.385009765625,12787872
1760023800,429.385009765625,431.9100036621094,428.70001220703125,431.8599853515625,6164105
1760027400,431.8900146484375,434.0,429.2200927734375,429.80999755859375,8538387
1760031000,429.739990234375,432.1099853515625,427.4590148925781,431.4800109863281,7098944
1760034600,431.4700012207031,436.2594909667969,431.4580078125,435.385009765625,7824678
1760038200,435.4049987792969,436.3500061035156,434.40008544921875,435.5299987792969,4845282
1760103000,436.5,443.1300048828125,433.30999755859375,437.04998779296875,19924512
1760106600,437.1000061035156,440.25,423.0,424.5899963378906,19593847
1760110200,424.5899963378906,426.5199890136719,416.010009765625,421.3999938964844,19462042
1760113800,421.4800109863281,422.4267883300781,415.44000244140625,419.55999755859375,12629219
1760117400,419.4200134277344,420.34991455078125,417.16619873046875,418.9540100097656,7677872
1760121000,418.9100036621094,419.4800109863281,413.3699951171875,414.2900085449219,10345558
1760124600,414.3500061035156,416.1600036621094,411.45001220703125,413.29998779296875,10787182
1760362200,423.70001220703125,426.510009765625,419.70001220703125,423.364990234375,19405392
1760365800,423.3500061035156,428.989990234375,420.92999267578125,425.82501220703125,12659255
1760369400,425.760009765625,428.4100036621094,424.5400085449219,426.69000244140625,6817408
1760373000,426.7300109863281,429.32989501953125,425.6099853515625,429.0083923339844,5877327
1760376600,429.0199890136719,436.8900146484375,428.42999267578125,435.95001220703125,11616442
1760380200,435.92999267578125,436.3799133300781,431.6400146484375,433.20001220703125,9823498
1760383800,433.1099853515625,436.29998779296875,432.54998779296875,435.8999938964844,6835398
1760448600,426.7900085449219,426.8299865722656,417.8599853515625,424.79998779296875,22693211
1760452200,424.7699890136719,425.4200134277344,421.93011474609375,423.9100036621094,8541924
1760455800,423.9999084472656,431.6000061035156,423.7300109863281,430.6474914550781,10237214
1760459400,430.6340026855469,434.20001220703125,428.8800048828125,432.23919677734375,8942465
1760463000,432.260009765625,434.14990234375,430.6400146484375,433.54998779296875,5036215
1760466600,433.5799865722656,433.80999755859375,430.5,432.3949890136719,5808925
1760470200,432.3974914550781,432.4800109863281,426.8800048828125,429.2300109863281,6672158
1760535000,434.79998779296875,440.510009765625,429.70001220703125,439.44000244140625,19514905
1760538600,439.5199890136719,440.44000244140625,433.5675964355469,437.3299865722656,12743079
1760542200,437.3590087890625,438.04998779296875,431.2401123046875,434.79998779296875,8925894
1760545800,434.67010498046875,435.3900146484375,426.3301086425781,428.68499755859375,9161059
1760549400,428.7749938964844,433.17999267578125,428.44000244140625,432.0299987792969,6659068
1760553000,432.07000732421875,435.2699890136719,431.789306640625,434.85198974609375,6306390
1760556600,434.864990234375,435.42999267578125,432.4599914550781,435.19000244140625,5068441
1760621400,434.75,437.30999755859375,431.75,435.7799987792969,16324487
1760625000,435.8900146484375,439.3500061035156,434.6400146484375,435.57989501953125,10443659
1760628600,435.3999938964844,436.2099914550781,429.1099853515625,429.67999267578125,10487128
1760632200,429.6235046386719,431.9779968261719,425.80999755859375,431.04998779296875,10963606
1760635800,430.9200134277344,431.6499938964844,423.1400146484375,423.5799865722656,9237584
1760639400,423.70001220703125,428.4700012207031,421.3100891113281,425.3299865722656,9797672
1760643000,425.29998779296875,430.4352111816406,424.5,428.5849914550781,6203113
1760707800,425.5,440.75,423.6000061035156,439.1549987792969,27510518
1760711400,439.1600036621094,439.3699951171875,431.3395080566406,433.2434997558594,14355110
1760715000,433.3599853515625,439.3299865722656,430.80999755859375,438.7699890136719,10699527
1760718600,438.6700134277344,439.04998779296875,434.89581298828125,436.55999755859375,7586702
1760722200,436.635009765625,440.3999938964844,436.1099853515625,439.510009765625,8969950
1760725800,439.510009765625,441.455810546875,437.04998779296875,439.3999938964844,8956957
1760729400,439.42999267578125,439.8999938964844,437.6499938964844,439.2699890136719,6909285
1760967000,443.7875061035156,449.79998779296875,441.110107421875,445.4800109863281,21214043
1760970600,445.4100036621094,445.7298889160156,440.6099853515625,443.03009033203125,9333158
1760974200,443.05999755859375,447.2499084472656,441.9100036621094,444.1600036621094,8049449
1760977800,444.1679992675781,445.1499938964844,441.9100036621094,443.2513122558594,4914807
1760981400,443.2178955078125,445.6300048828125,442.52081298828125,444.4714050292969,5164338
1760985000,444.4844970703125,446.8999938964844,443.9599914550781,446.57000732421875,5876103
1760988600,446.5799865722656,447.9779968261719,446.3500061035156,447.3500061035156,5024663
1761053400,445.7550048828125,448.75,442.04998779296875,444.75,16515704
1761057000,444.70001220703125,447.1000061035156,443.70001220703125,446.289306640625,7368728
1761060600,446.25,449.29998779296875,445.44000244140625,448.2900085449219,7733851
1761064200,448.30999755859375,448.989990234375,444.75201416015625,445.697998046875,5859291
1761067800,445.6716003417969,446.5,444.32000732421875,445.6169128417969,4753623
1761071400,445.6000061035156,446.20989990234375,444.9700012207031,445.2699890136719,3987488
1761075000,445.2300109863281,446.54998779296875,442.5,442.510009765625,4988781
1761139800,443.45001220703125,445.39990234375,433.3999938964844,434.1499938964844,16249140
1761143400,434.0635070800781,438.0899963378906,431.875,433.25,12877784
1761147000,433.29998779296875,436.3599853515625,432.2799987792969,433.94000244140625,7629534
1761150600,433.9364929199219,435.0899963378906,429.0,432.92498779296875,8534068
1761154200,432.92999267578125,433.8500061035156,429.54998779296875,433.7200012207031,7140246
1761157800,433.7200012207031,438.3900146484375,433.0,437.7749938964844,9558207
1761161400,437.79998779296875,439.5899963378906,437.0299987792969,438.8399963378906,7018353
1761226200,420.1000061035156,426.1600036621094,413.8999938964844,424.45989990234375,35801507
1761229800,424.42999267578125,431.8800048828125,420.5,430.8900146484375,16204170
1761233400,430.864990234375,436.7300109863281,430.760009765625,436.3500061035156,12023978
1761237000,436.4010925292969,449.39990234375,436.2300109863281,446.15008544921875,23969729
1761240600,446.135009765625,448.4200134277344,442.989990234375,448.2582092285156,12103933
1761244200,448.31988525390625,448.8399963378906,441.55999755859375,446.8399963378906,11364161
1761247800,446.7626037597656,449.29998779296875,445.9100036621094,448.9949951171875,9908004
1761312600,446.9800109863281,451.67999267578125,439.510009765625,440.968994140625,28096501
1761316200,440.8999938964844,441.489990234375,437.8399963378906,441.2669982910156,12400737
1761319800,441.239990234375,441.3699951171875,437.0700988769531,437.4289855957031,9054137
1761323400,437.4280090332031,437.8800048828125,434.510009765625,435.1736145019531,10244909
1761327000,435.1600036621094,436.4200134277344,432.8800048828125,433.4668884277344,9448147
1761330600,433.4778137207031,433.70001220703125,430.5,433.2669982910156,11687277
1761334200,433.25079345703125,434.1400146484375,430.1700134277344,433.5899963378906,8407232
1761571800,439.8900146484375,449.5899963378906,438.69000244140625,449.1498107910156,25075639
1761575400,449.1839904785156,455.19000244140625,445.6099853515625,454.0799865722656,16060952
1761579000,454.0650939941406,457.2200012207031,453.5799865722656,456.05499267578125,14599157
1761582600,456.07000732421875,459.1499938964844,455.510009765625,458.0,10260513
1761586200,457.9800109863281,460.1600036621094,456.79998779296875,456.8800048828125,9841184
1761589800,456.9200134277344,457.8793029785156,447.260009765625,448.29559326171875,15384512
1761593400,448.2898864746094,453.8999938964844,447.6000061035156,452.3500061035156,8671159
1761658200,454.6000061035156,464.7799987792969,451.6000061035156,463.260009765625,25284552
1761661800,463.2898864746094,465.29998779296875,460.1874084472656,464.4100036621094,11598781
1761665400,464.3699951171875,466.489990234375,463.010009765625,465.8851013183594,9309552
1761669000,465.8550109863281,467.0,462.6618957519531,464.2099914550781,7544455
1761672600,464.20001220703125,465.0400085449219,458.57000732421875,462.4549865722656,11148732
1761676200,462.4549865722656,462.56988525390625,459.3299865722656,461.92010498046875,6631940
1761679800,461.9700012207031,463.1199951171875,458.6700134277344,460.5400085449219,5463844
1761744600,462.42498779296875,465.70001220703125,457.92999267578125,461.8705139160156,18452969
1761748200,461.8550109863281,462.1600036621094,456.7900085449219,458.8734130859375,9342977
1761751800,458.8900146484375,459.5,457.5516052246094,459.3599853515625,5431705
1761755400,459.3599853515625,462.0,458.57000732421875,459.0,5022214
1761759000,458.8800048828125,462.95001220703125,458.55999755859375,460.731689453125,7086248
1761762600,460.7300109863281,462.07000732421875,452.6499938964844,461.1250915527344,13614810
1761766200,461.1300048828125,461.9200134277344,459.2300109863281,461.4700012207031,5581970
1761831000,451.04998779296875,455.0606994628906,443.8800048828125,444.4200134277344,15599444
1761834600,444.3599853515625,446.489990234375,441.79998779296875,442.614990234375,9005817
1761838200,442.5873107910156,445.57000732421875,439.6099853515625,445.139892578125,7947969
1761841800,445.1400146484375,446.75,443.2799987792969,445.8799133300781,4737578
1761845400,445.8034973144531,445.8699951171875,441.8200988769531,442.76800537109375,3680472
1761849000,442.7699890136719,444.07989501953125,440.79998779296875,441.94500732421875,4549305
1761852600,441.9800109863281,443.0,440.0,440.07000732421875,3932980
1761917400,446.7300109863281,456.2099914550781,446.1000061035156,455.010009765625,15092292
1761921000,455.04998779296875,457.7278137207031,453.7300109863281,456.32550048828125,8122712
1761924600,456.2799987792969,456.6400146484375,450.510009765625,453.8799133300781,7637331
1761928200,453.8399963378906,454.3999938964844,443.68548583984375,444.7795104980469,7966750
1761931800,444.7200012207031,453.6000061035156,444.5,452.42999267578125,7803484
1761935400,452.4800109863281,454.3999938964844,450.6806945800781,454.0899963378906,6805104
1761939000,454.1400146484375,456.8800048828125,453.1099853515625,456.5199890136719,5309239
1762180200,455.989990234375,474.07000732421875,453.8800048828125,469.0799865722656,22611538
1762183800,469.07000732421875,473.1700134277344,466.7200012207031,468.94989013671875,10073726
1762187400,468.94500732421875,469.94000244140625,465.3059997558594,467.1171875,7986318
1762191000,467.1099853515625,470.7898864746094,466.7587890625,468.306396484375,5405468
1762194600,468.30999755859375,469.0,464.6499938964844,465.90899658203125,5102787
1762198200,465.9150085449219,470.72119140625,465.4100036621094,469.32000732421875,6454635
1762201800,469.3500061035156,470.27880859375,468.2200012207031,468.42999267578125,4240033
1762266600,454.3699951171875,460.2200012207031,447.69000244140625,458.0931091308594,18281155
1762270200,458.125,458.9798889160156,451.05010986328125,452.79998779296875,7977294
1762273800,452.79998779296875,454.6593933105469,448.1000061035156,450.7799987792969,7083157
1762277400,450.79998779296875,451.3399963378906,446.3699951171875,447.6000061035156,6965218
1762281000,447.5799865722656,451.5400085449219,446.34100341796875,449.3299865722656,6405753
1762284600,449.2799987792969,449.42999267578125,443.8599853515625,448.5,7363652
1762288200,448.5199890136719,449.4617004394531,443.80999755859375,444.2300109863281,5665507
1762353000,451.9200134277344,455.3900146484375,440.7099914550781,442.5450134277344,18078553
1762356600,442.5,451.5,442.25,450.94000244140625,7401407
1762360200,450.9399108886719,453.3299865722656,450.05999755859375,452.6099853515625,6516652
1762363800,452.6400146484375,458.20001220703125,452.29998779296875,457.9576110839844,5620079
1762367400,457.9735107421875,464.7699890136719,457.1000061035156,462.035400390625,9024313
1762371000,462.0,466.32989501953125,460.8399963378906,461.6300048828125,8152952
1762374600,461.6200866699219,462.7699890136719,459.6401062011719,462.25,5650818
1762439400,461.9599914550781,467.45001220703125,450.92999267578125,451.5198974609375,20192466
1762443000,451.57000732421875,452.260009765625,437.6400146484375,441.114990234375,13412792
1762446600,441.0899963378906,443.9599914550781,435.0899963378906,439.9988098144531,11829453
1762450200,439.9700012207031,447.739990234375,439.53070068359375,446.8299865722656,8344629
1762453800,446.82000732421875,451.25,446.29998779296875,451.1799011230469,9503219
1762457400,451.0899963378906,451.4599914550781,446.67010498046875,449.10009765625,8067924
1762461000,449.1099853515625,449.8599853515625,444.18499755859375,446.1099853515625,5949251
1762525800,437.8900146484375,437.9425048828125,423.3999938964844,434.2250061035156,25340627
1762529400,434.2250061035156,434.8599853515625,426.2900085449219,428.239990234375,10041263
1762533000,428.19000244140625,429.2799987792969,421.8800048828125,428.7434997558594,9926006
1762536600,428.7550048828125,429.8900146484375,424.44000244140625,429.8075866699219,6341342
1762540200,429.8099060058594,433.8900146484375,429.1000061035156,432.4059143066406,6470793
1762543800,432.44000244140625,437.6000061035156,431.010986328125,431.07659912109375,8798520
1762547400,431.1571960449219,432.3500061035156,428.1700134277344,429.3800048828125,5689978
1762785000,439.6300048828125,445.34991455078125,433.3599853515625,444.79998779296875,18250761
1762788600,444.75,449.6715087890625,442.2300109863281,446.8800048828125,10787934
1762792200,446.8500061035156,449.42999267578125,444.32000732421875,446.2099914550781,7231818
1762795800,446.2300109863281,448.70001220703125,444.45001220703125,444.5950012207031,4827067
1762799400,444.58221435546875,447.70001220703125,442.0799865722656,446.4700012207031,6468919
1762803000,446.510009765625,447.1505126953125,443.7699890136719,444.6105041503906,4826090
1762806600,444.5799865722656,446.04998779296875,443.54998779296875,445.260009765625,4032161
1762871400,439.3999938964844,442.489990234375,434.82000732421875,435.2665100097656,13387275
1762875000,435.32000732421875,436.3999938964844,432.739990234375,433.3699951171875,8678369
1762878600,433.3699951171875,435.4200134277344,432.3599853515625,433.9206848144531,6055282
1762882200,433.9700012207031,436.7099914550781,433.2300109863281,435.8301086425781,5069321
1762885800,435.8599853515625,437.7200012207031,434.08221435546875,437.375,4577265
1762889400,437.3995056152344,437.8500061035156,436.0,436.9800109863281,4225128
1762893000,436.9700012207031,440.45989990234375,436.4100036621094,439.3999938964844,4057469
1762957800,442.1099853515625,442.3290100097656,430.8999938964844,433.4432067871094,12428126
1762961400,433.3514099121094,433.659912109375,427.42999267578125,430.1787109375,8695506
1762965000,430.1099853515625,431.92999267578125,426.55999755859375,430.3699951171875,5924992
1762968600,430.3299865722656,432.3299865722656,429.5299987792969,431.4292907714844,4144114
1762972200,431.3900146484375,431.889892578125,429.6650085449219,430.38079833984375,3525640
1762975800,430.4700012207031,431.3299865722656,429.0,431.239990234375,4170233
1762979400,431.25,432.75,430.07000732421875,430.6199951171875,3458286
1763044200,423.17498779296875,424.5,408.55999755859375,410.3456115722656,22016417
1763047800,410.3900146484375,410.8699951171875,404.1300048828125,407.0799865722656,14310459
1763051400,407.0899963378906,407.8999938964844,400.5600891113281,403.5400085449219,12228019
1763055000,403.5299987792969,404.5799865722656,397.60009765625,398.3599853515625,11873308
1763058600,398.3599853515625,402.94000244140625,396.42010498046875,402.6925048828125,10567231
1763062200,402.6000061035156,403.57000732421875,398.2699890136719,402.2099914550781,10251092
1763065800,402.2099914550781,404.3299865722656,399.30999755859375,401.9010009765625,6886920
1763130600,386.239990234375,400.57000732421875,382.7799987792969,399.8800048828125,27474358
1763134200,400.0098876953125,410.32000732421875,398.2200012207031,408.3900146484375,14924250
1763137800,408.3699951171875,412.19000244140625,406.8900146484375,408.8099060058594,9739997
1763141400,408.80999755859375,410.57000732421875,404.8699951171875,405.92999267578125,7223070
1763145000,405.8900146484375,409.3299865722656,404.5299987792969,408.510009765625,6624753
1763148600,408.5,410.4200134277344,405.8900146484375,406.7200012207031,5887553
1763152200,406.6600036621094,407.07000732421875,403.5299987792969,404.3299865722656,4812946
1763389800,398.8900146484375,417.5899963378906,398.8309020996094,415.7499084472656,21181392
1763393400,415.6600036621094,418.8299865722656,412.82000732421875,418.75,11186316
1763397000,418.7300109863281,423.9599914550781,418.45001220703125,419.55999755859375,10730502
1763400600,419.6300048828125,419.8500061035156,411.239990234375,412.32000732421875,10016127
1763404200,412.2799987792969,413.82000732421875,406.8399963378906,408.9100036621094,9563571
1763407800,408.8800048828125,409.54998779296875,404.80999755859375,406.82000732421875,8473321
1763411400,406.8399963378906,409.79998779296875,404.92999267578125,408.9800109863281,5620139
1763476200,405.3800048828125,408.8999938964844,393.7099914550781,396.7200012207031,20165088
1763479800,396.7113037109375,405.2698974609375,394.6099853515625,404.0799865722656,10391383
1763483400,404.05499267578125,405.8500061035156,401.44000244140625,402.0899963378906,7130397
1763487000,402.07000732421875,408.6000061035156,401.260009765625,404.1036071777344,7536167
1763490600,404.0849914550781,406.3999938964844,402.010009765625,402.8699951171875,5903386
1763494200,402.8900146484375,406.6000061035156,400.7900085449219,402.1300048828125,5999859
1763497800,402.1499938964844,403.4916076660156,401.0,401.260009765625,4077679
1763562600,406.2099914550781,411.7799987792969,400.401611328125,410.9649963378906,15801818
1763566200,410.9649963378906,411.29998779296875,403.5899963378906,408.9241027832031,10137690
1763569800,408.93499755859375,409.4808044433594,401.5799865722656,403.0,7116508
1763573400,402.9200134277344,404.4200134277344,398.5,400.235107421875,6709017
1763577000,400.2099914550781,403.5799865722656,399.8599853515625,400.7250061035156,4530387
1763580600,400.6925964355469,406.0,400.1700134277344,404.60650634765625,5546428
1763584200,404.5799865722656,405.5398864746094,401.75,404.07000732421875,3623899
1763649000,414.6300048828125,428.1494140625,414.6300048828125,427.8081970214844,21450375
1763652600,427.8688049316406,428.94000244140625,417.1199951171875,418.3124084472656,13485983
1763656200,418.2799987792969,419.1099853515625,401.55999755859375,404.19500732421875,14939546
1763659800,404.1199951171875,408.1600036621094,398.4800109863281,405.20001220703125,12006142
1763663400,405.19000244140625,405.79998779296875,397.3900146484375,402.3778076171875,8431932
1763667000,402.3299865722656,404.57989501953125,398.0400085449219,399.739990234375,7190236
1763670600,399.7799987792969,400.6300048828125,394.7449951171875,395.07000732421875,6292243
1763735400,402.2950134277344,402.6839904785156,387.79998779296875,388.206298828125,19732698
1763739000,388.2099914550781,391.510009765625,383.760009765625,391.3800964355469,12712321
1763742600,391.4700012207031,401.2099914550781,389.7481994628906,400.375,12205100
1763746200,400.3900146484375,402.25,393.1701965332031,394.6400146484375,8240202
1763749800,394.6400146484375,402.32000732421875,394.3800048828125,401.70001220703125,8102757
1763753400,401.739990234375,402.010009765625,395.7099914550781,395.7904968261719,6210947
1763757000,395.760009765625,397.6000061035156,390.57000732421875,391.20001220703125,5420120
1763994600,402.1600036621094,416.25,401.2300109863281,414.69000244140625,21508410
1763998200,414.6650085449219,419.69000244140625,413.8999938964844,417.5600891113281,10991554
1764001800,417.55999755859375,420.3699951171875,416.6900939941406,418.95001220703125,7878639
1764005400,418.8999938964844,420.489990234375,418.010009765625,418.6000061035156,5343197
1764009000,418.6099853515625,421.7099914550781,418.1199951171875,419.25,5804149
1764012600,419.29998779296875,419.5,416.0,417.0799865722656,7144525
1764016200,417.0199890136719,421.45001220703125,416.6499938964844,417.5899963378906,5876049
1764081000,414.4100036621094,415.19000244140625,405.95001220703125,408.51849365234375,17268891
1764084600,408.489990234375,412.6650085449219,408.05029296875,412.4751892089844,8110342
1764088200,412.4949951171875,419.1300048828125,412.3999938964844,418.4200134277344,9228841
1764091800,418.4010009765625,420.4800109863281,417.2101135253906,418.6199951171875,5874250
1764095400,418.6300048828125,418.9700012207031,415.5199890136719,416.9700927734375,4625001
1764099000,416.9729919433594,418.4599914550781,414.6099853515625,417.54998779296875,5117371
1764102600,417.5799865722656,420.1600036621094,417.4700012207031,419.30999755859375,4224099
1764167400,423.9825134277344,425.5199890136719,416.8900146484375,419.5372009277344,15057444
1764171000,419.5504150390625,421.30999755859375,417.5,419.17999267578125,6789375
1764174600,419.29998779296875,421.8500061035156,418.2349853515625,420.7799987792969,5361915
1764178200,420.82000732421875,424.0899963378906,420.239990234375,423.5299987792969,5537855
1764181800,423.510009765625,426.409912109375,422.0199890136719,426.3114929199219,5628082
1764185400,426.30999755859375,426.4200134277344,423.32000732421875,425.1213073730469,5259126
1764189000,425.125,426.94000244140625,424.0,426.4750061035156,3985623
1764340200,426.4700012207031,432.92999267578125,426.20001220703125,427.3727111816406,12060539
1764343800,427.41949462890625,432.3800048828125,426.79998779296875,429.1600036621094,7093085
1764347400,429.1910095214844,430.3399963378906,428.45001220703125,429.71990966796875,4454518
1764599400,425.3500061035156,433.659912109375,425.29998779296875,428.29998779296875,14150394
1764603000,428.3163146972656,429.69000244140625,425.79998779296875,427.1299133300781,7086446
1764606600,427.0899963378906,429.55999755859375,426.6199951171875,429.1465148925781,4364528
1764610200,429.1300048828125,431.1099853515625,428.7900085449219,429.2799987792969,4514670
1764613800,429.31500244140625,429.3800048828125,427.010009765625,427.84820556640625,3860028
1764617400,427.7799987792969,428.8800048828125,426.32000732421875,428.82000732421875,4294187
1764621000,428.8399963378906,430.2998962402344,428.5400085449219,430.2998962402344,3692648
1764685800,430.9599914550781,436.79998779296875,427.739990234375,429.80999755859375,16409291
1764689400,429.864990234375,431.9700012207031,423.0899963378906,424.1997985839844,10380589
1764693000,424.1499938964844,426.2099914550781,422.1199951171875,425.51800537109375,6772953
1764696600,425.5299987792969,425.80999755859375,423.0,425.1195068359375,4296750
1764700200,425.0,427.57000732421875,424.05999755859375,426.82000732421875,4615365
1764703800,426.82000732421875,431.05999755859375,426.75,430.3900146484375,5926911
1764707400,430.3800048828125,430.5,428.9200134277344,429.010009765625,3325433
1764772200,431.8450012207031,442.6099853515625,431.1174011230469,441.2699890136719,20763558
1764775800,441.260009765625,444.3800048828125,437.75,439.50201416015625,10353635
1764779400,439.510009765625,442.30999755859375,439.19000244140625,441.29998779296875,6671392
1764783000,441.2799987792969,443.30499267578125,440.9700012207031,443.2799987792969,4184334
1764786600,443.29998779296875,447.9142150878906,442.6099853515625,446.9700012207031,8258123
1764790200,446.9700012207031,447.7699890136719,445.0299987792969,446.29998779296875,6411914
1764793800,446.2900085449219,447.2699890136719,445.2799987792969,446.8800048828125,4466139
1764858600,449.6000061035156,454.625,445.3900146484375,448.510009765625,19682343
1764862200,448.5299987792969,451.7099914550781,446.80999755859375,448.6300048828125,7780737
1764865800,448.5400085449219,450.79998779296875,448.30999755859375,449.80999755859375,5170784
1764869400,449.8299865722656,449.8760070800781,446.6000061035156,448.4599914550781,4446686
1764873000,448.4599914550781,449.3900146484375,446.20001220703125,447.5350036621094,4004408
1764876600,447.5199890136719,451.0299987792969,447.340087890625,450.7850036621094,5205730
1764880200,450.82000732421875,454.6300048828125,450.7799987792969,454.510009765625,5295455
1764945000,452.9700012207031,458.5,452.9700012207031,455.7701110839844,12966302
1764948600,455.7539978027344,458.8699951171875,452.4700012207031,453.125,9203876
1764952200,453.125,455.6000061035156,451.6600036621094,453.54998779296875,5131072
1764955800,453.4800109863281,455.5299987792969,453.29998779296875,455.2799987792969,3305869
1764959400,455.27899169921875,455.5899963378906,453.6499938964844,454.760009765625,3874632
1764963000,454.7650146484375,455.81500244140625,454.05999755859375,455.21978759765625,3854705
1764966600,455.2200012207031,455.4649963378906,454.29998779296875,454.94000244140625,3094596
1765204200,447.364990234375,449.7463073730469,442.17999267578125,443.4872131347656,14983165
1765207800,443.44000244140625,444.1099853515625,437.7300109863281,438.5180969238281,9173642
1765211400,438.5,439.4599914550781,436.5249938964844,437.29058837890625,6422787
1765215000,437.3128967285156,439.3900146484375,437.0799865722656,437.2695007324219,4944566
1765218600,437.20001220703125,437.20001220703125,435.25,436.4880065917969,4823133
1765222200,436.4700012207031,438.4100036621094,436.4599914550781,437.8399963378906,4604710
1765225800,437.8699951171875,439.739990234375,437.6000061035156,439.5899963378906,3726143
1765290600,439.5799865722656,445.510009765625,435.70001220703125,445.3948059082031,13370441
1765294200,445.3948059082031,448.3999938964844,444.8800048828125,446.44000244140625,7890607
1765297800,446.45001220703125,449.989990234375,446.19000244140625,449.7204895019531,6203286
1765301400,449.739990234375,452.3900146484375,449.7099914550781,450.5264892578125,5744384
1765305000,450.5264892578125,450.67999267578125,448.1700134277344,449.2200012207031,5187777
1765308600,449.2200012207031,449.3399963378906,446.8699951171875,447.2900085449219,3999222
1765312200,447.25,447.7300109863281,439.5799865722656,445.2099914550781,3409299
1765377000,446.010009765625,450.20001220703125,443.6099853515625,445.9700012207031,11281681
1765380600,445.9200134277344,447.2499084472656,444.0,446.044189453125,5474417
1765384200,446.04998779296875,446.4840087890625,444.9674987792969,445.01019287109375,3050612
1765387800,444.9700012207031,446.6300048828125,444.54998779296875,445.4259948730469,2829281
1765391400,445.4200134277344,449.9100036621094,444.2900085449219,447.9020080566406,6678185
1765395000,447.8900146484375,456.8800048828125,446.6600036621094,456.1796875,11778474
1765398600,456.1000061035156,456.2699890136719,451.17999267578125,451.4100036621094,5256362
1765463400,448.82501220703125,449.2698974609375,441.04998779296875,444.2200012207031,12967868
1765467000,444.2406005859375,444.55999755859375,440.3299865722656,441.4700012207031,7006235
1765470600,441.4700012207031,445.2300109863281,441.4100036621094,444.5409851074219,5058901
1765474200,444.6099853515625,447.3799133300781,444.5769958496094,446.1600036621094,4854618
1765477800,446.125,447.7699890136719,445.6400146484375,447.3999938964844,3508091
1765481400,447.4495849609375,448.0400085449219,444.510009765625,444.9599914550781,3780040
1765485000,444.9800109863281,447.0,444.17999267578125,446.94000244140625,3200355
1765549800,452.25,463.010009765625,449.8800048828125,450.1300048828125,21992395
1765553400,450.1600036621094,451.8900146484375,443.95001220703125,445.9283142089844,11132615
1765557000,445.92999267578125,449.17999267578125,441.6700134277344,448.06829833984375,7777515
1765560600,448.0400085449219,455.6600036621094,447.3599853515625,455.6099853515625,7984083
1765564200,455.6029968261719,456.3900146484375,450.0899963378906,450.9027099609375,7265756
1765567800,450.95001220703125,455.69000244140625,450.8999938964844,455.07000732421875,6481156
1765571400,455.05999755859375,459.1700134277344,453.75,459.1700134277344,6683835
1765809000,474.0,481.3699951171875,470.7099914550781,472.1300048828125,31213366
1765812600,472.1400146484375,481.7694091796875,471.3836975097656,481.0400085449219,13841132
1765816200,481.0400085449219,481.6600036621094,475.0600891113281,476.989990234375,8704150
1765819800,476.9549865722656,478.44000244140625,474.489990234375,475.7296142578125,6203939
1765823400,475.7300109863281,478.3205871582031,474.57501220703125,476.6650085449219,6183543
1765827000,476.6722106933594,478.8711853027344,475.7300109863281,477.8689880371094,6782737
1765830600,477.8800048828125,480.6400146484375,475.0299987792969,475.07000732421875,7282640
1765895400,472.2850036621094,482.05999755859375,465.8299865722656,475.1449890136719,23349392
1765899000,475.1449890136719,477.9100036621094,472.5799865722656,475.7349853515625,9893547
1765902600,475.8284912109375,481.3489990234375,475.1499938964844,478.8800048828125,8335113
1765906200,478.8599853515625,480.79998779296875,475.5884094238281,477.24090576171875,6468420
1765909800,477.30499267578125,480.3599853515625,477.2099914550781,480.0799865722656,6070346
1765913400,480.0400085449219,487.7300109863281,479.42999267578125,487.614990234375,11968826
1765917000,487.6391906738281,491.5,487.2200012207031,489.79998779296875,9727102
1765981800,488.2149963378906,495.239990234375,486.2200012207031,490.70001220703125,21426056
1765985400,490.6700134277344,491.2598876953125,474.20001220703125,478.369384765625,16412954
1765989000,478.3399963378906,478.8800048828125,474.94000244140625,478.0600891113281,8406117
1765992600,478.1400146484375,479.3999938964844,472.7300109863281,474.5350036621094,7236381
1765996200,474.5299987792969,474.8699951171875,466.20001220703125,467.2300109863281,9711021
1765999800,467.2200012207031,471.25,466.8299865722656,470.489990234375,7804193
1766003400,470.45001220703125,470.8999938964844,466.8599853515625,467.1600036621094,5718526
1766068200,477.8999938964844,483.5199890136719,473.1199951171875,483.42010498046875,19224956
1766071800,483.4700012207031,490.44000244140625,483.3699951171875,488.17999267578125,13368819
1766075400,488.1700134277344,490.8599853515625,484.57000732421875,487.83990478515625,10073626
1766079000,487.77099609375,490.0400085449219,487.110107421875,488.62200927734375,6234161
1766082600,488.6050109863281,489.20001220703125,485.4601135253906,486.65020751953125,5437523
1766086200,486.62030029296875,487.70001220703125,483.3800048828125,486.56500244140625,7359817
1766089800,486.6199951171875,488.9200134277344,483.1700134277344,483.3949890136719,5528384
1766154600,488.5400085449219,490.489990234375,480.1000061035156,480.5450134277344,18757745
1766158200,480.5299987792969,481.7200012207031,477.739990234375,481.4549865722656,9150750
1766161800,481.4549865722656,481.8999938964844,474.75,479.3407897949219,8335489
1766165400,479.3450012207031,481.3299865722656,477.82000732421875,481.2449951171875,6143135
1766169000,481.2900085449219,483.8900146484375,481.19000244140625,483.8299865722656,5520387
1766172600,483.8175048828125,483.9700012207031,480.6199951171875,482.20001220703125,4797947
1766176200,482.1400146484375,484.0,480.55999755859375,480.9100036621094,4384803
1766413800,489.25,498.82000732421875,486.1000061035156,487.9649963378906,24124999
1766417400,488.0,493.29998779296875,485.3299865722656,492.8599853515625,10348812
1766421000,492.8487854003906,495.2300109863281,491.79998779296875,494.94000244140625,6958815
1766424600,494.92010498046875,495.6000061035156,492.79998779296875,494.6400146484375,5553182
1766428200,494.6400146484375,496.4100036621094,492.8699951171875,493.080810546875,6542059
1766431800,493.05999755859375,493.7200012207031,487.5,487.5299987792969,6711466
1766435400,487.5,489.5899963378906,487.44000244140625,488.7699890136719,4256722
1766500200,490.75,491.94000244140625,485.010009765625,486.7878112792969,14224330
1766503800,486.8299865722656,489.3500061035156,485.32000732421875,485.6592102050781,5795975
1766507400,485.67498779296875,487.20001220703125,484.29998779296875,485.7619934082031,5572697
1766511000,485.7767028808594,486.19000244140625,483.3500061035156,485.3800048828125,4866427
1766514600,485.3999938964844,486.05999755859375,482.84478759765625,483.92919921875,4630891
1766518200,483.92498779296875,487.4100036621094,483.4800109863281,486.8699951171875,5346981
1766521800,486.8599853515625,486.8999938964844,484.57000732421875,485.6099853515625,3560052
1766586600,489.3599853515625,489.6499938964844,476.79998779296875,477.3340148925781,13122566
1766590200,477.3340148925781,482.0599060058594,477.1300964355469,481.69000244140625,7898707
1766593800,481.68121337890625,482.92999267578125,481.1400146484375,481.7699890136719,5855715
1766759400,486.0,489.0899963378906,476.8999938964844,477.1700134277344,13003334
1766763000,477.1600036621094,479.4100036621094,473.82000732421875,478.4798889160156,9935893
1766766600,478.4800109863281,479.7112121582031,476.610107421875,479.6340026855469,4978982
1766770200,479.5899963378906,480.5,478.4200134277344,478.8800048828125,4158112
1766773800,478.8599853515625,479.239990234375,477.7200012207031,478.489990234375,3801625
1766777400,478.489990234375,478.8699035644531,477.75,478.3598937988281,3123700
1766781000,478.3550109863281,478.3599853515625,474.9800109863281,475.19000244140625,3785990
1767018600,469.0,469.3999938964844,461.32000732421875,466.2500915527344,16500909
1767022200,466.2300109863281,467.80999755859375,465.2300109863281,467.6300048828125,6876082
1767025800,467.6199951171875,469.20001220703125,465.8699951171875,466.1181945800781,5176453
1767029400,466.0950012207031,466.7900085449219,463.739990234375,464.0899963378906,4384021
1767033000,464.0600891113281,464.3800048828125,461.9501037597656,463.010009765625,4717342
1767036600,463.0299987792969,464.3450012207031,462.0920104980469,462.6700134277344,4991238
1767040200,462.69500732421875,462.7499084472656,459.29998779296875,459.6199951171875,5449426
1767105000,460.0,461.0299987792969,453.8299865722656,460.67999267578125,14993491
1767108600,460.6300048828125,462.2099914550781,459.0199890136719,461.1300048828125,6151326
1767112200,461.1099853515625,463.1199951171875,460.69000244140625,462.1700134277344,5468641
1767115800,462.1300048828125,462.2799987792969,458.5799865722656,460.4960021972656,4954327
1767119400,460.4700012207031,460.739990234375,457.8800048828125,458.614990234375,4209010
1767123000,458.6000061035156,458.7099914550781,456.1000061035156,456.1199951171875,5133024
1767126600,456.1400146484375,456.4599914550781,454.0400085449219,454.42999267578125,3950479
1767191400,456.0,456.5480041503906,452.29998779296875,454.5899963378906,9968144
1767195000,454.55999755859375,455.239990234375,453.2601013183594,453.81500244140625,4472767
1767198600,453.8500061035156,454.6199951171875,452.5799865722656,454.6000061035156,3778082
1767202200,454.6400146484375,455.8399963378906,453.260009765625,454.8550109863281,4758054
1767205800,454.8399963378906,455.0799865722656,452.6499938964844,453.2650146484375,2845274
1767209400,453.2799987792969,453.3800048828125,449.44000244140625,449.5,5803871
1767213000,449.5398864746094,450.9299011230469,449.29998779296875,449.54998779296875,4049826
1767364200,457.7511901855469,458.3299865722656,444.3699951171875,445.1000061035156,17466996
1767367800,445.0799865722656,448.25,440.8999938964844,444.0799865722656,10580582
1767371400,444.05999755859375,445.3299865722656,441.04998779296875,441.760009765625,6139173
1767375000,441.79998779296875,442.5899963378906,437.9200134277344,438.39990234375,6376852
1767378600,438.3800048828125,438.6300048828125,435.29998779296875,438.4100036621094,7333157
1767382200,438.3800048828125,441.6199951171875,438.3800048828125,440.3500061035156,6786236
1767385800,440.3299865722656,440.5159912109375,437.6000061035156,438.1000061035156,4330640
1767623400,447.25,455.8900146484375,444.57000732421875,455.32000732421875,16089065
1767627000,455.2900085449219,456.6499938964844,453.2699890136719,454.0299987792969,6815419
1767630600,454.04998779296875,457.5498962402344,453.9599914550781,456.0299987792969,5845587
1767634200,456.0299987792969,456.3399963378906,453.7900085449219,454.7099914550781,4058977
1767637800,454.67999267578125,457.1000061035156,454.3301086425781,455.7550048828125,3944415
1767641400,455.7355041503906,456.2300109863281,453.8500061035156,456.2099914550781,4853652
1767645000,456.2250061035156,456.239990234375,450.8599853515625,451.69000244140625,5043698
1767709800,444.1499938964844,444.2698974609375,435.3900146484375,439.0591125488281,17729194
1767713400,439.04998779296875,439.3500061035156,431.80999755859375,431.8550109863281,10502348
1767717000,431.8599853515625,433.3299865722656,430.3200988769531,432.0350036621094,7786683
1767720600,432.05999755859375,432.5400085449219,428.7799987792969,429.7699890136719,6770507
1767724200,429.7049865722656,433.69000244140625,429.1400146484375,433.26239013671875,6343238
1767727800,433.9849853515625,434.4200134277344,430.0400085449219,431.7449951171875,7764043
1767731400,431.7200012207031,433.440185546875,431.30999755859375,432.4898986816406,3393408
1767796200,435.885009765625,438.1300048828125,431.6000061035156,434.0350036621094,12591805
1767799800,434.0400085449219,437.260009765625,433.85009765625,435.989990234375,6795114
1767803400,436.0,438.3699951171875,435.7099914550781,436.2200012207031,5209734
1767807000,436.2349853515625,437.75,435.989990234375,436.34710693359375,3577085
1767810600,436.3599853515625,437.510009765625,434.2699890136719,435.8599853515625,4386733
1767814200,435.8900146484375,437.5199890136719,435.8299865722656,436.1400146484375,4405936
1767817800,436.1600036621094,436.7900085449219,431.30999755859375,431.4200134277344,4503032
1767882600,425.5,435.04998779296875,424.364990234375,434.8900146484375,14297658
1767886200,434.8500061035156,435.17999267578125,432.05999755859375,434.26458740234375,5867301
1767889800,434.25,436.1400146484375,433.30999755859375,435.1944885253906,5063748
1767893400,435.17999267578125,436.8900146484375,433.739990234375,434.1300048828125,4209962
1767897000,434.1600036621094,434.94989013671875,432.42999267578125,433.760009765625,3460643
1767900600,433.7099914550781,435.79998779296875,433.6600036621094,434.9599914550781,3898513
1767904200,434.94000244140625,436.25,434.3500061035156,435.8399963378906,3225353
1767969000,434.0,443.8800048828125,430.3900146484375,443.6199951171875,15776840
1767972600,443.6499938964844,444.2898864746094,440.6499938964844,442.63238525390625,7978061
1767976200,442.6600036621094,445.239990234375,442.29998779296875,444.45001220703125,5233859
1767979800,444.44500732421875,449.04998779296875,444.1199951171875,447.17999267578125,6955198
1767983400,447.17999267578125,447.9198913574219,445.45001220703125,446.375,3925354
1767987000,446.3900146484375,446.6000061035156,444.510009765625,445.35528564453125,4624308
1767990600,445.3399963378906,445.9700012207031,444.3599853515625,444.989990234375,3287640
1768228200,441.2250061035156,450.2200012207031,438.0,449.80499267578125,14692874
1768231800,449.8299865722656,449.8999938964844,446.9200134277344,448.635009765625,5823610
1768235400,448.6388854980469,454.29998779296875,448.4071044921875,453.8299865722656,7715359
1768239000,453.75,453.9198913574219,449.95001220703125,450.82000732421875,5103407
1768242600,450.8450012207031,452.1300048828125,449.9100036621094,451.7409973144531,4532448
1768246200,451.7799072265625,451.9599914550781,449.45001220703125,450.92498779296875,4200452
1768249800,450.9100036621094,451.1000061035156,448.2699890136719,448.92999267578125,3785374
1768314600,450.20001220703125,451.6600036621094,445.3999938964844,447.0552062988281,12498471
1768318200,447.0899963378906,451.3900146484375,446.2699890136719,450.31939697265625,6576400
1768321800,450.3057861328125,451.80999755859375,448.6300964355469,449.3699951171875,4613782
1768325400,449.3500061035156,449.70001220703125,446.55999755859375,447.42999267578125,4004052
1768329000,447.45001220703125,448.17999267578125,443.95001220703125,445.07000732421875,5163171
1768332600,445.04998779296875,447.2300109863281,444.6099853515625,446.2349853515625,3662359
1768336200,446.239990234375,447.8299865722656,445.67999267578125,447.1300048828125,2783886
1768401000,439.6650085449219,443.9100036621094,437.3103942871094,440.04998779296875,12326753
1768404600,440.05499267578125,440.32989501953125,435.8800048828125,438.4200134277344,7463731
1768408200,438.3500061035156,438.7698974609375,434.2300109863281,436.1199951171875,5401322
1768411800,436.20001220703125,436.5,434.760009765625,436.4100036621094,3455285
1768415400,436.35809326171875,437.2698974609375,434.9100036621094,436.8800048828125,3597487
1768419000,436.9100036621094,438.3699951171875,435.0299987792969,435.1600036621094,4861407
1768422600,435.17999267578125,439.45001220703125,435.1400146484375,439.260009765625,4003494
1768487400,444.20989990234375,445.3299865722656,439.4800109863281,443.32000732421875,10805574
1768491000,443.3399963378906,445.3599853515625,441.95001220703125,442.8299865722656,6165480
1768494600,442.739990234375,443.5400085449219,441.9700012207031,443.1200866699219,3350804
1768498200,443.1628112792969,443.3999938964844,441.1000061035156,443.2174987792969,3330405
1768501800,443.2300109863281,443.82000732421875,441.0799865722656,441.31988525390625,3374349
1768505400,441.2900085449219,441.2944030761719,438.1600036621094,438.44000244140625,4609537
1768509000,438.489990234375,439.05999755859375,437.6499938964844,438.3299865722656,2951712
1768573800,441.0799865722656,447.25,436.3999938964844,436.8500061035156,13909602
1768577400,436.82501220703125,439.2200012207031,435.2601013183594,438.80999755859375,6504516
1768581000,438.8299865722656,439.7200012207031,437.7701110839844,438.55340576171875,4266930
1768584600,438.55999755859375,440.45001220703125,437.8299865722656,440.35009765625,3326552
1768588200,440.3500061035156,440.8500061035156,439.0199890136719,439.80999755859375,3817592
1768591800,439.79620361328125,440.80999755859375,439.6199951171875,439.8799133300781,2922863
1768595400,439.8299865722656,439.8800048828125,437.3599853515625,437.4700012207031,3427744
1768919400,429.3450012207031,430.5,423.4200134277344,426.94000244140625,13240316
1768923000,426.94000244140625,427.7099914550781,424.1300048828125,425.6499938964844,5597951
1768926600,425.6600036621094,427.3999938964844,423.8999938964844,426.260009765625,4329916
1768930200,426.260009765625,426.4599914550781,423.8800048828125,424.7925109863281,3291490
1768933800,424.82000732421875,425.0199890136719,422.0,422.239990234375,4204984
1768937400,422.2300109863281,422.3299865722656,417.8299865722656,417.9100036621094,6397274
1768941000,417.8900146484375,420.4800109863281,417.44000244140625,419.260009765625,4642504
1769005800,421.5799865722656,428.2200012207031,419.6200866699219,427.43499755859375,11097689
1769009400,427.4700012207031,429.7699890136719,427.0199890136719,427.4873962402344,6856514
1769013000,427.44000244140625,427.49798583984375,420.05999755859375,423.6588134765625,7419973
1769016600,423.6700134277344,425.79998779296875,422.80999755859375,425.65771484375,4758350
1769020200,425.67999267578125,433.04998779296875,425.3551025390625,432.5400085449219,4046597
1769023800,432.5000915527344,438.1400146484375,432.375,433.5602111816406,8538003
1769027400,433.55999755859375,434.25,430.27099609375,431.4599914550781,4221585
1769092200,434.8599853515625,436.4100036621094,432.6293029785156,435.67999267578125,10420823
1769095800,435.739990234375,439.21990966796875,434.6000061035156,437.9599914550781,6875441
1769099400,438.0,439.17999267578125,437.05999755859375,439.07000732421875,4464361
1769103000,439.07000732421875,448.260009765625,438.6499938964844,444.9501037597656,10229631
1769106600,444.9599914550781,448.8599853515625,444.5799865722656,448.42999267578125,6737862
1769110200,448.42999267578125,449.1199951171875,445.5,446.3800048828125,5582104
1769113800,446.3699951171875,449.4599914550781,446.10198974609375,449.3699951171875,4614063
1769178600,447.4049987792969,451.20001220703125,444.0400085449219,446.1099853515625,14625343
1769182200,446.114013671875,452.42999267578125,445.8399963378906,450.07000732421875,7637063
1769185800,450.0586853027344,450.3500061035156,447.6300048828125,448.909912109375,3943556
1769189400,448.8800048828125,449.2200012207031,445.2799987792969,446.7200012207031,4270276
1769193000,446.7452087402344,448.5799865722656,446.0299987792969,447.1549987792969,3459740
1769196600,447.1700134277344,448.8500061035156,446.8800048828125,447.2502136230469,3513971
1769200200,447.2699890136719,449.30999755859375,446.9200134277344,449.07000732421875,3149230
1769437800,445.0299987792969,445.0299987792969,437.6600036621094,437.94830322265625,10564496
1769441400,437.8999938964844,439.9800109863281,436.7099914550781,439.7099914550781,5898497
1769445000,439.760009765625,440.2699890136719,437.95001220703125,439.78680419921875,3657631
1769448600,439.81500244140625,439.8399963378906,437.82000732421875,438.55999755859375,2940576
1769452200,438.55999755859375,438.8599853515625,437.4200134277344,437.7300109863281,2957224
1769455800,437.739990234375,437.9599914550781,434.4700012207031,434.8927001953125,4767963
1769459400,434.8800048828125,436.3699951171875,434.2900085449219,435.20001220703125,3914313
1769524200,437.43499755859375,437.5199890136719,431.8299865722656,435.3900146484375,8220361
1769527800,435.364990234375,436.260009765625,433.7300109863281,434.8699951171875,3903183
1769531400,434.8999938964844,435.82000732421875,433.19000244140625,434.6650085449219,3033271
1769535000,434.6499938964844,434.95001220703125,432.2799987792969,432.78009033203125,2620034
1769538600,432.8099060058594,433.45001220703125,430.8299865722656,431.30010986328125,3411986
1769542200,431.31500244140625,433.8800048828125,430.69000244140625,433.7900085449219,3522732
1769545800,433.8031921386719,433.8031921386719,430.7099914550781,430.9100036621094,3400284
1769610600,431.79998779296875,438.260009765625,431.20001220703125,434.67730712890625,9586082
1769614200,434.6700134277344,434.9100036621094,432.0199890136719,434.09051513671875,9041588
1769617800,434.0799865722656,435.6099853515625,432.3399963378906,433.1199951171875,0
1769621400,433.0889892578125,435.5,432.3999938964844,434.82000732421875,3978822
1769625000,434.80029296875,435.55999755859375,432.739990234375,432.885009765625,3192653
1769628600,432.8500061035156,436.0,431.739990234375,434.2950134277344,4773622
1769632200,434.32000732421875,434.45001220703125,430.20001220703125,431.239990234375,3496783
1769697000,437.760009765625,440.2298889160156,421.260009765625,422.239990234375,18553363
1769700600,422.260009765625,423.1700134277344,414.6199951171875,421.8949890136719,12681972
1769704200,421.8599853515625,424.8399963378906,419.3800048828125,424.2080078125,5612715
1769707800,424.19000244140625,424.7799987792969,419.7799987792969,421.8699951171875,4596341
1769711400,421.79998779296875,422.94000244140625,419.80999755859375,420.3599853515625,4314741
1769715000,420.3999938964844,420.7900085449219,415.4599914550781,415.510009765625,5511584
1769718600,415.5199890136719,417.54998779296875,414.94000244140625,416.44000244140625,4951144
1769783400,425.5799865722656,435.3500061035156,422.70001220703125,433.5350036621094,16028132
1769787000,433.55499267578125,433.8500061035156,430.5,431.7049865722656,1328423
1770057000,426.1199951171875,426.69000244140625,425.3999938964844,425.69500732421875,14193551
1770060600,425.6700134277344,425.6700134277344,422.5400085449219,423.92498779296875,4163914
1770064200,423.8999938964844,424.0557861328125,421.739990234375,421.7850036621094,2893745
1770129000,424.2699890136719,425.510009765625,419.75,422.8550109863281,10423831
1770132600,422.80999755859375,428.55999755859375,422.010009765625,423.17999267578125,7426334
1770136200,423.2099914550781,427.7200012207031,420.0899963378906,420.8450012207031,5616518
1770139800,420.8299865722656,421.4551086425781,416.8800048828125,418.11151123046875,5252640
1770143400,418.05999755859375,418.8399963378906,413.6900939941406,415.8699951171875,5724127
1770147000,415.94000244140625,419.2900085449219,414.8999938964844,418.590087890625,4190760
1770150600,418.6300048828125,422.20001220703125,418.5899963378906,421.80999755859375,3300597
1770215400,420.4599914550781,423.8999938964844,415.0299987792969,416.760009765625,11080274
1770219000,416.7900085449219,417.239990234375,407.0299987792969,408.82501220703125,9583418
1770222600,408.7900085449219,409.239990234375,402.9800109863281,403.1600036621094,7099575
1770226200,403.04998779296875,406.5,399.17999267578125,406.42498779296875,7625761
1770229800,406.4599914550781,406.489990234375,402.276611328125,404.7200927734375,5318617
1770233400,404.70001220703125,409.3500061035156,404.17010498046875,407.82501220703125,6457786
1770237000,407.80999755859375,409.1600036621094,405.3500061035156,405.8999938964844,4215172
1770301800,397.05999755859375,401.1499938964844,387.5309143066406,389.7799987792969,15306298
1770305400,389.7200012207031,396.9599914550781,387.7300109863281,396.87799072265625,7689346
1770309000,396.8800048828125,400.42999267578125,395.80999755859375,399.9700012207031,6531007
1770312600,400.0,402.1000061035156,398.4599914550781,399.6400146484375,5397301
1770316200,399.6099853515625,401.4700012207031,397.6499938964844,398.7550048828125,5119618
1770319800,398.7300109863281,398.7900085449219,393.79998779296875,394.1099853515625,5932483
1770323400,394.1099853515625,397.8299865722656,393.0199890136719,397.1000061035156,4796377
1770388200,400.8800048828125,410.3089904785156,397.7699890136719,410.10400390625,13617676
1770391800,410.19000244140625,411.57000732421875,408.70001220703125,410.2799987792969,6884037
1770395400,410.26251220703125,414.0400085449219,410.0350036621094,413.8699951171875,5024365
1770399000,413.8699951171875,414.54998779296875,411.7300109863281,412.17498779296875,4336097
1770402600,412.1650085449219,414.0400085449219,411.0799865722656,413.385009765625,3907698
1770406200,413.3999938964844,414.54998779296875,412.7699890136719,413.40618896484375,4270327
1770409800,413.3699951171875,414.54998779296875,410.6099853515625,411.010009765625,4303013
1770647400,409.9049987792969,415.3299865722656,407.2900085449219,412.9649963378906,10662546
1770651000,412.9649963378906,419.42999267578125,412.70001220703125,418.6650085449219,6843367
1770654600,418.6199951171875,421.25,417.9700012207031,420.5299987792969,5284227
1770658200,420.54998779296875,421.20989990234375,417.70001220703125,418.34991455078125,3548082
1770661800,418.30230712890625,420.6600036621094,417.7099914550781,420.1697082519531,3393895
1770665400,420.19000244140625,420.8999938964844,419.4070129394531,420.1199951171875,3389590
1770669000,420.0799865722656,420.4200134277344,417.1300964355469,417.1600036621094,3183939
1770733800,418.0899963378906,425.4599914550781,417.0,423.34161376953125,10943175
1770737400,423.3399963378906,425.4200134277344,420.71270751953125,421.7349853515625,6615508
1770741000,421.7099914550781,427.25,421.05999755859375,424.93499755859375,6045525
1770744600,424.8800048828125,426.114990234375,423.1499938964844,423.32000732421875,4257452
1770748200,423.2900085449219,425.1000061035156,422.35009765625,425.0398864746094,3627992
1770751800,425.05999755859375,426.3699951171875,423.6600036621094,424.45001220703125,3877717
1770755400,424.4100036621094,427.20001220703125,423.8169860839844,425.2200012207031,4465243
1770820200,427.9549865722656,436.3500061035156,421.54998779296875,421.7200012207031,14480611
1770823800,421.68231201171875,427.06939697265625,420.0299987792969,426.4049987792969,7864759
1770827400,426.4100036621094,426.6700134277344,422.05999755859375,424.7598876953125,5055253
1770831000,424.760009765625,426.17999267578125,422.1199951171875,424.7449951171875,4016085
1770834600,424.7200012207031,427.7300109863281,423.6199951171875,427.55999755859375,3807995
1770838200,427.5199890136719,427.64990234375,425.6400146484375,425.8599853515625,3215486
1770841800,425.82000732421875,429.1000061035156,425.4599914550781,428.1499938964844,3100922
1770906600,430.3500061035156,436.2300109863281,426.1300048828125,429.6700134277344,11620453
1770910200,429.7799987792969,430.489990234375,419.2799987792969,419.4100036621094,7175428
1770913800,419.4049987792969,421.409912109375,417.1199951171875,418.10980224609375,6221291
1770917400,418.06500244140625,420.1000061035156,414.0,416.7900085449219,4974259
1770921000,416.79998779296875,417.8699951171875,414.2500915527344,414.6625061035156,3857610
1770924600,414.6300048828125,416.8500061035156,414.5400085449219,414.80279541015625,3571749
1770928200,414.7099914550781,417.4200134277344,414.54998779296875,416.8399963378906,3513182
1770993000,414.1400146484375,417.70001220703125,410.8800048828125,416.1050109863281,9931507
1770996600,416.1050109863281,418.3699951171875,412.3800048828125,417.92999267578125,6179923
1771000200,417.9150085449219,420.94000244140625,416.4468078613281,420.4200134277344,4750659
1771003800,420.4800109863281,421.3299865722656,418.80999755859375,420.5798034667969,3564757
1771007400,420.70001220703125,424.05999755859375,420.29998779296875,420.5199890136719,4358821
1771011000,420.6300048828125,421.8598937988281,417.2099914550781,417.6099853515625,3900214
1771014600,417.56988525390625,418.5899963378906,416.5199890136719,417.4200134277344,2855438
1771338600,412.4020080566406,413.69000244140625,400.92999267578125,401.32501220703125,12373622
1771342200,401.3251037597656,409.6400146484375,400.510009765625,408.17498779296875,7547922
1771345800,408.18499755859375,408.5899963378906,404.8299865722656,406.6300048828125,5100846
1771349400,406.635009765625,410.30999755859375,403.4200134277344,409.4200134277344,5065104
1771353000,409.43798828125,413.1698913574219,408.79010009765625,411.3999938964844,5014738
1771356600,411.4200134277344,412.83099365234375,409.7113952636719,410.5599060058594,3604573
1771360200,410.4700012207031,411.8800048828125,409.6400146484375,410.5899963378906,2992308
1771425000,410.6700134277344,415.6700134277344,409.5799865722656,413.2699890136719,9006050
1771428600,413.2698974609375,416.32000732421875,411.5899963378906,414.3800048828125,5830830
1771432200,414.4100036621094,416.1499938964844,413.760009765625,415.2149963378906,3667109
1771435800,415.17999267578125,416.8999938964844,413.42999267578125,413.92999267578125,3606640
1771439400,413.92999267578125,414.20989990234375,412.5,412.6000061035156,3525168
1771443000,412.6000061035156,412.8399963378906,409.90008544921875,410.67999267578125,4436796
1771446600,410.6199951171875,412.1210021972656,410.4100036621094,411.20001220703125,2953314
1771511400,407.33349609375,410.6600036621094,404.1099853515625,408.69000244140625,9061292
1771515000,408.69000244140625,414.9800109863281,408.4599914550781,413.8500061035156,6692320
1771518600,413.8599853515625,415.2499084472656,411.94000244140625,413.7449951171875,4738635
1771522200,413.7449951171875,413.80999755859375,408.5799865722656,409.77508544921875,5285290
1771525800,409.7699890136719,411.1700134277344,408.6700134277344,409.7749938964844,3690433
1771529400,409.760009765625,411.3699951171875,408.5199890136719,409.9700012207031,3219928
1771533000,409.94000244140625,411.8999938964844,409.760009765625,411.72119140625,2412396
1771597800,408.2850036621094,413.2398986816406,405.5,409.8099060058594,10757721
1771601400,409.80999755859375,414.70001220703125,408.6000061035156,409.3973083496094,6659915
1771605000,409.3800048828125,411.489990234375,405.8900146484375,407.4100036621094,5189482
1771608600,407.44000244140625,410.8500061035156,406.3900146484375,409.3599853515625,5440903
1771612200,409.3876037597656,413.760009765625,408.6600036621094,411.0799865722656,4599772
1771615800,411.1099853515625,411.5899963378906,409.5299987792969,409.7900085449219,3411540
1771619400,409.7850036621094,412.239990234375,409.6700134277344,411.7099914550781,2596449
1771857000,407.2850036621094,407.70001220703125,402.0,403.3800048828125,10591210
1771860600,403.3999938964844,404.07000732421875,396.6199951171875,397.9700012207031,8461994
1771864200,397.989990234375,399.2698974609375,397.3900146484375,397.4200134277344,4886095
1771867800,397.41009521484375,397.4599914550781,394.239990234375,396.0400085449219,6773472
1771871400,396.05999755859375,396.3599853515625,394.1700134277344,394.3949890136719,4394057
1771875000,394.3951110839844,396.0299987792969,394.0400085449219,395.53118896484375,4861633
1771878600,395.5299987792969,400.0,395.45001220703125,399.8500061035156,6059604
1771943400,399.54998779296875,407.5400085449219,397.6400146484375,407.44500732421875,11029900
1771947000,407.45001220703125,407.7099914550781,402.80999755859375,403.3299865722656,6812426
1771950600,403.3299865722656,405.6700134277344,402.260009765625,404.04010009765625,4907449
1771954200,404.0899963378906,406.0299987792969,403.70001220703125,405.32989501953125,3316814
1771957800,405.3399963378906,409.54998779296875,405.1499938964844,408.6400146484375,5302925
1771961400,408.6400146484375,410.4100036621094,407.9100036621094,408.760009765625,4666369
1771965000,408.79998779296875,410.82000732421875,408.6700134277344,409.3599853515625,3668801
1772029800,412.1499938964844,420.3399963378906,412.1499938964844,414.8299865722656,11792494
1772033400,414.80999755859375,415.79998779296875,413.3599853515625,413.9601135253906,5681106
1772037000,413.95001220703125,416.9200134277344,413.1600036621094,414.0849914550781,5585583
1772040600,414.0950012207031,415.30999755859375,413.79998779296875,415.1300048828125,3208768
1772044200,415.1499938964844,416.54998779296875,414.8999938964844,415.9200134277344,2995514
1772047800,415.9516906738281,416.6000061035156,415.45001220703125,415.7073059082031,3293688
1772051400,415.69390869140625,417.6400146484375,414.8500061035156,417.3900146484375,4018059
1772116200,414.5,416.79998779296875,406.4700012207031,407.8175048828125,11463131
1772119800,407.80999755859375,410.29998779296875,404.8301086425781,409.08331298828125,5522506
1772123400,409.0799865722656,410.1700134277344,404.2799987792969,405.2099914550781,5978869
1772127000,405.2099914550781,406.46990966796875,403.6600036621094,405.2099914550781,4467298
1772130600,405.2200012207031,409.3890075683594,405.0799865722656,408.1899108886719,4046022
1772134200,408.17999267578125,409.0799865722656,407.1199951171875,407.7099914550781,3426907
1772137800,407.70001220703125,409.20001220703125,407.69000244140625,408.4800109863281,2644632
1772202600,402.94000244140625,407.1099853515625,400.8999938964844,406.85400390625,8592703
1772206200,406.8599853515625,406.9200134277344,401.8299865722656,402.30999755859375,10497247
1772209800,402.260009765625,403.5400085449219,399.0299987792969,400.909912109375,532089
1772213400,400.9200134277344,401.6099853515625,398.5299987792969,399.7300109863281,4264145
1772217000,399.70001220703125,400.4200134277344,398.1199951171875,399.7300109863281,3641343
1772220600,399.7349853515625,401.0199890136719,398.75,400.17999267578125,3782831
1772224200,400.1300048828125,403.3900146484375,399.2799987792969,402.4200134277344,4543627
1772461800,390.32000732421875,399.21868896484375,388.25,398.65411376953125,11632699
1772465400,398.6650085449219,403.7090148925781,397.739990234375,400.1700134277344,6369385
1772469000,400.2099914550781,404.5398864746094,399.739990234375,402.5199890136719,5307407
1772472600,402.4700012207031,403.19000244140625,400.9700012207031,401.75,3707542
1772476200,401.7862854003906,402.8699951171875,400.1000061035156,402.6499938964844,3484032
1772479800,402.6600036621094,402.79998779296875,398.9100036621094,399.55999755859375,15081453
1772483400,399.57000732421875,403.489990234375,399.55999755859375,403.2349853515625,5267667
1772548200,395.0899963378906,396.3399963378906,386.55999755859375,386.7200012207031,17290057
1772551800,386.69000244140625,393.55999755859375,385.3999938964844,392.5400085449219,12190306
1772555400,392.5299987792969,393.54998779296875,389.8599853515625,392.0,6657822
1772559000,391.9599914550781,393.9200134277344,389.0799865722656,393.2900085449219,5541323
1772562600,393.29998779296875,394.7699890136719,391.0,391.635009765625,5557143
1772566200,391.6700134277344,394.70001220703125,391.2300109863281,392.54998779296875,5268077
1772569800,392.54010009765625,393.5,391.6700134277344,392.3500061035156,5308335
1772634600,397.8450012207031,407.8523864746094,394.5899963378906,407.6700134277344,20741277
1772638200,407.6700134277344,407.7900085449219,401.42999267578125,404.19500732421875,10733226
1772641800,404.17999267578125,407.1499938964844,403.8800048828125,404.8599853515625,7361876
1772645400,404.864990234375,405.0400085449219,403.2799987792969,403.7799987792969,6209136
1772649000,403.7799987792969,406.8399963378906,403.7200012207031,406.32501220703125,5290009
1772652600,406.3299865722656,407.3800048828125,404.8500061035156,406.95001220703125,5657840
1772656200,406.95001220703125,408.3299865722656,404.75,406.07000732421875,6921220
1772721000,401.57000732421875,407.3800048828125,400.29998779296875,403.6400146484375,12709534
1772724600,403.6700134277344,407.05999755859375,401.7699890136719,405.4153137207031,8003266
1772728200,405.4599914550781,408.6199035644531,403.04998779296875,403.15008544921875,6229475
1772731800,403.1700134277344,403.42999267578125,399.4200134277344,399.7300109863281,6761936
1772735400,399.70001220703125,402.7799987792969,399.55999755859375,401.75,4565821
1772739000,401.70001220703125,404.3800048828125,399.760009765625,402.7900085449219,5510901
1772742600,402.7699890136719,405.8900146484375,402.57000732421875,405.40130615234375,4836899
1772807400,398.18499755859375,398.5,394.2200012207031,397.30999755859375,16938293
1772811000,397.2699890136719,399.9549865722656,395.4100036621094,399.6199951171875,10989461
1772814600,399.6300048828125,401.4100036621094,397.71099853515625,398.8599853515625,8265638
1772818200,398.9100036621094,402.3500061035156,397.1499938964844,401.1700134277344,6641166
1772821800,401.1650085449219,401.75,398.29998779296875,399.30999755859375,5725425
1772825400,399.30999755859375,400.8299865722656,396.5,396.7200012207031,5982618
1772829000,396.7300109863281,398.20001220703125,396.20001220703125,396.55999755859375,5246449
1773063000,390.04998779296875,392.989990234375,381.3999938964844,383.4800109863281,18524354
1773066600,383.44000244140625,388.5899963378906,383.44000244140625,388.3299865722656,9618912
1773070200,388.2300109863281,390.8900146484375,387.17999267578125,390.1000061035156,7144403
1773073800,390.1600036621094,390.989990234375,388.68499755859375,389.010009765625,5999196
1773077400,389.0,391.7699890136719,388.510009765625,391.2900085449219,5254768
1773081000,391.2699890136719,400.70001220703125,391.04998779296875,400.6000061035156,9268636
1773084600,400.56500244140625,401.5780029296875,397.3299865722656,398.6400146484375,7205062
1773149400,402.05499267578125,406.5799865722656,400.8800048828125,401.2049865722656,17071551
1773153000,401.1499938964844,406.1000061035156,400.85809326171875,403.5799865722656,9194522
1773156600,403.54998779296875,403.80999755859375,400.95001220703125,402.64599609375,6836485
1773160200,402.6400146484375,404.19000244140625,402.07000732421875,403.3492126464844,5865567
1773163800,403.3299865722656,403.3550109863281,398.19000244140625,400.5649108886719,7508336
1773167400,400.58990478515625,401.95001220703125,399.3450012207031,399.8999938964844,5808032
1773171000,399.8565979003906,400.739990234375,398.2699890136719,399.2349853515625,4038194
1773235800,402.2200012207031,416.3799133300781,402.1499938964844,411.9112854003906,21665164
1773239400,411.8500061035156,412.6000061035156,408.9599914550781,409.0,9248841
1773243000,409.010009765625,409.1000061035156,406.2300109863281,407.4100036621094,7488315
1773246600,407.4049987792969,408.6600036621094,406.2301025390625,408.2149963378906,5396514
1773250200,408.2300109863281,408.3500061035156,403.95001220703125,405.53009033203125,5836827
1773253800,405.54998779296875,406.80999755859375,404.9200134277344,406.1300048828125,4508750
1773257400,406.1499938964844,408.25,406.1499938964844,407.8399963378906,4938915
1773322200,405.1000061035156,406.5,399.42999267578125,399.5199890136719,14160295
1773325800,399.5299987792969,399.9599914550781,394.6499938964844,396.99169921875,11842477
1773329400,396.95001220703125,400.1400146484375,396.4200134277344,398.8599853515625,7815650
1773333000,398.8572998046875,401.04998779296875,398.4599914550781,399.8900146484375,6045933
1773336600,399.8299865722656,400.4599914550781,396.2500915527344,397.82501220703125,6024103
1773340200,397.82501220703125,398.0799865722656,396.2799987792969,397.5899963378906,5524685
1773343800,397.6099853515625,398.1289978027344,395.0,395.0050048828125,4973877
1773408600,399.1650085449219,400.1600036621094,395.17999267578125,396.1427001953125,13798171
1773412200,396.1449890136719,397.739990234375,392.2200012207031,394.05999755859375,10266600
1773415800,394.05999755859375,395.1700134277344,392.29998779296875,395.0,6885592
1773419400,394.9800109863281,395.95989990234375,392.90899658203125,395.0150146484375,6704544
1773423000,394.9599914550781,395.2300109863281,392.1199951171875,393.1600036621094,5410913
1773426600,393.1499938964844,393.9599914550781,390.0799865722656,390.9100036621094,7067902
1773430200,390.9100036621094,392.1199951171875,389.95001220703125,391.1700134277344,5462800
1773667800,396.125,403.7300109863281,394.97601318359375,402.3208923339844,11808473
1773671400,402.3659973144531,402.3659973144531,399.2300109863281,400.1400146484375,6841364
1773675000,400.1570129394531,400.9800109863281,396.489990234375,396.8782043457031,5661503
1773678600,396.90301513671875,398.3399963378906,396.45001220703125,396.92010498046875,4104255
1773682200,396.9200134277344,398.42999267578125,396.4200134277344,398.05999755859375,3812889
1773685800,398.07000732421875,399.25,396.0,396.590087890625,4531017
1773689400,396.5899963378906,396.760009765625,394.4200134277344,395.489990234375,3288055
1773754200,395.69000244140625,398.32000732421875,393.0,397.3949890136719,10112589
1773757800,397.3700866699219,400.1199951171875,397.04998779296875,397.4280090332031,6445805
1773761400,397.4599914550781,397.92999267578125,395.75,397.239990234375,4472113
1773765000,397.260009765625,398.489990234375,396.79998779296875,397.70001220703125,3533821
1773768600,397.69000244140625,399.6400146484375,397.57000732421875,398.0,4165978
1773772200,397.9849853515625,398.8800048828125,397.1499938964844,398.67999267578125,3434958
1773775800,398.67999267578125,399.3500061035156,397.75,399.2200012207031,2806943
1773840600,399.0,403.06500244140625,397.57000732421875,397.8799133300781,10685521
1773844200,397.8659973144531,399.79998779296875,397.3399963378906,397.69000244140625,5504235
1773847800,397.6199951171875,398.6600036621094,397.4100036621094,397.8500061035156,3848898
1773851400,397.840087890625,398.239990234375,396.20001220703125,397.1700134277344,3262222
1773855000,397.17999267578125,398.54998779296875,396.45001220703125,397.2349853515625,3663814
1773858600,397.19000244140625,397.5799865722656,394.1600036621094,394.6789855957031,5280873
1773862200,394.67999267578125,394.8500061035156,392.30999755859375,392.8500061035156,3725580
1773927000,387.2049865722656,387.2049865722656,379.72320556640625,380.6499938964844,14152971
1773930600,380.6400146484375,384.2200012207031,380.239990234375,383.0199890136719,7620935
1773934200,383.05999755859375,383.6499938964844,380.82000732421875,381.8800048828125,5041379
1773937800,381.9100036621094,382.6300048828125,380.20001220703125,381.6400146484375,4475703
1773941400,381.6451110839844,382.8999938964844,380.6239929199219,381.4200134277344,3762912
1773945000,381.4200134277344,384.95001220703125,378.7300109863281,382.6600036621094,7602156
1773948600,382.67999267578125,382.8599853515625,380.04998779296875,380.239990234375,4176750
1774013400,379.3900146484375,379.8900146484375,369.8999938964844,372.3500061035156,21086415
1774017000,372.3301086425781,376.06500244140625,371.8900146484375,374.4901123046875,10113336
1774020600,374.4800109863281,376.9599914550781,374.25,376.4800109863281,6533783
1774024200,376.5,376.5299987792969,372.6900939941406,372.8599853515625,6417565
1774027800,372.87969970703125,373.1099853515625,369.0705871582031,369.69500732421875,7365566
1774031400,369.6600036621094,370.19000244140625,365.79998779296875,366.1899108886719,8577533
1774035000,366.19000244140625,368.07000732421875,364.4601135253906,367.9700012207031,9344546
1774272600,373.0849914550781,384.0,372.7300109863281,383.3609924316406,24058635
1774276200,383.3800048828125,385.3299865722656,382.3100891113281,383.4700012207031,10346233
1774279800,383.5,383.8800048828125,377.3070068359375,377.3900146484375,10920434
1774283400,377.3599853515625,379.5400085449219,376.4700012207031,377.5899963378906,6643910
1774287000,377.6700134277344,380.9195861816406,377.5899963378906,379.70001220703125,6165241
1774290600,379.70001220703125,382.25,379.5799865722656,381.25,6161024
1774294200,381.2550048828125,381.92999267578125,380.2200012207031,380.8500061035156,4840792
1774359000,376.69500732421875,386.3699951171875,376.30999755859375,384.55999755859375,17068790
1774362600,384.55999755859375,387.4700012207031,382.7200012207031,383.9599914550781,9783418
1774366200,383.92999267578125,384.45001220703125,381.67999267578125,384.1199951171875,6453264
1774369800,384.0899963378906,384.2900085449219,380.5508117675781,381.4100036621094,5145872
1774373400,381.3900146484375,383.7900085449219,379.67999267578125,383.4200134277344,6219491
1774377000,383.4200134277344,386.45001220703125,382.8399963378906,384.04998779296875,7368251
1774380600,384.0299987792969,384.8599853515625,382.29998779296875,383.1099853515625,4587433
1774445400,389.989990234375,396.2200012207031,389.2799987792969,393.8299865722656,16490321
1774449000,393.9800109863281,394.80999755859375,389.260009765625,392.6000061035156,8187843
1774452600,392.6000061035156,393.0409851074219,387.6000061035156,389.1099853515625,7738437
1774456200,389.1099853515625,390.1600036621094,387.8450012207031,388.2950134277344,5177004
1774459800,388.30999755859375,389.75,387.3399963378906,387.659912109375,5317171
1774463400,387.6510925292969,387.8699951171875,385.07501220703125,385.489990234375,6304054
1774467000,385.4700012207031,386.5,385.010009765625,385.94000244140625,3492460
1774531800,381.8299865722656,384.44000244140625,379.4800109863281,381.2170104980469,12983305
1774535400,381.210693359375,382.6099853515625,377.9800109863281,380.0,8009495
1774539000,380.010009765625,381.0899963378906,376.9599914550781,377.2200927734375,6390670
1774542600,377.25,378.09991455078125,376.32000732421875,377.0199890136719,5050209
1774546200,377.010009765625,377.7099914550781,374.4100036621094,374.75,6082779
1774549800,374.7699890136719,375.8399963378906,372.5101013183594,373.1449890136719,6762055
1774553400,373.1449890136719,374.0,371.8699951171875,372.239990234375,5288892
1774618200,369.69000244140625,369.8599853515625,361.3699951171875,363.1199951171875,15970750
1774621800,363.0751037597656,367.277587890625,363.010009765625,367.2300109863281,8647700
1774625400,367.260009765625,368.3299865722656,364.20001220703125,364.45001220703125,5823162
1774629000,364.44000244140625,364.7200012207031,361.7699890136719,361.7860107421875,6502396
1774632600,361.82000732421875,362.5,359.5299987792969,360.7200927734375,7979353
1774636200,360.7349853515625,362.1400146484375,359.4700012207031,361.3399963378906,7056637
1774639800,361.3800048828125,362.6199951171875,360.2300109863281,361.760009765625,5862853
1774877400,365.8599853515625,367.2799072265625,362.0400085449219,362.9800109863281,13881291
1774881000,362.94500732421875,365.4700012207031,360.7099914550781,361.8999938964844,9021092
1774884600,361.9649963378906,364.6499938964844,360.05010986328125,360.2200012207031,6840662
1774888200,360.17999267578125,360.9200134277344,357.4800109863281,357.6449890136719,7888377
1774891800,357.6199951171875,358.0799865722656,355.2250061035156,355.5899963378906,6865447
1774895400,355.5899963378906,356.3900146484375,352.3999938964844,352.6700134277344,10843883
1774899000,352.6925048828125,355.6400146484375,352.1400146484375,355.2799987792969,6286795
1774963800,361.6199951171875,365.9800109863281,361.239990234375,365.7900085449219,16808670
1774967400,365.7799987792969,366.1000061035156,361.7200012207031,364.1400146484375,9151406
1774971000,364.1400146484375,365.489990234375,362.3800048828125,365.1700134277344,5775699
1774974600,365.2099914550781,372.70001220703125,364.7900085449219,369.9599914550781,11268358
1774978200,369.94000244140625,371.6000061035156,368.010009765625,371.3699951171875,6777192
1774981800,371.3500061035156,373.3299865722656,370.9800109863281,372.1600036621094,7456385
1774985400,372.1700134277344,373.25,370.7101135253906,371.75,6081555
1775050200,378.7699890136719,379.1400146484375,374.0799865722656,378.510009765625,15439112
1775053800,378.5299987792969,382.4800109863281,376.95001220703125,380.9100036621094,9889207
1775057400,380.9200134277344,383.1400146484375,380.43499755859375,381.5400085449219,5982944
1775061000,381.57000732421875,382.239990234375,380.6400146484375,381.08990478515625,4038937
1775064600,381.07000732421875,381.71099853515625,377.0799865722656,377.6000061035156,5759894
1775068200,377.6099853515625,380.82989501953125,377.0199890136719,380.5159912109375,6192489
1775071800,380.5299987792969,381.5299987792969,379.54998779296875,381.32000732421875,5475774
1775136600,364.0273132324219,369.92999267578125,363.6499938964844,366.1199951171875,20650883
1775140200,366.1000061035156,370.260009765625,364.2099914550781,366.0199890136719,11620662
1775143800,366.0400085449219,366.94000244140625,363.8949890136719,364.385009765625,6810873
1775147400,364.3500061035156,366.2900085449219,363.3800048828125,365.010009765625,6694316
1775151000,365.0299987792969,365.1015930175781,359.1401062011719,359.4493103027344,12067539
1775154600,359.44000244140625,360.9700012207031,359.0299987792969,359.5600891113281,8141050
1775158200,359.5950012207031,361.489990234375,359.54998779296875,360.54998779296875,6607449
1775482200,364.67999267578125,367.70001220703125,357.6000061035156,358.989990234375,16467610
1775485800,358.9999084472656,360.19000244140625,352.92999267578125,353.3800048828125,11100953
1775489400,353.3900146484375,354.54998779296875,351.25,352.0802917480469,9814881
1775493000,352.04998779296875,352.25,346.6400146484375,348.875,11693970
1775496600,348.8999938964844,349.6199951171875,347.1000061035156,348.3399963378906,8145446
1775500200,348.32501220703125,351.9800109863281,348.1300048828125,351.70001220703125,9158480
1775503800,351.7049865722656,353.0799865722656,351.1000061035156,352.7900085449219,6708572
1775568600,347.4150085449219,348.0199890136719,340.239990234375,341.8599853515625,20066619
1775572200,341.8599853515625,342.79998779296875,337.239990234375,339.0299987792969,12619351
1775575800,339.05999755859375,342.21929931640625,338.17999267578125,341.7550048828125,8000293
1775579400,341.7099914550781,343.1099853515625,340.7799987792969,341.8595886230469,5659839
1775583000,341.8800048828125,344.5199890136719,341.32000732421875,342.510009765625,6086120
1775586600,342.5299987792969,343.9200134277344,339.17999267578125,342.2829895019531,7507041
1775590200,342.2099914550781,346.75,341.7799987792969,346.55999755859375,5737502
1775655000,363.7950134277344,364.5,347.55999755859375,347.860107421875,23940544
1775658600,347.8800048828125,349.7200012207031,345.5,345.8900146484375,11407735
1775662200,345.9100036621094,349.239990234375,345.2099914550781,346.9400939941406,8758327
1775665800,346.9700012207031,348.7300109863281,346.5799865722656,347.4649963378906,6394424
1775669400,347.4549865722656,348.54998779296875,343.54998779296875,343.614990234375,7542597
1775673000,343.6300048828125,343.7799072265625,339.6700134277344,341.5480041503906,10089891
1775676600,341.489990234375,343.5,341.20001220703125,343.239990234375,6007518
1775741400,343.0329895019531,345.57989501953125,337.25,339.8399963378906,17145405
1775745000,339.8299865722656,343.71990966796875,338.7701110839844,340.2300109863281,9937122
1775748600,340.17999267578125,348.8800048828125,339.9100036621094,347.9585876464844,9951860
1775752200,347.94000244140625,348.239990234375,345.4100036621094,347.7300109863281,5723281
1775755800,347.739990234375,348.8500061035156,345.0700988769531,345.69500732421875,6008316
1775759400,345.69000244140625,346.5799865722656,344.489990234375,345.6000061035156,5991248
1775763000,345.614990234375,346.4700012207031,344.7401123046875,345.5899963378906,3934539
1775827800,346.2850036621094,350.3599853515625,344.6400146484375,346.55010986328125,13754020
1775831400,346.5799865722656,348.04998779296875,345.3299865722656,345.55999755859375,6986501
1775835000,345.6000061035156,345.92840576171875,343.3299865722656,344.0199890136719,6843223
1775838600,344.0249938964844,344.8399963378906,342.739990234375,343.989990234375,4746637
1775842200,343.95001220703125,347.25,343.65008544921875,346.9100036621094,5496139
1775845800,346.90509033203125,347.0090026855469,345.07000732421875,346.0679931640625,4849547
1775849400,346.0199890136719,349.0,345.95001220703125,348.8949890136719,4720919
1776087000,349.8924865722656,356.3500061035156,348.57000732421875,351.75,16270378
1776090600,351.7778015136719,353.2749938964844,349.7500915527344,350.3125915527344,7771954
1776094200,350.3299865722656,353.3299865722656,349.9599914550781,353.07501220703125,5233904
1776097800,353.0751037597656,354.57989501953125,351.70001220703125,354.4399108886719,5940828
1776101400,354.4200134277344,354.70001220703125,351.8699951171875,352.1700134277344,4658079
1776105000,352.1650085449219,352.2200012207031,350.2601013183594,351.42498779296875,5004231
1776108600,351.4049987792969,352.739990234375,350.6700134277344,352.4049987792969,4428146
1776173400,357.3550109863281,363.20001220703125,354.7699890136719,362.989990234375,16725044
1776177000,362.9800109863281,364.0400085449219,360.8999938964844,362.82501220703125,8509165
1776180600,362.82000732421875,367.489990234375,362.80999755859375,367.2550048828125,7478013
1776184200,367.24139404296875,367.6300048828125,364.3599853515625,365.2099914550781,6281965
1776187800,365.2099914550781,365.8699951171875,362.5400085449219,363.614990234375,4963515
1776191400,363.6199951171875,365.7298889160156,363.30999755859375,365.5870056152344,4811291
1776195000,365.6000061035156,365.6000061035156,363.4700012207031,364.1600036621094,4196039
1776259800,366.7950134277344,377.7149963378906,362.5,376.6700134277344,22129354
1776263400,376.70001220703125,389.54998779296875,376.2799987792969,388.52490234375,19934298
1776267000,388.57000732421875,394.4798889160156,387.6000061035156,392.9599914550781,21275563
1776270600,392.92999267578125,393.1499938964844,386.1000061035156,387.3500061035156,13738812
1776274200,387.3500061035156,390.7900085449219,386.7200927734375,390.07501220703125,9664845
1776277800,390.0802001953125,392.7698974609375,389.0,392.5,9381655
1776281400,392.4501037597656,394.6499938964844,391.45001220703125,392.0299987792969,9171728
1776346200,393.80999755859375,394.0,381.79998779296875,385.739990234375,22707633
1776349800,385.79998779296875,389.45001220703125,383.9200134277344,387.8949890136719,9847163
1776353400,387.79998779296875,390.67999267578125,387.4100036621094,389.764404296875,6820470
1776357000,389.7699890136719,389.8800048828125,386.70001220703125,388.55499267578125,5508295
1776360600,388.5199890136719,389.0,385.2001037597656,385.88720703125,5126233
1776364200,385.9071960449219,388.5400085449219,385.8800048828125,387.3699951171875,4814910
1776367800,387.375,389.989990234375,387.20001220703125,388.7900085449219,4402399
1776432600,395.9200134277344,399.04998779296875,391.6499938964844,396.5306091308594,20397410
1776436200,396.6000061035156,409.2799987792969,396.4599914550781,408.1300048828125,22853031
1776439800,408.135009765625,409.1000061035156,405.17999267578125,407.1199951171875,12914552
1776443400,407.1687927246094,407.9700012207031,400.57000732421875,401.5400085449219,8641358
1776447000,401.5199890136719,402.70001220703125,399.45001220703125,400.6600036621094,8281959
1776450600,400.7250061035156,403.0899963378906,400.2900085449219,401.79998779296875,7624231
1776454200,401.7799987792969,402.6199951171875,399.8299865722656,400.6600036621094,5311579
1776691800,402.5799865722656,406.79998779296875,392.0299987792969,392.989990234375,21565375
1776695400,393.0098876953125,394.8399963378906,388.3299865722656,393.25,12525906
1776699000,393.2099914550781,393.239990234375,390.29998779296875,392.45001220703125,7029758
1776702600,392.4599914550781,393.1698913574219,390.7799987792969,391.9599914550781,5080991
1776706200,391.9800109863281,393.3500061035156,391.69000244140625,392.9100036621094,4973314
1776709800,392.90008544921875,393.0498962402344,390.4800109863281,392.2699890136719,5461892
1776713400,392.29998779296875,393.510009765625,392.20001220703125,392.4599914550781,4260155
1776778200,393.04998779296875,393.95001220703125,389.0799865722656,392.2349853515625,13280966
1776781800,392.2005920410156,393.20001220703125,387.67999267578125,390.5249938964844,8598510
1776785400,390.4700012207031,391.32000732421875,388.0,388.3689880371094,5050425
1776789000,388.3399963378906,389.53509521484375,385.2200927734375,385.8399963378906,6346929
1776792600,385.8599853515625,390.1138000488281,385.82000732421875,389.05499267578125,5610215
1776796200,389.05499267578125,390.6000061035156,387.79998779296875,390.06500244140625,4577407
1776799800,390.0899963378906,390.3500061035156,385.82000732421875,386.4800109863281,4299665
1776864600,387.55999755859375,392.7799987792969,385.29998779296875,392.75830078125,13071936
1776868200,392.7013854980469,393.0,389.0899963378906,389.614990234375,6488881
1776871800,389.6300048828125,391.54998779296875,389.590087890625,389.8999938964844,5545700
1776875400,389.8800048828125,390.82000732421875,388.6001892089844,390.4649963378906,4781167
1776879000,390.4649963378906,390.739990234375,388.32000732421875,388.42498779296875,3960454
1776882600,388.45001220703125,389.659912109375,387.3999938964844,389.2388000488281,5338993
1776886200,389.2149963378906,389.7699890136719,386.80999755859375,387.20001220703125,5837654
1776951000,375.4849853515625,385.3382873535156,368.3901062011719,369.0899963378906,34651580
1776954600,369.1099853515625,378.75,368.7200012207031,377.4750061035156,13595504
1776958200,377.5,380.94989013671875,376.7200012207031,379.25,9806580
1776961800,379.25,380.94989013671875,372.0799865722656,372.8999938964844,9664757
1776965400,372.95001220703125,375.0450134277344,369.760009765625,374.0799865722656,8856225
1776969000,374.0801086425781,375.20001220703125,371.60009765625,373.9599914550781,5535844
1776972600,373.9700012207031,374.260009765625,372.3315124511719,373.6300048828125,4210319
1777037400,373.260009765625,382.760009765625,370.7349853515625,373.67999267578125,21246676
1777041000,373.7152099609375,377.5,372.44000244140625,375.9800109863281,8237145
1777044600,375.9700012207031,376.7799987792969,372.35009765625,374.0299987792969,6753205
1777048200,374.05999755859375,376.5299987792969,373.0400085449219,375.55999755859375,5857231
1777051800,375.5400085449219,377.1000061035156,374.6499938964844,375.18890380859375,6111344
1777055400,375.17498779296875,377.2300109863281,375.0799865722656,376.70001220703125,5003142
1777059000,376.7149963378906,377.8399963378906,376.1600036621094,376.1600036621094,4564842
1777296600,372.1700134277344,372.1700134277344,364.75,367.25,16805521
1777300200,367.25,369.0,364.0199890136719,365.95001220703125,9891777
1777303800,365.96990966796875,371.8299865722656,365.8100891113281,371.7900085449219,8650993
1777307400,371.7799072265625,377.9599914550781,371.3500061035156,377.6492919921875,9453045
1777311000,377.6499938964844,380.7799987792969,377.5299987792969,378.7699890136719,8850339
1777314600,378.7799072265625,380.010009765625,377.44000244140625,379.05999755859375,6307769
1777318200,379.07000732421875,379.9599914550781,378.5,378.70001220703125,4147136
1777383000,374.625,382.2900085449219,372.5400085449219,377.79998779296875,16996899
1777386600,377.8399963378906,378.29998779296875,373.54998779296875,374.989990234375,9253619
1777390200,374.989990234375,375.95001220703125,374.0950012207031,375.0899963378906,4547176
1777393800,375.07000732421875,377.35760498046875,374.54998779296875,376.30999755859375,4207884
1777397400,376.30999755859375,377.635009765625,375.3299865722656,377.510009765625,3399450
1777401000,377.5249938964844,378.7049865722656,376.29998779296875,377.3399963378906,5536239
1777404600,377.31500244140625,377.4093933105469,375.92999267578125,375.95001220703125,2989463
1777469400,374.7601013183594,376.3999938964844,371.29010009765625,373.39990234375,12109149
1777473000,373.3599853515625,374.3764953613281,370.4200134277344,374.1400146484375,7256749
1777476600,374.1199951171875,374.5669860839844,370.0400085449219,371.55499267578125,5623329
1777480200,371.5299987792969,373.8500061035156,370.52020263671875,373.20001220703125,3840281
1777483800,373.239990234375,373.6000061035156,370.510009765625,371.4150085449219,4288127
1777487400,371.42999267578125,374.82000732421875,370.4599914550781,373.92999267578125,5518352
1777491000,373.8999938964844,374.0047912597656,372.2099914550781,372.79998779296875,3124371
1777555800,370.8599853515625,372.3139953613281,368.1700134277344,370.5050048828125,10839471
1777559400,370.44000244140625,378.69000244140625,370.1199951171875,378.4700012207031,9880914
1777563000,378.5,380.1199951171875,376.70001220703125,377.67999267578125,5818588
1777566600,377.67498779296875,379.20001220703125,376.6700134277344,378.52508544921875,3838580
1777570200,378.5199890136719,381.3800048828125,378.5,381.1499938964844,4237777
1777573800,381.156005859375,384.75,380.82000732421875,383.95001220703125,6416366
1777577400,383.94000244140625,383.9599914550781,380.6300048828125,381.5299987792969,4871592
1777642200,382.4750061035156,388.4198913574219,378.9100036621094,388.0950012207031,14418647
1777645800,388.0950012207031,393.1499938964844,385.0199890136719,392.6549987792969,11668980
1777649400,392.70001220703125,396.4985046386719,392.3399963378906,395.4750061035156,11428245
1777653000,395.4750061035156,396.0,391.010009765625,395.2200012207031,5590762
1777656600,395.2300109863281,397.82110595703125,394.8800048828125,396.3800048828125,6389294
1777660200,396.4200134277344,396.42498779296875,393.69000244140625,394.3999938964844,5744155
1777663800,394.3999938964844,394.5498962402344,390.1499938964844,390.6600036621094,6045562
1777901400,390.05999755859375,394.6400146484375,387.3999938964844,388.9700012207031,14377221
1777905000,388.8699951171875,392.44989013671875,385.8323974609375,388.760009765625,7432017
1777908600,388.7699890136719,389.1299133300781,384.8004150390625,387.43499755859375,6061125
1777912200,387.40008544921875,394.260009765625,387.1400146484375,393.2699890136719,6021958
1777915800,393.3299865722656,394.0199890136719,390.8299865722656,392.42120361328125,4773856
1777919400,392.4700012207031,393.8599853515625,390.6300048828125,393.0849914550781,4611165
1777923000,393.1099853515625,393.2900085449219,391.8500061035156,392.57501220703125,2933857
1777987800,395.18499755859375,402.0899963378906,393.9100036621094,394.4599914550781,17040715
1777991400,394.44000244140625,395.55999755859375,391.53009033203125,394.0,7070320
1777995000,394.0,395.3599853515625,389.0,389.6127014160156,6607759
1777998600,389.6199951171875,392.4898986816406,389.2200012207031,392.0849914550781,3776437
1778002200,392.07000732421875,393.1698913574219,391.1600036621094,391.79998779296875,3272722
1778005800,391.75,392.6000061035156,390.20001220703125,392.1199951171875,3027046
1778009400,392.1199951171875,392.45001220703125,389.1499938964844,389.3500061035156,3049459
1778074200,386.05999755859375,394.5172119140625,384.0199890136719,393.5199890136719,12702730
1778077800,393.5249938964844,394.0799865722656,391.07000732421875,392.9110107421875,5210172
1778081400,392.94500732421875,398.0299072265625,391.4093933105469,397.1700134277344,6841690
1778085000,397.1700134277344,399.75,395.7204895019531,398.6000061035156,5446496
1778088600,398.6112060546875,401.1700134277344,396.6199951171875,400.875,6132725
1778092200,400.8367919921875,401.67999267578125,399.07000732421875,400.760009765625,5713536
1778095800,400.7710876464844,400.7710876464844,398.2101135253906,398.5199890136719,4688675
1778160600,407.5199890136719,414.3999938964844,406.9100036621094,411.1199951171875,20243634
1778164200,411.25,415.8299865722656,407.8999938964844,408.7900085449219,9688755
1778167800,408.8900146484375,411.29998779296875,403.55999755859375,407.1300048828125,7087693
1778171400,407.1549987792969,409.6199951171875,404.3999938964844,405.7250061035156,6082706
1778175000,405.7799987792969,408.0,404.7900085449219,405.875,3742743
1778178600,406.205810546875,406.70001220703125,402.1199951171875,405.364990234375,4612584
1778182200,405.3999938964844,411.9200134277344,405.2099914550781,411.79998779296875,5895381
1778247000,417.42999267578125,429.8500061035156,416.3900146484375,425.04998779296875,22399162
1778250600,425.0400085449219,430.70001220703125,422.8900146484375,428.7030944824219,10757834
1778254200,428.70001220703125,431.20001220703125,426.9800109863281,428.5299987792969,6782336
1778257800,428.5299987792969,429.20001220703125,426.3299865722656,426.989990234375,4241597
1778261400,426.989990234375,428.95001220703125,425.4800109863281,428.6499938964844,4701495
1778265000,428.6000061035156,429.4591979980469,425.30999755859375,425.3399963378906,5202746
1778268600,425.3301086425781,428.6199951171875,424.3800048828125,428.32000732421875,5719567
1778506200,422.1600036621094,425.70001220703125,417.70001220703125,417.885009765625,13835473
1778509800,417.8900146484375,436.25,416.79998779296875,435.6099853515625,14373298
1778513400,435.6099853515625,441.6499938964844,434.82000732421875,439.9200134277344,13205956
1778517000,439.8500061035156,443.3599853515625,437.7701110839844,440.0450134277344,8076924
1778520600,440.0199890136719,447.45001220703125,439.340087890625,446.9049987792969,8885835
1778524200,446.8500061035156,449.1600036621094,444.3599853515625,445.3550109863281,8710116
1778527800,445.3349914550781,447.3999938964844,442.42999267578125,445.0299987792969,5465946
1778592600,441.4100036621094,447.79998779296875,435.0799865722656,435.19000244140625,16788236
1778596200,435.1600036621094,436.5,426.3999938964844,426.69000244140625,10255139
1778599800,426.70001220703125,429.92999267578125,424.6000061035156,425.82000732421875,6584661
1778603400,425.7799987792969,428.3900146484375,422.260009765625,426.8100891113281,6824820
1778607000,426.8399963378906,430.29998779296875,425.67950439453125,429.7349853515625,4894783
1778610600,429.7300109863281,433.489990234375,429.110107421875,433.239990234375,5853820
1778614200,433.2799072265625,435.7799987792969,433.0,433.45001220703125,4783012
1778679000,436.67999267578125,443.2998962402344,430.2099914550781,442.5350036621094,15230568
1778682600,442.42999267578125,451.4700012207031,442.1000061035156,450.6300048828125,15702044
1778686200,450.54998779296875,453.3999938964844,446.6000061035156,451.2200012207031,9960303
1778689800,451.1700134277344,452.29998779296875,448.04998779296875,448.3599853515625,5633045
1778693400,448.29998779296875,451.3800048828125,446.8999938964844,447.20001220703125,5672485
1778697000,447.1499938964844,448.3500061035156,444.0299987792969,444.55010986328125,5704523
1778700600,444.6099853515625,445.69000244140625,443.5,445.18499755859375,4088601
1778765400,446.42498779296875,446.7998962402344,441.1600036621094,442.2898864746094,13829274
1778769000,442.260009765625,447.739990234375,441.8500061035156,446.6900939941406,6843304
1778772600,446.6499938964844,451.9700012207031,446.19000244140625,448.92010498046875,6963290
1778776200,448.9649963378906,449.5400085449219,443.6000061035156,444.79998779296875,5402451
1778779800,444.81689453125,447.1799011230469,443.42999267578125,443.6600036621094,3817892
1778783400,443.69989013671875,445.92999267578125,443.1199951171875,443.2799987792969,3257301
1778787000,443.239990234375,444.3800048828125,442.5299987792969,443.17999267578125,2555916
1778851800,434.0950012207031,434.6600036621094,425.04998779296875,426.5653076171875,16080151
1778855400,426.510009765625,428.31988525390625,424.3299865722656,425.80499267578125,6324755
1778859000,425.8800048828125,427.70001220703125,423.70001220703125,424.6499938964844,5281622
1778862600,424.6300048828125,428.7499084472656,423.42999267578125,428.4599914550781,5140579
1778866200,428.44000244140625,429.3599853515625,425.5199890136719,425.7149963378906,4453897
1778869800,425.739990234375,426.5799865722656,422.70001220703125,423.04998779296875,4978033
1778873400,423.02178955078125,424.83990478515625,422.0,422.1300048828125,4577046
1779111000,419.3550109863281,421.1300048828125,411.010986328125,413.8800048828125,14130528
1779114600,413.9150085449219,414.5498962402344,408.239990234375,408.3399963378906,8803134
1779118200,408.25,414.5799865722656,407.8601989746094,409.4100036621094,5672912
1779121800,409.4599914550781,412.42999267578125,408.6700134277344,410.0382995605469,4246904
1779125400,409.9599914550781,410.04998779296875,405.70001220703125,407.05999755859375,5542123
1779129000,407.1000061035156,411.260009765625,405.3299865722656,408.489990234375,5417719
1779132600,408.4649963378906,410.9700012207031,408.25,410.07000732421875,3847755
1779197400,403.25,404.75,395.3999938964844,395.82501220703125,14386170
1779201000,395.8900146484375,398.1300048828125,393.6300048828125,397.510009765625,6976738
1779204600,397.510009765625,398.7099914550781,396.010009765625,396.8406982421875,4428082
1779208200,396.7699890136719,403.75,396.17999267578125,403.0799865722656,5924385
1779211800,403.0899963378906,405.5,402.3699951171875,404.7850036621094,4124803
1779215400,404.79998779296875,405.6300048828125,402.2900085449219,404.0899963378906,3988786
1779219000,404.1000061035156,404.8876037597656,403.20001220703125,404.1600036621094,2758627
1779283800,407.6449890136719,413.8999938964844,406.3900146484375,408.010009765625,12782437
1779287400,408.010009765625,412.9798889160156,408.0,412.3900146484375,6640430
1779291000,412.3900146484375,414.25,411.05999755859375,411.8800048828125,4306085
1779294600,411.8999938964844,414.2099914550781,411.5600891113281,413.8999938964844,3195366
1779298200,413.92999267578125,415.1499938964844,411.80999755859375,412.8399963378906,3406029
1779301800,412.8500061035156,414.44000244140625,412.75,413.57000732421875,2961619
1779305400,413.54998779296875,417.4599914550781,412.55999755859375,417.2699890136719,4624668
1779370200,422.2449951171875,426.95001220703125,412.8999938964844,414.32989501953125,14047630
1779373800,414.2900085449219,417.9591064453125,413.3500061035156,417.4649963378906,5788326
1779377400,417.5,418.4200134277344,415.3900146484375,416.82000732421875,3646387
1779381000,416.82000732421875,422.45989990234375,416.2799987792969,421.25,5189429
1779384600,421.32000732421875,423.4497985839844,420.3912048339844,420.4599914550781,4132548
1779388200,420.4100036621094,421.1400146484375,416.8999938964844,418.20001220703125,4113688
1779391800,418.1499938964844,420.0,417.5520935058594,417.7500915527344,3070019
1779456600,422.6650085449219,427.239990234375,420.510009765625,424.625,11223615
1779460200,424.6700134277344,430.8299865722656,424.6300048828125,428.639892578125,9393523
1779463800,428.6400146484375,431.07000732421875,426.052001953125,427.54998779296875,5872339
1779467400,427.54998779296875,429.7900085449219,426.3599853515625,429.7799987792969,3721309
1779471000,429.7300109863281,431.510009765625,426.94000244140625,427.92999267578125,5201027
1779474600,427.989990234375,429.81988525390625,425.4400939941406,425.875,4051463
1779478200,425.8900146484375,426.5,423.8699951171875,425.9482116699219,3328270
